-------------------------------------------

    ####    #   #   #####    ####    #####
   #    #   ##  #     #     #    #   #    #
   #    #   # # #     #     #    #   #####
   #    #   #  ##     #     #    #   #
    ####    #   #     #      ####    #

   v5.6.0-SNAPSHOT
   (Java 17.0.19, Linux 6.8.0-137-generic)
-------------------------------------------




12:10:32.469 |-INFO  in i.u.i.o.e.OntopEndpointApplication - Starting OntopEndpointApplication v5.6.0-SNAPSHOT using Java 17.0.19 on 3aec7f05a132 with PID 1 (/opt/ontop/lib/ontop-endpoint-5.6.0-SNAPSHOT.jar started by root in /opt/ontop)
12:10:32.471 |-INFO  in i.u.i.o.e.OntopEndpointApplication - No active profile set, falling back to 1 default profile: "default"
12:10:32.957 |-INFO  in o.s.b.w.e.tomcat.TomcatWebServer - Tomcat initialized with port(s): 8080 (http)
12:10:32.961 |-INFO  in o.a.coyote.http11.Http11NioProtocol - Initializing ProtocolHandler ["http-nio-8080"]
12:10:32.962 |-INFO  in o.a.catalina.core.StandardService - Starting service [Tomcat]
12:10:32.962 |-INFO  in o.a.catalina.core.StandardEngine - Starting Servlet engine: [Apache Tomcat/9.0.117]
12:10:33.009 |-INFO  in o.a.c.c.C.[Tomcat].[localhost].[/] - Initializing Spring embedded WebApplicationContext
12:10:33.009 |-INFO  in o.s.b.w.s.c.ServletWebServerApplicationContext - Root WebApplicationContext: initialization completed in 519 ms
12:10:33.640 |-INFO  in i.u.i.o.d.i.AbstractDBMetadataProvider - FAILED TO PARSE: SELECT ID,FNAME FROM PERSON ! Unable to parse SQL: SELECT ID,FNAME FROM PERSON !
                                                ^
net.sf.jsqlparser.parser.ParseException: Encountered unexpected token: "!" "!"
    at line 1, column 29.

Was expecting one of:

    ";"
    "ACTION"
    "ACTIVE"
    "ALGORITHM"
    "ARCHIVE"
    "ARRAY"
    "AS"
    "AT"
    "BYTE"
    "CASCADE"
    "CASE"
    "CAST"
    "CHANGE"
    "CHAR"
    "CHARACTER"
    "CHECKPOINT"
    "COLUMN"
    "COLUMNS"
    "COMMENT"
    "COMMIT"
    "CONNECT"
    "COSTS"
    "CYCLE"
    "DBA_RECYCLEBIN"
    "DEFAULT"
    "DESC"
    "DESCRIBE"
    "DISABLE"
    "DISCONNECT"
    "DIV"
    "DO"
    "DUMP"
    "DUPLICATE"
    "EMIT"
    "ENABLE"
    "END"
    "EXCLUDE"
    "EXTRACT"
    "FALSE"
    "FILTER"
    "FIRST"
    "FLUSH"
    "FN"
    "FOLLOWING"
    "FORMAT"
    "FULLTEXT"
    "GROUP"
    "HAVING"
    "HISTORY"
    "INDEX"
    "INSERT"
    "INTERVAL"
    "ISNULL"
    "JSON"
    "KEY"
    "LAST"
    "LEADING"
    "LINK"
    "LOCAL"
    "LOG"
    "MATERIALIZED"
    "NO"
    "NOLOCK"
    "NULLS"
    "OF"
    "OPEN"
    "OVER"
    "PARALLEL"
    "PARTITION"
    "PATH"
    "PERCENT"
    "PIVOT"
    "PRECISION"
    "PRIMARY"
    "PRIOR"
    "QUERY"
    "QUIESCE"
    "RANGE"
    "READ"
    "RECYCLEBIN"
    "REGISTER"
    "REPLACE"
    "RESTRICTED"
    "RESUME"
    "ROW"
    "ROWS"
    "SCHEMA"
    "SEPARATOR"
    "SEQUENCE"
    "SESSION"
    "SHUTDOWN"
    "SIBLINGS"
    "SIGNED"
    "SIZE"
    "SKIP"
    "START"
    "SUSPEND"
    "SWITCH"
    "SYNONYM"
    "SYSTEM"
    "TABLE"
    "TABLESPACE"
    "TEMP"
    "TEMPORARY"
    "TIMEOUT"
    "TO"
    "TOP"
    "TRUE"
    "TRUNCATE"
    "TRY_CAST"
    "TYPE"
    "UNQIESCE"
    "UNSIGNED"
    "USER"
    "VALIDATE"
    "VALUE"
    "VALUES"
    "VIEW"
    "WINDOW"
    "XML"
    "ZONE"
    <EOF>
    <K_DATETIMELITERAL>
    <K_DATE_LITERAL>
    <K_NEXTVAL>
    <K_STRING_FUNCTION_NAME>
    <S_CHAR_LITERAL>
    <S_IDENTIFIER>
    <S_QUOTED_IDENTIFIER>

12:10:33.712 |-INFO  in i.u.i.o.a.impl.OntopQueryEngineImpl - Ontop has completed the setup and it is ready for query answering!
12:10:33.712 |-INFO  in i.u.i.o.r.r.i.OntopVirtualRepository - Ontop virtual repository initialized successfully!
12:10:33.894 |-INFO  in o.s.b.a.e.web.EndpointLinksResolver - Exposing 1 endpoint(s) beneath base path '/actuator'
12:10:33.907 |-INFO  in o.a.coyote.http11.Http11NioProtocol - Starting ProtocolHandler ["http-nio-8080"]
12:10:33.914 |-INFO  in o.s.b.w.e.tomcat.TomcatWebServer - Tomcat started on port(s): 8080 (http) with context path ''
12:10:33.921 |-INFO  in i.u.i.o.e.OntopEndpointApplication - Started OntopEndpointApplication in 1.582 seconds (JVM running for 1.885)
12:10:34.172 |-INFO  in o.a.c.c.C.[Tomcat].[localhost].[/] - Initializing Spring DispatcherServlet 'dispatcherServlet'
12:10:34.172 |-INFO  in o.s.web.servlet.DispatcherServlet - Initializing Servlet 'dispatcherServlet'
12:10:34.173 |-INFO  in o.s.web.servlet.DispatcherServlet - Completed initialization in 1 ms
12:10:34.278 |-WARN  in i.u.i.o.a.r.impl.QuestQueryProcessor - Unexpected exception: Was expecting a unique and known DB term type to be extracted for the SQL variable id1m1
it.unibz.inf.ontop.exception.MinorOntopInternalBugException: Was expecting a unique and known DB term type to be extracted for the SQL variable id1m1
	at it.unibz.inf.ontop.generation.DefaultSQLIQTree2NativeNodeGenerator.lambda$extractUniqueKnownType$6(DefaultSQLIQTree2NativeNodeGenerator.java:84)
	at java.base/java.util.Optional.orElseThrow(Optional.java:403)
	at it.unibz.inf.ontop.generation.DefaultSQLIQTree2NativeNodeGenerator.extractUniqueKnownType(DefaultSQLIQTree2NativeNodeGenerator.java:84)
	at it.unibz.inf.ontop.generation.DefaultSQLIQTree2NativeNodeGenerator.lambda$extractVariableTypeMap$2(DefaultSQLIQTree2NativeNodeGenerator.java:76)
	at it.unibz.inf.ontop.utils.ImmutableCollectors.lambda$toMap$0(ImmutableCollectors.java:110)
	at java.base/java.util.stream.ReduceOps$3ReducingSink.accept(ReduceOps.java:169)
	at java.base/java.util.Spliterators$ArraySpliterator.forEachRemaining(Spliterators.java:992)
	at java.base/java.util.stream.AbstractPipeline.copyInto(AbstractPipeline.java:509)
	at java.base/java.util.stream.AbstractPipeline.wrapAndCopyInto(AbstractPipeline.java:499)
	at java.base/java.util.stream.ReduceOps$ReduceOp.evaluateSequential(ReduceOps.java:921)
	at java.base/java.util.stream.AbstractPipeline.evaluate(AbstractPipeline.java:234)
	at java.base/java.util.stream.ReferencePipeline.collect(ReferencePipeline.java:682)
	at it.unibz.inf.ontop.generation.DefaultSQLIQTree2NativeNodeGenerator.extractVariableTypeMap(DefaultSQLIQTree2NativeNodeGenerator.java:74)
	at it.unibz.inf.ontop.generation.DefaultSQLIQTree2NativeNodeGenerator.generate(DefaultSQLIQTree2NativeNodeGenerator.java:61)
	at it.unibz.inf.ontop.answering.reformulation.generation.impl.SQLGeneratorImpl.generateSourceQuery(SQLGeneratorImpl.java:156)
	at it.unibz.inf.ontop.answering.reformulation.generation.impl.SQLGeneratorImpl.generateSourceQuery(SQLGeneratorImpl.java:131)
	at it.unibz.inf.ontop.answering.reformulation.generation.impl.SQLGeneratorImpl.generateSourceQuery(SQLGeneratorImpl.java:111)
	at it.unibz.inf.ontop.answering.reformulation.impl.QuestQueryProcessor.generateExecutableQuery(QuestQueryProcessor.java:163)
	at it.unibz.inf.ontop.answering.reformulation.impl.QuestQueryProcessor.reformulateIntoNativeQuery(QuestQueryProcessor.java:123)
	at it.unibz.inf.ontop.answering.connection.impl.QuestStatement.executeBooleanQuery(QuestStatement.java:148)
	at it.unibz.inf.ontop.answering.connection.impl.QuestStatement.lambda$execute$3(QuestStatement.java:227)
	at it.unibz.inf.ontop.answering.connection.impl.QuestStatement$QueryExecutionThread.run(QuestStatement.java:108)
12:10:34.278 |-ERROR in i.u.i.o.a.c.impl.QuestStatement - it.unibz.inf.ontop.exception.MinorOntopInternalBugException: Was expecting a unique and known DB term type to be extracted for the SQL variable id1m1
it.unibz.inf.ontop.exception.OntopReformulationException: it.unibz.inf.ontop.exception.MinorOntopInternalBugException: Was expecting a unique and known DB term type to be extracted for the SQL variable id1m1
	at it.unibz.inf.ontop.answering.reformulation.impl.QuestQueryProcessor.reformulateIntoNativeQuery(QuestQueryProcessor.java:154)
	at it.unibz.inf.ontop.answering.connection.impl.QuestStatement.executeBooleanQuery(QuestStatement.java:148)
	at it.unibz.inf.ontop.answering.connection.impl.QuestStatement.lambda$execute$3(QuestStatement.java:227)
	at it.unibz.inf.ontop.answering.connection.impl.QuestStatement$QueryExecutionThread.run(QuestStatement.java:108)
Caused by: it.unibz.inf.ontop.exception.MinorOntopInternalBugException: Was expecting a unique and known DB term type to be extracted for the SQL variable id1m1
	at it.unibz.inf.ontop.generation.DefaultSQLIQTree2NativeNodeGenerator.lambda$extractUniqueKnownType$6(DefaultSQLIQTree2NativeNodeGenerator.java:84)
	at java.base/java.util.Optional.orElseThrow(Optional.java:403)
	at it.unibz.inf.ontop.generation.DefaultSQLIQTree2NativeNodeGenerator.extractUniqueKnownType(DefaultSQLIQTree2NativeNodeGenerator.java:84)
	at it.unibz.inf.ontop.generation.DefaultSQLIQTree2NativeNodeGenerator.lambda$extractVariableTypeMap$2(DefaultSQLIQTree2NativeNodeGenerator.java:76)
	at it.unibz.inf.ontop.utils.ImmutableCollectors.lambda$toMap$0(ImmutableCollectors.java:110)
	at java.base/java.util.stream.ReduceOps$3ReducingSink.accept(ReduceOps.java:169)
	at java.base/java.util.Spliterators$ArraySpliterator.forEachRemaining(Spliterators.java:992)
	at java.base/java.util.stream.AbstractPipeline.copyInto(AbstractPipeline.java:509)
	at java.base/java.util.stream.AbstractPipeline.wrapAndCopyInto(AbstractPipeline.java:499)
	at java.base/java.util.stream.ReduceOps$ReduceOp.evaluateSequential(ReduceOps.java:921)
	at java.base/java.util.stream.AbstractPipeline.evaluate(AbstractPipeline.java:234)
	at java.base/java.util.stream.ReferencePipeline.collect(ReferencePipeline.java:682)
	at it.unibz.inf.ontop.generation.DefaultSQLIQTree2NativeNodeGenerator.extractVariableTypeMap(DefaultSQLIQTree2NativeNodeGenerator.java:74)
	at it.unibz.inf.ontop.generation.DefaultSQLIQTree2NativeNodeGenerator.generate(DefaultSQLIQTree2NativeNodeGenerator.java:61)
	at it.unibz.inf.ontop.answering.reformulation.generation.impl.SQLGeneratorImpl.generateSourceQuery(SQLGeneratorImpl.java:156)
	at it.unibz.inf.ontop.answering.reformulation.generation.impl.SQLGeneratorImpl.generateSourceQuery(SQLGeneratorImpl.java:131)
	at it.unibz.inf.ontop.answering.reformulation.generation.impl.SQLGeneratorImpl.generateSourceQuery(SQLGeneratorImpl.java:111)
	at it.unibz.inf.ontop.answering.reformulation.impl.QuestQueryProcessor.generateExecutableQuery(QuestQueryProcessor.java:163)
	at it.unibz.inf.ontop.answering.reformulation.impl.QuestQueryProcessor.reformulateIntoNativeQuery(QuestQueryProcessor.java:123)
	... 3 common frames omitted
org.eclipse.rdf4j.query.QueryEvaluationException: it.unibz.inf.ontop.exception.OntopReformulationException: it.unibz.inf.ontop.exception.MinorOntopInternalBugException: Was expecting a unique and known DB term type to be extracted for the SQL variable id1m1
	at it.unibz.inf.ontop.rdf4j.query.impl.OntopBooleanQuery.evaluate(OntopBooleanQuery.java:40)
	at it.unibz.inf.ontop.endpoint.processor.SparqlQueryExecutor.executeQuery(SparqlQueryExecutor.java:77)
	at it.unibz.inf.ontop.endpoint.controllers.SparqlQueryController.query_get(SparqlQueryController.java:42)
	at java.base/jdk.internal.reflect.NativeMethodAccessorImpl.invoke0(Native Method)
	at java.base/jdk.internal.reflect.NativeMethodAccessorImpl.invoke(NativeMethodAccessorImpl.java:77)
	at java.base/jdk.internal.reflect.DelegatingMethodAccessorImpl.invoke(DelegatingMethodAccessorImpl.java:43)
	at java.base/java.lang.reflect.Method.invoke(Method.java:569)
	at org.springframework.web.method.support.InvocableHandlerMethod.doInvoke(InvocableHandlerMethod.java:205)
	at org.springframework.web.method.support.InvocableHandlerMethod.invokeForRequest(InvocableHandlerMethod.java:150)
	at org.springframework.web.servlet.mvc.method.annotation.ServletInvocableHandlerMethod.invokeAndHandle(ServletInvocableHandlerMethod.java:117)
	at org.springframework.web.servlet.mvc.method.annotation.RequestMappingHandlerAdapter.invokeHandlerMethod(RequestMappingHandlerAdapter.java:895)
	at org.springframework.web.servlet.mvc.method.annotation.RequestMappingHandlerAdapter.handleInternal(RequestMappingHandlerAdapter.java:808)
	at org.springframework.web.servlet.mvc.method.AbstractHandlerMethodAdapter.handle(AbstractHandlerMethodAdapter.java:87)
	at org.springframework.web.servlet.DispatcherServlet.doDispatch(DispatcherServlet.java:1072)
	at org.springframework.web.servlet.DispatcherServlet.doService(DispatcherServlet.java:965)
	at org.springframework.web.servlet.FrameworkServlet.processRequest(FrameworkServlet.java:1006)
	at org.springframework.web.servlet.FrameworkServlet.doGet(FrameworkServlet.java:898)
	at javax.servlet.http.HttpServlet.service(HttpServlet.java:529)
	at org.springframework.web.servlet.FrameworkServlet.service(FrameworkServlet.java:883)
	at javax.servlet.http.HttpServlet.service(HttpServlet.java:623)
	at org.apache.catalina.core.ApplicationFilterChain.internalDoFilter(ApplicationFilterChain.java:197)
	at org.apache.catalina.core.ApplicationFilterChain.doFilter(ApplicationFilterChain.java:142)
	at org.apache.tomcat.websocket.server.WsFilter.doFilter(WsFilter.java:51)
	at org.apache.catalina.core.ApplicationFilterChain.internalDoFilter(ApplicationFilterChain.java:166)
	at org.apache.catalina.core.ApplicationFilterChain.doFilter(ApplicationFilterChain.java:142)
	at org.springframework.web.filter.RequestContextFilter.doFilterInternal(RequestContextFilter.java:100)
	at org.springframework.web.filter.OncePerRequestFilter.doFilter(OncePerRequestFilter.java:117)
	at org.apache.catalina.core.ApplicationFilterChain.internalDoFilter(ApplicationFilterChain.java:166)
	at org.apache.catalina.core.ApplicationFilterChain.doFilter(ApplicationFilterChain.java:142)
	at org.springframework.web.filter.FormContentFilter.doFilterInternal(FormContentFilter.java:93)
	at org.springframework.web.filter.OncePerRequestFilter.doFilter(OncePerRequestFilter.java:117)
	at org.apache.catalina.core.ApplicationFilterChain.internalDoFilter(ApplicationFilterChain.java:166)
	at org.apache.catalina.core.ApplicationFilterChain.doFilter(ApplicationFilterChain.java:142)
	at org.springframework.boot.actuate.metrics.web.servlet.WebMvcMetricsFilter.doFilterInternal(WebMvcMetricsFilter.java:96)
	at org.springframework.web.filter.OncePerRequestFilter.doFilter(OncePerRequestFilter.java:117)
	at org.apache.catalina.core.ApplicationFilterChain.internalDoFilter(ApplicationFilterChain.java:166)
	at org.apache.catalina.core.ApplicationFilterChain.doFilter(ApplicationFilterChain.java:142)
	at org.springframework.web.filter.CharacterEncodingFilter.doFilterInternal(CharacterEncodingFilter.java:201)
	at org.springframework.web.filter.OncePerRequestFilter.doFilter(OncePerRequestFilter.java:117)
	at org.apache.catalina.core.ApplicationFilterChain.internalDoFilter(ApplicationFilterChain.java:166)
	at org.apache.catalina.core.ApplicationFilterChain.doFilter(ApplicationFilterChain.java:142)
	at org.apache.catalina.core.StandardWrapperValve.invoke(StandardWrapperValve.java:166)
	at org.apache.catalina.core.StandardContextValve.invoke(StandardContextValve.java:88)
	at org.apache.catalina.authenticator.AuthenticatorBase.invoke(AuthenticatorBase.java:491)
	at org.apache.catalina.core.StandardHostValve.invoke(StandardHostValve.java:127)
	at org.apache.catalina.valves.ErrorReportValve.invoke(ErrorReportValve.java:83)
	at org.apache.catalina.core.StandardEngineValve.invoke(StandardEngineValve.java:72)
	at org.apache.catalina.connector.CoyoteAdapter.service(CoyoteAdapter.java:344)
	at org.apache.coyote.http11.Http11Processor.service(Http11Processor.java:398)
	at org.apache.coyote.AbstractProcessorLight.process(AbstractProcessorLight.java:63)
	at org.apache.coyote.AbstractProtocol$ConnectionHandler.process(AbstractProtocol.java:939)
	at org.apache.tomcat.util.net.NioEndpoint$SocketProcessor.doRun(NioEndpoint.java:1854)
	at org.apache.tomcat.util.net.SocketProcessorBase.run(SocketProcessorBase.java:52)
	at org.apache.tomcat.util.threads.ThreadPoolExecutor.runWorker(ThreadPoolExecutor.java:973)
	at org.apache.tomcat.util.threads.ThreadPoolExecutor$Worker.run(ThreadPoolExecutor.java:491)
	at org.apache.tomcat.util.threads.TaskThread$WrappingRunnable.run(TaskThread.java:63)
	at java.base/java.lang.Thread.run(Thread.java:840)
Caused by: it.unibz.inf.ontop.exception.OntopReformulationException: it.unibz.inf.ontop.exception.MinorOntopInternalBugException: Was expecting a unique and known DB term type to be extracted for the SQL variable id1m1
	at it.unibz.inf.ontop.answering.reformulation.impl.QuestQueryProcessor.reformulateIntoNativeQuery(QuestQueryProcessor.java:154)
	at it.unibz.inf.ontop.answering.connection.impl.QuestStatement.executeBooleanQuery(QuestStatement.java:148)
	at it.unibz.inf.ontop.answering.connection.impl.QuestStatement.lambda$execute$3(QuestStatement.java:227)
	at it.unibz.inf.ontop.answering.connection.impl.QuestStatement$QueryExecutionThread.run(QuestStatement.java:108)
Caused by: it.unibz.inf.ontop.exception.MinorOntopInternalBugException: Was expecting a unique and known DB term type to be extracted for the SQL variable id1m1
	at it.unibz.inf.ontop.generation.DefaultSQLIQTree2NativeNodeGenerator.lambda$extractUniqueKnownType$6(DefaultSQLIQTree2NativeNodeGenerator.java:84)
	at java.base/java.util.Optional.orElseThrow(Optional.java:403)
	at it.unibz.inf.ontop.generation.DefaultSQLIQTree2NativeNodeGenerator.extractUniqueKnownType(DefaultSQLIQTree2NativeNodeGenerator.java:84)
	at it.unibz.inf.ontop.generation.DefaultSQLIQTree2NativeNodeGenerator.lambda$extractVariableTypeMap$2(DefaultSQLIQTree2NativeNodeGenerator.java:76)
	at it.unibz.inf.ontop.utils.ImmutableCollectors.lambda$toMap$0(ImmutableCollectors.java:110)
	at java.base/java.util.stream.ReduceOps$3ReducingSink.accept(ReduceOps.java:169)
	at java.base/java.util.Spliterators$ArraySpliterator.forEachRemaining(Spliterators.java:992)
	at java.base/java.util.stream.AbstractPipeline.copyInto(AbstractPipeline.java:509)
	at java.base/java.util.stream.AbstractPipeline.wrapAndCopyInto(AbstractPipeline.java:499)
	at java.base/java.util.stream.ReduceOps$ReduceOp.evaluateSequential(ReduceOps.java:921)
	at java.base/java.util.stream.AbstractPipeline.evaluate(AbstractPipeline.java:234)
	at java.base/java.util.stream.ReferencePipeline.collect(ReferencePipeline.java:682)
	at it.unibz.inf.ontop.generation.DefaultSQLIQTree2NativeNodeGenerator.extractVariableTypeMap(DefaultSQLIQTree2NativeNodeGenerator.java:74)
	at it.unibz.inf.ontop.generation.DefaultSQLIQTree2NativeNodeGenerator.generate(DefaultSQLIQTree2NativeNodeGenerator.java:61)
	at it.unibz.inf.ontop.answering.reformulation.generation.impl.SQLGeneratorImpl.generateSourceQuery(SQLGeneratorImpl.java:156)
	at it.unibz.inf.ontop.answering.reformulation.generation.impl.SQLGeneratorImpl.generateSourceQuery(SQLGeneratorImpl.java:131)
	at it.unibz.inf.ontop.answering.reformulation.generation.impl.SQLGeneratorImpl.generateSourceQuery(SQLGeneratorImpl.java:111)
	at it.unibz.inf.ontop.answering.reformulation.impl.QuestQueryProcessor.generateExecutableQuery(QuestQueryProcessor.java:163)
	at it.unibz.inf.ontop.answering.reformulation.impl.QuestQueryProcessor.reformulateIntoNativeQuery(QuestQueryProcessor.java:123)
	... 3 more
12:10:35.320 |-WARN  in i.u.i.o.a.r.impl.QuestQueryProcessor - Unexpected exception: Was expecting a unique and known DB term type to be extracted for the SQL variable id1m1
it.unibz.inf.ontop.exception.MinorOntopInternalBugException: Was expecting a unique and known DB term type to be extracted for the SQL variable id1m1
	at it.unibz.inf.ontop.generation.DefaultSQLIQTree2NativeNodeGenerator.lambda$extractUniqueKnownType$6(DefaultSQLIQTree2NativeNodeGenerator.java:84)
	at java.base/java.util.Optional.orElseThrow(Optional.java:403)
	at it.unibz.inf.ontop.generation.DefaultSQLIQTree2NativeNodeGenerator.extractUniqueKnownType(DefaultSQLIQTree2NativeNodeGenerator.java:84)
	at it.unibz.inf.ontop.generation.DefaultSQLIQTree2NativeNodeGenerator.lambda$extractVariableTypeMap$2(DefaultSQLIQTree2NativeNodeGenerator.java:76)
	at it.unibz.inf.ontop.utils.ImmutableCollectors.lambda$toMap$0(ImmutableCollectors.java:110)
	at java.base/java.util.stream.ReduceOps$3ReducingSink.accept(ReduceOps.java:169)
	at java.base/java.util.Spliterators$ArraySpliterator.forEachRemaining(Spliterators.java:992)
	at java.base/java.util.stream.AbstractPipeline.copyInto(AbstractPipeline.java:509)
	at java.base/java.util.stream.AbstractPipeline.wrapAndCopyInto(AbstractPipeline.java:499)
	at java.base/java.util.stream.ReduceOps$ReduceOp.evaluateSequential(ReduceOps.java:921)
	at java.base/java.util.stream.AbstractPipeline.evaluate(AbstractPipeline.java:234)
	at java.base/java.util.stream.ReferencePipeline.collect(ReferencePipeline.java:682)
	at it.unibz.inf.ontop.generation.DefaultSQLIQTree2NativeNodeGenerator.extractVariableTypeMap(DefaultSQLIQTree2NativeNodeGenerator.java:74)
	at it.unibz.inf.ontop.generation.DefaultSQLIQTree2NativeNodeGenerator.generate(DefaultSQLIQTree2NativeNodeGenerator.java:61)
	at it.unibz.inf.ontop.answering.reformulation.generation.impl.SQLGeneratorImpl.generateSourceQuery(SQLGeneratorImpl.java:156)
	at it.unibz.inf.ontop.answering.reformulation.generation.impl.SQLGeneratorImpl.generateSourceQuery(SQLGeneratorImpl.java:131)
	at it.unibz.inf.ontop.answering.reformulation.generation.impl.SQLGeneratorImpl.generateSourceQuery(SQLGeneratorImpl.java:111)
	at it.unibz.inf.ontop.answering.reformulation.impl.QuestQueryProcessor.generateExecutableQuery(QuestQueryProcessor.java:163)
	at it.unibz.inf.ontop.answering.reformulation.impl.QuestQueryProcessor.reformulateIntoNativeQuery(QuestQueryProcessor.java:123)
	at it.unibz.inf.ontop.answering.connection.impl.QuestStatement.executeBooleanQuery(QuestStatement.java:148)
	at it.unibz.inf.ontop.answering.connection.impl.QuestStatement.lambda$execute$3(QuestStatement.java:227)
	at it.unibz.inf.ontop.answering.connection.impl.QuestStatement$QueryExecutionThread.run(QuestStatement.java:108)
12:10:35.320 |-ERROR in i.u.i.o.a.c.impl.QuestStatement - it.unibz.inf.ontop.exception.MinorOntopInternalBugException: Was expecting a unique and known DB term type to be extracted for the SQL variable id1m1
it.unibz.inf.ontop.exception.OntopReformulationException: it.unibz.inf.ontop.exception.MinorOntopInternalBugException: Was expecting a unique and known DB term type to be extracted for the SQL variable id1m1
	at it.unibz.inf.ontop.answering.reformulation.impl.QuestQueryProcessor.reformulateIntoNativeQuery(QuestQueryProcessor.java:154)
	at it.unibz.inf.ontop.answering.connection.impl.QuestStatement.executeBooleanQuery(QuestStatement.java:148)
	at it.unibz.inf.ontop.answering.connection.impl.QuestStatement.lambda$execute$3(QuestStatement.java:227)
	at it.unibz.inf.ontop.answering.connection.impl.QuestStatement$QueryExecutionThread.run(QuestStatement.java:108)
Caused by: it.unibz.inf.ontop.exception.MinorOntopInternalBugException: Was expecting a unique and known DB term type to be extracted for the SQL variable id1m1
	at it.unibz.inf.ontop.generation.DefaultSQLIQTree2NativeNodeGenerator.lambda$extractUniqueKnownType$6(DefaultSQLIQTree2NativeNodeGenerator.java:84)
	at java.base/java.util.Optional.orElseThrow(Optional.java:403)
	at it.unibz.inf.ontop.generation.DefaultSQLIQTree2NativeNodeGenerator.extractUniqueKnownType(DefaultSQLIQTree2NativeNodeGenerator.java:84)
	at it.unibz.inf.ontop.generation.DefaultSQLIQTree2NativeNodeGenerator.lambda$extractVariableTypeMap$2(DefaultSQLIQTree2NativeNodeGenerator.java:76)
	at it.unibz.inf.ontop.utils.ImmutableCollectors.lambda$toMap$0(ImmutableCollectors.java:110)
	at java.base/java.util.stream.ReduceOps$3ReducingSink.accept(ReduceOps.java:169)
	at java.base/java.util.Spliterators$ArraySpliterator.forEachRemaining(Spliterators.java:992)
	at java.base/java.util.stream.AbstractPipeline.copyInto(AbstractPipeline.java:509)
	at java.base/java.util.stream.AbstractPipeline.wrapAndCopyInto(AbstractPipeline.java:499)
	at java.base/java.util.stream.ReduceOps$ReduceOp.evaluateSequential(ReduceOps.java:921)
	at java.base/java.util.stream.AbstractPipeline.evaluate(AbstractPipeline.java:234)
	at java.base/java.util.stream.ReferencePipeline.collect(ReferencePipeline.java:682)
	at it.unibz.inf.ontop.generation.DefaultSQLIQTree2NativeNodeGenerator.extractVariableTypeMap(DefaultSQLIQTree2NativeNodeGenerator.java:74)
	at it.unibz.inf.ontop.generation.DefaultSQLIQTree2NativeNodeGenerator.generate(DefaultSQLIQTree2NativeNodeGenerator.java:61)
	at it.unibz.inf.ontop.answering.reformulation.generation.impl.SQLGeneratorImpl.generateSourceQuery(SQLGeneratorImpl.java:156)
	at it.unibz.inf.ontop.answering.reformulation.generation.impl.SQLGeneratorImpl.generateSourceQuery(SQLGeneratorImpl.java:131)
	at it.unibz.inf.ontop.answering.reformulation.generation.impl.SQLGeneratorImpl.generateSourceQuery(SQLGeneratorImpl.java:111)
	at it.unibz.inf.ontop.answering.reformulation.impl.QuestQueryProcessor.generateExecutableQuery(QuestQueryProcessor.java:163)
	at it.unibz.inf.ontop.answering.reformulation.impl.QuestQueryProcessor.reformulateIntoNativeQuery(QuestQueryProcessor.java:123)
	... 3 common frames omitted
org.eclipse.rdf4j.query.QueryEvaluationException: it.unibz.inf.ontop.exception.OntopReformulationException: it.unibz.inf.ontop.exception.MinorOntopInternalBugException: Was expecting a unique and known DB term type to be extracted for the SQL variable id1m1
	at it.unibz.inf.ontop.rdf4j.query.impl.OntopBooleanQuery.evaluate(OntopBooleanQuery.java:40)
	at it.unibz.inf.ontop.endpoint.processor.SparqlQueryExecutor.executeQuery(SparqlQueryExecutor.java:77)
	at it.unibz.inf.ontop.endpoint.controllers.SparqlQueryController.query_get(SparqlQueryController.java:42)
	at java.base/jdk.internal.reflect.NativeMethodAccessorImpl.invoke0(Native Method)
	at java.base/jdk.internal.reflect.NativeMethodAccessorImpl.invoke(NativeMethodAccessorImpl.java:77)
	at java.base/jdk.internal.reflect.DelegatingMethodAccessorImpl.invoke(DelegatingMethodAccessorImpl.java:43)
	at java.base/java.lang.reflect.Method.invoke(Method.java:569)
	at org.springframework.web.method.support.InvocableHandlerMethod.doInvoke(InvocableHandlerMethod.java:205)
	at org.springframework.web.method.support.InvocableHandlerMethod.invokeForRequest(InvocableHandlerMethod.java:150)
	at org.springframework.web.servlet.mvc.method.annotation.ServletInvocableHandlerMethod.invokeAndHandle(ServletInvocableHandlerMethod.java:117)
	at org.springframework.web.servlet.mvc.method.annotation.RequestMappingHandlerAdapter.invokeHandlerMethod(RequestMappingHandlerAdapter.java:895)
	at org.springframework.web.servlet.mvc.method.annotation.RequestMappingHandlerAdapter.handleInternal(RequestMappingHandlerAdapter.java:808)
	at org.springframework.web.servlet.mvc.method.AbstractHandlerMethodAdapter.handle(AbstractHandlerMethodAdapter.java:87)
	at org.springframework.web.servlet.DispatcherServlet.doDispatch(DispatcherServlet.java:1072)
	at org.springframework.web.servlet.DispatcherServlet.doService(DispatcherServlet.java:965)
	at org.springframework.web.servlet.FrameworkServlet.processRequest(FrameworkServlet.java:1006)
	at org.springframework.web.servlet.FrameworkServlet.doGet(FrameworkServlet.java:898)
	at javax.servlet.http.HttpServlet.service(HttpServlet.java:529)
	at org.springframework.web.servlet.FrameworkServlet.service(FrameworkServlet.java:883)
	at javax.servlet.http.HttpServlet.service(HttpServlet.java:623)
	at org.apache.catalina.core.ApplicationFilterChain.internalDoFilter(ApplicationFilterChain.java:197)
	at org.apache.catalina.core.ApplicationFilterChain.doFilter(ApplicationFilterChain.java:142)
	at org.apache.tomcat.websocket.server.WsFilter.doFilter(WsFilter.java:51)
	at org.apache.catalina.core.ApplicationFilterChain.internalDoFilter(ApplicationFilterChain.java:166)
	at org.apache.catalina.core.ApplicationFilterChain.doFilter(ApplicationFilterChain.java:142)
	at org.springframework.web.filter.RequestContextFilter.doFilterInternal(RequestContextFilter.java:100)
	at org.springframework.web.filter.OncePerRequestFilter.doFilter(OncePerRequestFilter.java:117)
	at org.apache.catalina.core.ApplicationFilterChain.internalDoFilter(ApplicationFilterChain.java:166)
	at org.apache.catalina.core.ApplicationFilterChain.doFilter(ApplicationFilterChain.java:142)
	at org.springframework.web.filter.FormContentFilter.doFilterInternal(FormContentFilter.java:93)
	at org.springframework.web.filter.OncePerRequestFilter.doFilter(OncePerRequestFilter.java:117)
	at org.apache.catalina.core.ApplicationFilterChain.internalDoFilter(ApplicationFilterChain.java:166)
	at org.apache.catalina.core.ApplicationFilterChain.doFilter(ApplicationFilterChain.java:142)
	at org.springframework.boot.actuate.metrics.web.servlet.WebMvcMetricsFilter.doFilterInternal(WebMvcMetricsFilter.java:96)
	at org.springframework.web.filter.OncePerRequestFilter.doFilter(OncePerRequestFilter.java:117)
	at org.apache.catalina.core.ApplicationFilterChain.internalDoFilter(ApplicationFilterChain.java:166)
	at org.apache.catalina.core.ApplicationFilterChain.doFilter(ApplicationFilterChain.java:142)
	at org.springframework.web.filter.CharacterEncodingFilter.doFilterInternal(CharacterEncodingFilter.java:201)
	at org.springframework.web.filter.OncePerRequestFilter.doFilter(OncePerRequestFilter.java:117)
	at org.apache.catalina.core.ApplicationFilterChain.internalDoFilter(ApplicationFilterChain.java:166)
	at org.apache.catalina.core.ApplicationFilterChain.doFilter(ApplicationFilterChain.java:142)
	at org.apache.catalina.core.StandardWrapperValve.invoke(StandardWrapperValve.java:166)
	at org.apache.catalina.core.StandardContextValve.invoke(StandardContextValve.java:88)
	at org.apache.catalina.authenticator.AuthenticatorBase.invoke(AuthenticatorBase.java:491)
	at org.apache.catalina.core.StandardHostValve.invoke(StandardHostValve.java:127)
	at org.apache.catalina.valves.ErrorReportValve.invoke(ErrorReportValve.java:83)
	at org.apache.catalina.core.StandardEngineValve.invoke(StandardEngineValve.java:72)
	at org.apache.catalina.connector.CoyoteAdapter.service(CoyoteAdapter.java:344)
	at org.apache.coyote.http11.Http11Processor.service(Http11Processor.java:398)
	at org.apache.coyote.AbstractProcessorLight.process(AbstractProcessorLight.java:63)
	at org.apache.coyote.AbstractProtocol$ConnectionHandler.process(AbstractProtocol.java:939)
	at org.apache.tomcat.util.net.NioEndpoint$SocketProcessor.doRun(NioEndpoint.java:1854)
	at org.apache.tomcat.util.net.SocketProcessorBase.run(SocketProcessorBase.java:52)
	at org.apache.tomcat.util.threads.ThreadPoolExecutor.runWorker(ThreadPoolExecutor.java:973)
	at org.apache.tomcat.util.threads.ThreadPoolExecutor$Worker.run(ThreadPoolExecutor.java:491)
	at org.apache.tomcat.util.threads.TaskThread$WrappingRunnable.run(TaskThread.java:63)
	at java.base/java.lang.Thread.run(Thread.java:840)
Caused by: it.unibz.inf.ontop.exception.OntopReformulationException: it.unibz.inf.ontop.exception.MinorOntopInternalBugException: Was expecting a unique and known DB term type to be extracted for the SQL variable id1m1
	at it.unibz.inf.ontop.answering.reformulation.impl.QuestQueryProcessor.reformulateIntoNativeQuery(QuestQueryProcessor.java:154)
	at it.unibz.inf.ontop.answering.connection.impl.QuestStatement.executeBooleanQuery(QuestStatement.java:148)
	at it.unibz.inf.ontop.answering.connection.impl.QuestStatement.lambda$execute$3(QuestStatement.java:227)
	at it.unibz.inf.ontop.answering.connection.impl.QuestStatement$QueryExecutionThread.run(QuestStatement.java:108)
Caused by: it.unibz.inf.ontop.exception.MinorOntopInternalBugException: Was expecting a unique and known DB term type to be extracted for the SQL variable id1m1
	at it.unibz.inf.ontop.generation.DefaultSQLIQTree2NativeNodeGenerator.lambda$extractUniqueKnownType$6(DefaultSQLIQTree2NativeNodeGenerator.java:84)
	at java.base/java.util.Optional.orElseThrow(Optional.java:403)
	at it.unibz.inf.ontop.generation.DefaultSQLIQTree2NativeNodeGenerator.extractUniqueKnownType(DefaultSQLIQTree2NativeNodeGenerator.java:84)
	at it.unibz.inf.ontop.generation.DefaultSQLIQTree2NativeNodeGenerator.lambda$extractVariableTypeMap$2(DefaultSQLIQTree2NativeNodeGenerator.java:76)
	at it.unibz.inf.ontop.utils.ImmutableCollectors.lambda$toMap$0(ImmutableCollectors.java:110)
	at java.base/java.util.stream.ReduceOps$3ReducingSink.accept(ReduceOps.java:169)
	at java.base/java.util.Spliterators$ArraySpliterator.forEachRemaining(Spliterators.java:992)
	at java.base/java.util.stream.AbstractPipeline.copyInto(AbstractPipeline.java:509)
	at java.base/java.util.stream.AbstractPipeline.wrapAndCopyInto(AbstractPipeline.java:499)
	at java.base/java.util.stream.ReduceOps$ReduceOp.evaluateSequential(ReduceOps.java:921)
	at java.base/java.util.stream.AbstractPipeline.evaluate(AbstractPipeline.java:234)
	at java.base/java.util.stream.ReferencePipeline.collect(ReferencePipeline.java:682)
	at it.unibz.inf.ontop.generation.DefaultSQLIQTree2NativeNodeGenerator.extractVariableTypeMap(DefaultSQLIQTree2NativeNodeGenerator.java:74)
	at it.unibz.inf.ontop.generation.DefaultSQLIQTree2NativeNodeGenerator.generate(DefaultSQLIQTree2NativeNodeGenerator.java:61)
	at it.unibz.inf.ontop.answering.reformulation.generation.impl.SQLGeneratorImpl.generateSourceQuery(SQLGeneratorImpl.java:156)
	at it.unibz.inf.ontop.answering.reformulation.generation.impl.SQLGeneratorImpl.generateSourceQuery(SQLGeneratorImpl.java:131)
	at it.unibz.inf.ontop.answering.reformulation.generation.impl.SQLGeneratorImpl.generateSourceQuery(SQLGeneratorImpl.java:111)
	at it.unibz.inf.ontop.answering.reformulation.impl.QuestQueryProcessor.generateExecutableQuery(QuestQueryProcessor.java:163)
	at it.unibz.inf.ontop.answering.reformulation.impl.QuestQueryProcessor.reformulateIntoNativeQuery(QuestQueryProcessor.java:123)
	... 3 more
12:10:36.365 |-WARN  in i.u.i.o.a.r.impl.QuestQueryProcessor - Unexpected exception: Was expecting a unique and known DB term type to be extracted for the SQL variable id1m1
it.unibz.inf.ontop.exception.MinorOntopInternalBugException: Was expecting a unique and known DB term type to be extracted for the SQL variable id1m1
	at it.unibz.inf.ontop.generation.DefaultSQLIQTree2NativeNodeGenerator.lambda$extractUniqueKnownType$6(DefaultSQLIQTree2NativeNodeGenerator.java:84)
	at java.base/java.util.Optional.orElseThrow(Optional.java:403)
	at it.unibz.inf.ontop.generation.DefaultSQLIQTree2NativeNodeGenerator.extractUniqueKnownType(DefaultSQLIQTree2NativeNodeGenerator.java:84)
	at it.unibz.inf.ontop.generation.DefaultSQLIQTree2NativeNodeGenerator.lambda$extractVariableTypeMap$2(DefaultSQLIQTree2NativeNodeGenerator.java:76)
	at it.unibz.inf.ontop.utils.ImmutableCollectors.lambda$toMap$0(ImmutableCollectors.java:110)
	at java.base/java.util.stream.ReduceOps$3ReducingSink.accept(ReduceOps.java:169)
	at java.base/java.util.Spliterators$ArraySpliterator.forEachRemaining(Spliterators.java:992)
	at java.base/java.util.stream.AbstractPipeline.copyInto(AbstractPipeline.java:509)
	at java.base/java.util.stream.AbstractPipeline.wrapAndCopyInto(AbstractPipeline.java:499)
	at java.base/java.util.stream.ReduceOps$ReduceOp.evaluateSequential(ReduceOps.java:921)
	at java.base/java.util.stream.AbstractPipeline.evaluate(AbstractPipeline.java:234)
	at java.base/java.util.stream.ReferencePipeline.collect(ReferencePipeline.java:682)
	at it.unibz.inf.ontop.generation.DefaultSQLIQTree2NativeNodeGenerator.extractVariableTypeMap(DefaultSQLIQTree2NativeNodeGenerator.java:74)
	at it.unibz.inf.ontop.generation.DefaultSQLIQTree2NativeNodeGenerator.generate(DefaultSQLIQTree2NativeNodeGenerator.java:61)
	at it.unibz.inf.ontop.answering.reformulation.generation.impl.SQLGeneratorImpl.generateSourceQuery(SQLGeneratorImpl.java:156)
	at it.unibz.inf.ontop.answering.reformulation.generation.impl.SQLGeneratorImpl.generateSourceQuery(SQLGeneratorImpl.java:131)
	at it.unibz.inf.ontop.answering.reformulation.generation.impl.SQLGeneratorImpl.generateSourceQuery(SQLGeneratorImpl.java:111)
	at it.unibz.inf.ontop.answering.reformulation.impl.QuestQueryProcessor.generateExecutableQuery(QuestQueryProcessor.java:163)
	at it.unibz.inf.ontop.answering.reformulation.impl.QuestQueryProcessor.reformulateIntoNativeQuery(QuestQueryProcessor.java:123)
	at it.unibz.inf.ontop.answering.connection.impl.QuestStatement.executeBooleanQuery(QuestStatement.java:148)
	at it.unibz.inf.ontop.answering.connection.impl.QuestStatement.lambda$execute$3(QuestStatement.java:227)
	at it.unibz.inf.ontop.answering.connection.impl.QuestStatement$QueryExecutionThread.run(QuestStatement.java:108)
12:10:36.366 |-ERROR in i.u.i.o.a.c.impl.QuestStatement - it.unibz.inf.ontop.exception.MinorOntopInternalBugException: Was expecting a unique and known DB term type to be extracted for the SQL variable id1m1
it.unibz.inf.ontop.exception.OntopReformulationException: it.unibz.inf.ontop.exception.MinorOntopInternalBugException: Was expecting a unique and known DB term type to be extracted for the SQL variable id1m1
	at it.unibz.inf.ontop.answering.reformulation.impl.QuestQueryProcessor.reformulateIntoNativeQuery(QuestQueryProcessor.java:154)
	at it.unibz.inf.ontop.answering.connection.impl.QuestStatement.executeBooleanQuery(QuestStatement.java:148)
	at it.unibz.inf.ontop.answering.connection.impl.QuestStatement.lambda$execute$3(QuestStatement.java:227)
	at it.unibz.inf.ontop.answering.connection.impl.QuestStatement$QueryExecutionThread.run(QuestStatement.java:108)
Caused by: it.unibz.inf.ontop.exception.MinorOntopInternalBugException: Was expecting a unique and known DB term type to be extracted for the SQL variable id1m1
	at it.unibz.inf.ontop.generation.DefaultSQLIQTree2NativeNodeGenerator.lambda$extractUniqueKnownType$6(DefaultSQLIQTree2NativeNodeGenerator.java:84)
	at java.base/java.util.Optional.orElseThrow(Optional.java:403)
	at it.unibz.inf.ontop.generation.DefaultSQLIQTree2NativeNodeGenerator.extractUniqueKnownType(DefaultSQLIQTree2NativeNodeGenerator.java:84)
	at it.unibz.inf.ontop.generation.DefaultSQLIQTree2NativeNodeGenerator.lambda$extractVariableTypeMap$2(DefaultSQLIQTree2NativeNodeGenerator.java:76)
	at it.unibz.inf.ontop.utils.ImmutableCollectors.lambda$toMap$0(ImmutableCollectors.java:110)
	at java.base/java.util.stream.ReduceOps$3ReducingSink.accept(ReduceOps.java:169)
	at java.base/java.util.Spliterators$ArraySpliterator.forEachRemaining(Spliterators.java:992)
	at java.base/java.util.stream.AbstractPipeline.copyInto(AbstractPipeline.java:509)
	at java.base/java.util.stream.AbstractPipeline.wrapAndCopyInto(AbstractPipeline.java:499)
	at java.base/java.util.stream.ReduceOps$ReduceOp.evaluateSequential(ReduceOps.java:921)
	at java.base/java.util.stream.AbstractPipeline.evaluate(AbstractPipeline.java:234)
	at java.base/java.util.stream.ReferencePipeline.collect(ReferencePipeline.java:682)
	at it.unibz.inf.ontop.generation.DefaultSQLIQTree2NativeNodeGenerator.extractVariableTypeMap(DefaultSQLIQTree2NativeNodeGenerator.java:74)
	at it.unibz.inf.ontop.generation.DefaultSQLIQTree2NativeNodeGenerator.generate(DefaultSQLIQTree2NativeNodeGenerator.java:61)
	at it.unibz.inf.ontop.answering.reformulation.generation.impl.SQLGeneratorImpl.generateSourceQuery(SQLGeneratorImpl.java:156)
	at it.unibz.inf.ontop.answering.reformulation.generation.impl.SQLGeneratorImpl.generateSourceQuery(SQLGeneratorImpl.java:131)
	at it.unibz.inf.ontop.answering.reformulation.generation.impl.SQLGeneratorImpl.generateSourceQuery(SQLGeneratorImpl.java:111)
	at it.unibz.inf.ontop.answering.reformulation.impl.QuestQueryProcessor.generateExecutableQuery(QuestQueryProcessor.java:163)
	at it.unibz.inf.ontop.answering.reformulation.impl.QuestQueryProcessor.reformulateIntoNativeQuery(QuestQueryProcessor.java:123)
	... 3 common frames omitted
org.eclipse.rdf4j.query.QueryEvaluationException: it.unibz.inf.ontop.exception.OntopReformulationException: it.unibz.inf.ontop.exception.MinorOntopInternalBugException: Was expecting a unique and known DB term type to be extracted for the SQL variable id1m1
	at it.unibz.inf.ontop.rdf4j.query.impl.OntopBooleanQuery.evaluate(OntopBooleanQuery.java:40)
	at it.unibz.inf.ontop.endpoint.processor.SparqlQueryExecutor.executeQuery(SparqlQueryExecutor.java:77)
	at it.unibz.inf.ontop.endpoint.controllers.SparqlQueryController.query_get(SparqlQueryController.java:42)
	at java.base/jdk.internal.reflect.NativeMethodAccessorImpl.invoke0(Native Method)
	at java.base/jdk.internal.reflect.NativeMethodAccessorImpl.invoke(NativeMethodAccessorImpl.java:77)
	at java.base/jdk.internal.reflect.DelegatingMethodAccessorImpl.invoke(DelegatingMethodAccessorImpl.java:43)
	at java.base/java.lang.reflect.Method.invoke(Method.java:569)
	at org.springframework.web.method.support.InvocableHandlerMethod.doInvoke(InvocableHandlerMethod.java:205)
	at org.springframework.web.method.support.InvocableHandlerMethod.invokeForRequest(InvocableHandlerMethod.java:150)
	at org.springframework.web.servlet.mvc.method.annotation.ServletInvocableHandlerMethod.invokeAndHandle(ServletInvocableHandlerMethod.java:117)
	at org.springframework.web.servlet.mvc.method.annotation.RequestMappingHandlerAdapter.invokeHandlerMethod(RequestMappingHandlerAdapter.java:895)
	at org.springframework.web.servlet.mvc.method.annotation.RequestMappingHandlerAdapter.handleInternal(RequestMappingHandlerAdapter.java:808)
	at org.springframework.web.servlet.mvc.method.AbstractHandlerMethodAdapter.handle(AbstractHandlerMethodAdapter.java:87)
	at org.springframework.web.servlet.DispatcherServlet.doDispatch(DispatcherServlet.java:1072)
	at org.springframework.web.servlet.DispatcherServlet.doService(DispatcherServlet.java:965)
	at org.springframework.web.servlet.FrameworkServlet.processRequest(FrameworkServlet.java:1006)
	at org.springframework.web.servlet.FrameworkServlet.doGet(FrameworkServlet.java:898)
	at javax.servlet.http.HttpServlet.service(HttpServlet.java:529)
	at org.springframework.web.servlet.FrameworkServlet.service(FrameworkServlet.java:883)
	at javax.servlet.http.HttpServlet.service(HttpServlet.java:623)
	at org.apache.catalina.core.ApplicationFilterChain.internalDoFilter(ApplicationFilterChain.java:197)
	at org.apache.catalina.core.ApplicationFilterChain.doFilter(ApplicationFilterChain.java:142)
	at org.apache.tomcat.websocket.server.WsFilter.doFilter(WsFilter.java:51)
	at org.apache.catalina.core.ApplicationFilterChain.internalDoFilter(ApplicationFilterChain.java:166)
	at org.apache.catalina.core.ApplicationFilterChain.doFilter(ApplicationFilterChain.java:142)
	at org.springframework.web.filter.RequestContextFilter.doFilterInternal(RequestContextFilter.java:100)
	at org.springframework.web.filter.OncePerRequestFilter.doFilter(OncePerRequestFilter.java:117)
	at org.apache.catalina.core.ApplicationFilterChain.internalDoFilter(ApplicationFilterChain.java:166)
	at org.apache.catalina.core.ApplicationFilterChain.doFilter(ApplicationFilterChain.java:142)
	at org.springframework.web.filter.FormContentFilter.doFilterInternal(FormContentFilter.java:93)
	at org.springframework.web.filter.OncePerRequestFilter.doFilter(OncePerRequestFilter.java:117)
	at org.apache.catalina.core.ApplicationFilterChain.internalDoFilter(ApplicationFilterChain.java:166)
	at org.apache.catalina.core.ApplicationFilterChain.doFilter(ApplicationFilterChain.java:142)
	at org.springframework.boot.actuate.metrics.web.servlet.WebMvcMetricsFilter.doFilterInternal(WebMvcMetricsFilter.java:96)
	at org.springframework.web.filter.OncePerRequestFilter.doFilter(OncePerRequestFilter.java:117)
	at org.apache.catalina.core.ApplicationFilterChain.internalDoFilter(ApplicationFilterChain.java:166)
	at org.apache.catalina.core.ApplicationFilterChain.doFilter(ApplicationFilterChain.java:142)
	at org.springframework.web.filter.CharacterEncodingFilter.doFilterInternal(CharacterEncodingFilter.java:201)
	at org.springframework.web.filter.OncePerRequestFilter.doFilter(OncePerRequestFilter.java:117)
	at org.apache.catalina.core.ApplicationFilterChain.internalDoFilter(ApplicationFilterChain.java:166)
	at org.apache.catalina.core.ApplicationFilterChain.doFilter(ApplicationFilterChain.java:142)
	at org.apache.catalina.core.StandardWrapperValve.invoke(StandardWrapperValve.java:166)
	at org.apache.catalina.core.StandardContextValve.invoke(StandardContextValve.java:88)
	at org.apache.catalina.authenticator.AuthenticatorBase.invoke(AuthenticatorBase.java:491)
	at org.apache.catalina.core.StandardHostValve.invoke(StandardHostValve.java:127)
	at org.apache.catalina.valves.ErrorReportValve.invoke(ErrorReportValve.java:83)
	at org.apache.catalina.core.StandardEngineValve.invoke(StandardEngineValve.java:72)
	at org.apache.catalina.connector.CoyoteAdapter.service(CoyoteAdapter.java:344)
	at org.apache.coyote.http11.Http11Processor.service(Http11Processor.java:398)
	at org.apache.coyote.AbstractProcessorLight.process(AbstractProcessorLight.java:63)
	at org.apache.coyote.AbstractProtocol$ConnectionHandler.process(AbstractProtocol.java:939)
	at org.apache.tomcat.util.net.NioEndpoint$SocketProcessor.doRun(NioEndpoint.java:1854)
	at org.apache.tomcat.util.net.SocketProcessorBase.run(SocketProcessorBase.java:52)
	at org.apache.tomcat.util.threads.ThreadPoolExecutor.runWorker(ThreadPoolExecutor.java:973)
	at org.apache.tomcat.util.threads.ThreadPoolExecutor$Worker.run(ThreadPoolExecutor.java:491)
	at org.apache.tomcat.util.threads.TaskThread$WrappingRunnable.run(TaskThread.java:63)
	at java.base/java.lang.Thread.run(Thread.java:840)
Caused by: it.unibz.inf.ontop.exception.OntopReformulationException: it.unibz.inf.ontop.exception.MinorOntopInternalBugException: Was expecting a unique and known DB term type to be extracted for the SQL variable id1m1
	at it.unibz.inf.ontop.answering.reformulation.impl.QuestQueryProcessor.reformulateIntoNativeQuery(QuestQueryProcessor.java:154)
	at it.unibz.inf.ontop.answering.connection.impl.QuestStatement.executeBooleanQuery(QuestStatement.java:148)
	at it.unibz.inf.ontop.answering.connection.impl.QuestStatement.lambda$execute$3(QuestStatement.java:227)
	at it.unibz.inf.ontop.answering.connection.impl.QuestStatement$QueryExecutionThread.run(QuestStatement.java:108)
Caused by: it.unibz.inf.ontop.exception.MinorOntopInternalBugException: Was expecting a unique and known DB term type to be extracted for the SQL variable id1m1
	at it.unibz.inf.ontop.generation.DefaultSQLIQTree2NativeNodeGenerator.lambda$extractUniqueKnownType$6(DefaultSQLIQTree2NativeNodeGenerator.java:84)
	at java.base/java.util.Optional.orElseThrow(Optional.java:403)
	at it.unibz.inf.ontop.generation.DefaultSQLIQTree2NativeNodeGenerator.extractUniqueKnownType(DefaultSQLIQTree2NativeNodeGenerator.java:84)
	at it.unibz.inf.ontop.generation.DefaultSQLIQTree2NativeNodeGenerator.lambda$extractVariableTypeMap$2(DefaultSQLIQTree2NativeNodeGenerator.java:76)
	at it.unibz.inf.ontop.utils.ImmutableCollectors.lambda$toMap$0(ImmutableCollectors.java:110)
	at java.base/java.util.stream.ReduceOps$3ReducingSink.accept(ReduceOps.java:169)
	at java.base/java.util.Spliterators$ArraySpliterator.forEachRemaining(Spliterators.java:992)
	at java.base/java.util.stream.AbstractPipeline.copyInto(AbstractPipeline.java:509)
	at java.base/java.util.stream.AbstractPipeline.wrapAndCopyInto(AbstractPipeline.java:499)
	at java.base/java.util.stream.ReduceOps$ReduceOp.evaluateSequential(ReduceOps.java:921)
	at java.base/java.util.stream.AbstractPipeline.evaluate(AbstractPipeline.java:234)
	at java.base/java.util.stream.ReferencePipeline.collect(ReferencePipeline.java:682)
	at it.unibz.inf.ontop.generation.DefaultSQLIQTree2NativeNodeGenerator.extractVariableTypeMap(DefaultSQLIQTree2NativeNodeGenerator.java:74)
	at it.unibz.inf.ontop.generation.DefaultSQLIQTree2NativeNodeGenerator.generate(DefaultSQLIQTree2NativeNodeGenerator.java:61)
	at it.unibz.inf.ontop.answering.reformulation.generation.impl.SQLGeneratorImpl.generateSourceQuery(SQLGeneratorImpl.java:156)
	at it.unibz.inf.ontop.answering.reformulation.generation.impl.SQLGeneratorImpl.generateSourceQuery(SQLGeneratorImpl.java:131)
	at it.unibz.inf.ontop.answering.reformulation.generation.impl.SQLGeneratorImpl.generateSourceQuery(SQLGeneratorImpl.java:111)
	at it.unibz.inf.ontop.answering.reformulation.impl.QuestQueryProcessor.generateExecutableQuery(QuestQueryProcessor.java:163)
	at it.unibz.inf.ontop.answering.reformulation.impl.QuestQueryProcessor.reformulateIntoNativeQuery(QuestQueryProcessor.java:123)
	... 3 more
12:10:37.418 |-WARN  in i.u.i.o.a.r.impl.QuestQueryProcessor - Unexpected exception: Was expecting a unique and known DB term type to be extracted for the SQL variable id1m1
it.unibz.inf.ontop.exception.MinorOntopInternalBugException: Was expecting a unique and known DB term type to be extracted for the SQL variable id1m1
	at it.unibz.inf.ontop.generation.DefaultSQLIQTree2NativeNodeGenerator.lambda$extractUniqueKnownType$6(DefaultSQLIQTree2NativeNodeGenerator.java:84)
	at java.base/java.util.Optional.orElseThrow(Optional.java:403)
	at it.unibz.inf.ontop.generation.DefaultSQLIQTree2NativeNodeGenerator.extractUniqueKnownType(DefaultSQLIQTree2NativeNodeGenerator.java:84)
	at it.unibz.inf.ontop.generation.DefaultSQLIQTree2NativeNodeGenerator.lambda$extractVariableTypeMap$2(DefaultSQLIQTree2NativeNodeGenerator.java:76)
	at it.unibz.inf.ontop.utils.ImmutableCollectors.lambda$toMap$0(ImmutableCollectors.java:110)
	at java.base/java.util.stream.ReduceOps$3ReducingSink.accept(ReduceOps.java:169)
	at java.base/java.util.Spliterators$ArraySpliterator.forEachRemaining(Spliterators.java:992)
	at java.base/java.util.stream.AbstractPipeline.copyInto(AbstractPipeline.java:509)
	at java.base/java.util.stream.AbstractPipeline.wrapAndCopyInto(AbstractPipeline.java:499)
	at java.base/java.util.stream.ReduceOps$ReduceOp.evaluateSequential(ReduceOps.java:921)
	at java.base/java.util.stream.AbstractPipeline.evaluate(AbstractPipeline.java:234)
	at java.base/java.util.stream.ReferencePipeline.collect(ReferencePipeline.java:682)
	at it.unibz.inf.ontop.generation.DefaultSQLIQTree2NativeNodeGenerator.extractVariableTypeMap(DefaultSQLIQTree2NativeNodeGenerator.java:74)
	at it.unibz.inf.ontop.generation.DefaultSQLIQTree2NativeNodeGenerator.generate(DefaultSQLIQTree2NativeNodeGenerator.java:61)
	at it.unibz.inf.ontop.answering.reformulation.generation.impl.SQLGeneratorImpl.generateSourceQuery(SQLGeneratorImpl.java:156)
	at it.unibz.inf.ontop.answering.reformulation.generation.impl.SQLGeneratorImpl.generateSourceQuery(SQLGeneratorImpl.java:131)
	at it.unibz.inf.ontop.answering.reformulation.generation.impl.SQLGeneratorImpl.generateSourceQuery(SQLGeneratorImpl.java:111)
	at it.unibz.inf.ontop.answering.reformulation.impl.QuestQueryProcessor.generateExecutableQuery(QuestQueryProcessor.java:163)
	at it.unibz.inf.ontop.answering.reformulation.impl.QuestQueryProcessor.reformulateIntoNativeQuery(QuestQueryProcessor.java:123)
	at it.unibz.inf.ontop.answering.connection.impl.QuestStatement.executeBooleanQuery(QuestStatement.java:148)
	at it.unibz.inf.ontop.answering.connection.impl.QuestStatement.lambda$execute$3(QuestStatement.java:227)
	at it.unibz.inf.ontop.answering.connection.impl.QuestStatement$QueryExecutionThread.run(QuestStatement.java:108)
12:10:37.418 |-ERROR in i.u.i.o.a.c.impl.QuestStatement - it.unibz.inf.ontop.exception.MinorOntopInternalBugException: Was expecting a unique and known DB term type to be extracted for the SQL variable id1m1
it.unibz.inf.ontop.exception.OntopReformulationException: it.unibz.inf.ontop.exception.MinorOntopInternalBugException: Was expecting a unique and known DB term type to be extracted for the SQL variable id1m1
	at it.unibz.inf.ontop.answering.reformulation.impl.QuestQueryProcessor.reformulateIntoNativeQuery(QuestQueryProcessor.java:154)
	at it.unibz.inf.ontop.answering.connection.impl.QuestStatement.executeBooleanQuery(QuestStatement.java:148)
	at it.unibz.inf.ontop.answering.connection.impl.QuestStatement.lambda$execute$3(QuestStatement.java:227)
	at it.unibz.inf.ontop.answering.connection.impl.QuestStatement$QueryExecutionThread.run(QuestStatement.java:108)
Caused by: it.unibz.inf.ontop.exception.MinorOntopInternalBugException: Was expecting a unique and known DB term type to be extracted for the SQL variable id1m1
	at it.unibz.inf.ontop.generation.DefaultSQLIQTree2NativeNodeGenerator.lambda$extractUniqueKnownType$6(DefaultSQLIQTree2NativeNodeGenerator.java:84)
	at java.base/java.util.Optional.orElseThrow(Optional.java:403)
	at it.unibz.inf.ontop.generation.DefaultSQLIQTree2NativeNodeGenerator.extractUniqueKnownType(DefaultSQLIQTree2NativeNodeGenerator.java:84)
	at it.unibz.inf.ontop.generation.DefaultSQLIQTree2NativeNodeGenerator.lambda$extractVariableTypeMap$2(DefaultSQLIQTree2NativeNodeGenerator.java:76)
	at it.unibz.inf.ontop.utils.ImmutableCollectors.lambda$toMap$0(ImmutableCollectors.java:110)
	at java.base/java.util.stream.ReduceOps$3ReducingSink.accept(ReduceOps.java:169)
	at java.base/java.util.Spliterators$ArraySpliterator.forEachRemaining(Spliterators.java:992)
	at java.base/java.util.stream.AbstractPipeline.copyInto(AbstractPipeline.java:509)
	at java.base/java.util.stream.AbstractPipeline.wrapAndCopyInto(AbstractPipeline.java:499)
	at java.base/java.util.stream.ReduceOps$ReduceOp.evaluateSequential(ReduceOps.java:921)
	at java.base/java.util.stream.AbstractPipeline.evaluate(AbstractPipeline.java:234)
	at java.base/java.util.stream.ReferencePipeline.collect(ReferencePipeline.java:682)
	at it.unibz.inf.ontop.generation.DefaultSQLIQTree2NativeNodeGenerator.extractVariableTypeMap(DefaultSQLIQTree2NativeNodeGenerator.java:74)
	at it.unibz.inf.ontop.generation.DefaultSQLIQTree2NativeNodeGenerator.generate(DefaultSQLIQTree2NativeNodeGenerator.java:61)
	at it.unibz.inf.ontop.answering.reformulation.generation.impl.SQLGeneratorImpl.generateSourceQuery(SQLGeneratorImpl.java:156)
	at it.unibz.inf.ontop.answering.reformulation.generation.impl.SQLGeneratorImpl.generateSourceQuery(SQLGeneratorImpl.java:131)
	at it.unibz.inf.ontop.answering.reformulation.generation.impl.SQLGeneratorImpl.generateSourceQuery(SQLGeneratorImpl.java:111)
	at it.unibz.inf.ontop.answering.reformulation.impl.QuestQueryProcessor.generateExecutableQuery(QuestQueryProcessor.java:163)
	at it.unibz.inf.ontop.answering.reformulation.impl.QuestQueryProcessor.reformulateIntoNativeQuery(QuestQueryProcessor.java:123)
	... 3 common frames omitted
org.eclipse.rdf4j.query.QueryEvaluationException: it.unibz.inf.ontop.exception.OntopReformulationException: it.unibz.inf.ontop.exception.MinorOntopInternalBugException: Was expecting a unique and known DB term type to be extracted for the SQL variable id1m1
	at it.unibz.inf.ontop.rdf4j.query.impl.OntopBooleanQuery.evaluate(OntopBooleanQuery.java:40)
	at it.unibz.inf.ontop.endpoint.processor.SparqlQueryExecutor.executeQuery(SparqlQueryExecutor.java:77)
	at it.unibz.inf.ontop.endpoint.controllers.SparqlQueryController.query_get(SparqlQueryController.java:42)
	at java.base/jdk.internal.reflect.NativeMethodAccessorImpl.invoke0(Native Method)
	at java.base/jdk.internal.reflect.NativeMethodAccessorImpl.invoke(NativeMethodAccessorImpl.java:77)
	at java.base/jdk.internal.reflect.DelegatingMethodAccessorImpl.invoke(DelegatingMethodAccessorImpl.java:43)
	at java.base/java.lang.reflect.Method.invoke(Method.java:569)
	at org.springframework.web.method.support.InvocableHandlerMethod.doInvoke(InvocableHandlerMethod.java:205)
	at org.springframework.web.method.support.InvocableHandlerMethod.invokeForRequest(InvocableHandlerMethod.java:150)
	at org.springframework.web.servlet.mvc.method.annotation.ServletInvocableHandlerMethod.invokeAndHandle(ServletInvocableHandlerMethod.java:117)
	at org.springframework.web.servlet.mvc.method.annotation.RequestMappingHandlerAdapter.invokeHandlerMethod(RequestMappingHandlerAdapter.java:895)
	at org.springframework.web.servlet.mvc.method.annotation.RequestMappingHandlerAdapter.handleInternal(RequestMappingHandlerAdapter.java:808)
	at org.springframework.web.servlet.mvc.method.AbstractHandlerMethodAdapter.handle(AbstractHandlerMethodAdapter.java:87)
	at org.springframework.web.servlet.DispatcherServlet.doDispatch(DispatcherServlet.java:1072)
	at org.springframework.web.servlet.DispatcherServlet.doService(DispatcherServlet.java:965)
	at org.springframework.web.servlet.FrameworkServlet.processRequest(FrameworkServlet.java:1006)
	at org.springframework.web.servlet.FrameworkServlet.doGet(FrameworkServlet.java:898)
	at javax.servlet.http.HttpServlet.service(HttpServlet.java:529)
	at org.springframework.web.servlet.FrameworkServlet.service(FrameworkServlet.java:883)
	at javax.servlet.http.HttpServlet.service(HttpServlet.java:623)
	at org.apache.catalina.core.ApplicationFilterChain.internalDoFilter(ApplicationFilterChain.java:197)
	at org.apache.catalina.core.ApplicationFilterChain.doFilter(ApplicationFilterChain.java:142)
	at org.apache.tomcat.websocket.server.WsFilter.doFilter(WsFilter.java:51)
	at org.apache.catalina.core.ApplicationFilterChain.internalDoFilter(ApplicationFilterChain.java:166)
	at org.apache.catalina.core.ApplicationFilterChain.doFilter(ApplicationFilterChain.java:142)
	at org.springframework.web.filter.RequestContextFilter.doFilterInternal(RequestContextFilter.java:100)
	at org.springframework.web.filter.OncePerRequestFilter.doFilter(OncePerRequestFilter.java:117)
	at org.apache.catalina.core.ApplicationFilterChain.internalDoFilter(ApplicationFilterChain.java:166)
	at org.apache.catalina.core.ApplicationFilterChain.doFilter(ApplicationFilterChain.java:142)
	at org.springframework.web.filter.FormContentFilter.doFilterInternal(FormContentFilter.java:93)
	at org.springframework.web.filter.OncePerRequestFilter.doFilter(OncePerRequestFilter.java:117)
	at org.apache.catalina.core.ApplicationFilterChain.internalDoFilter(ApplicationFilterChain.java:166)
	at org.apache.catalina.core.ApplicationFilterChain.doFilter(ApplicationFilterChain.java:142)
	at org.springframework.boot.actuate.metrics.web.servlet.WebMvcMetricsFilter.doFilterInternal(WebMvcMetricsFilter.java:96)
	at org.springframework.web.filter.OncePerRequestFilter.doFilter(OncePerRequestFilter.java:117)
	at org.apache.catalina.core.ApplicationFilterChain.internalDoFilter(ApplicationFilterChain.java:166)
	at org.apache.catalina.core.ApplicationFilterChain.doFilter(ApplicationFilterChain.java:142)
	at org.springframework.web.filter.CharacterEncodingFilter.doFilterInternal(CharacterEncodingFilter.java:201)
	at org.springframework.web.filter.OncePerRequestFilter.doFilter(OncePerRequestFilter.java:117)
	at org.apache.catalina.core.ApplicationFilterChain.internalDoFilter(ApplicationFilterChain.java:166)
	at org.apache.catalina.core.ApplicationFilterChain.doFilter(ApplicationFilterChain.java:142)
	at org.apache.catalina.core.StandardWrapperValve.invoke(StandardWrapperValve.java:166)
	at org.apache.catalina.core.StandardContextValve.invoke(StandardContextValve.java:88)
	at org.apache.catalina.authenticator.AuthenticatorBase.invoke(AuthenticatorBase.java:491)
	at org.apache.catalina.core.StandardHostValve.invoke(StandardHostValve.java:127)
	at org.apache.catalina.valves.ErrorReportValve.invoke(ErrorReportValve.java:83)
	at org.apache.catalina.core.StandardEngineValve.invoke(StandardEngineValve.java:72)
	at org.apache.catalina.connector.CoyoteAdapter.service(CoyoteAdapter.java:344)
	at org.apache.coyote.http11.Http11Processor.service(Http11Processor.java:398)
	at org.apache.coyote.AbstractProcessorLight.process(AbstractProcessorLight.java:63)
	at org.apache.coyote.AbstractProtocol$ConnectionHandler.process(AbstractProtocol.java:939)
	at org.apache.tomcat.util.net.NioEndpoint$SocketProcessor.doRun(NioEndpoint.java:1854)
	at org.apache.tomcat.util.net.SocketProcessorBase.run(SocketProcessorBase.java:52)
	at org.apache.tomcat.util.threads.ThreadPoolExecutor.runWorker(ThreadPoolExecutor.java:973)
	at org.apache.tomcat.util.threads.ThreadPoolExecutor$Worker.run(ThreadPoolExecutor.java:491)
	at org.apache.tomcat.util.threads.TaskThread$WrappingRunnable.run(TaskThread.java:63)
	at java.base/java.lang.Thread.run(Thread.java:840)
Caused by: it.unibz.inf.ontop.exception.OntopReformulationException: it.unibz.inf.ontop.exception.MinorOntopInternalBugException: Was expecting a unique and known DB term type to be extracted for the SQL variable id1m1
	at it.unibz.inf.ontop.answering.reformulation.impl.QuestQueryProcessor.reformulateIntoNativeQuery(QuestQueryProcessor.java:154)
	at it.unibz.inf.ontop.answering.connection.impl.QuestStatement.executeBooleanQuery(QuestStatement.java:148)
	at it.unibz.inf.ontop.answering.connection.impl.QuestStatement.lambda$execute$3(QuestStatement.java:227)
	at it.unibz.inf.ontop.answering.connection.impl.QuestStatement$QueryExecutionThread.run(QuestStatement.java:108)
Caused by: it.unibz.inf.ontop.exception.MinorOntopInternalBugException: Was expecting a unique and known DB term type to be extracted for the SQL variable id1m1
	at it.unibz.inf.ontop.generation.DefaultSQLIQTree2NativeNodeGenerator.lambda$extractUniqueKnownType$6(DefaultSQLIQTree2NativeNodeGenerator.java:84)
	at java.base/java.util.Optional.orElseThrow(Optional.java:403)
	at it.unibz.inf.ontop.generation.DefaultSQLIQTree2NativeNodeGenerator.extractUniqueKnownType(DefaultSQLIQTree2NativeNodeGenerator.java:84)
	at it.unibz.inf.ontop.generation.DefaultSQLIQTree2NativeNodeGenerator.lambda$extractVariableTypeMap$2(DefaultSQLIQTree2NativeNodeGenerator.java:76)
	at it.unibz.inf.ontop.utils.ImmutableCollectors.lambda$toMap$0(ImmutableCollectors.java:110)
	at java.base/java.util.stream.ReduceOps$3ReducingSink.accept(ReduceOps.java:169)
	at java.base/java.util.Spliterators$ArraySpliterator.forEachRemaining(Spliterators.java:992)
	at java.base/java.util.stream.AbstractPipeline.copyInto(AbstractPipeline.java:509)
	at java.base/java.util.stream.AbstractPipeline.wrapAndCopyInto(AbstractPipeline.java:499)
	at java.base/java.util.stream.ReduceOps$ReduceOp.evaluateSequential(ReduceOps.java:921)
	at java.base/java.util.stream.AbstractPipeline.evaluate(AbstractPipeline.java:234)
	at java.base/java.util.stream.ReferencePipeline.collect(ReferencePipeline.java:682)
	at it.unibz.inf.ontop.generation.DefaultSQLIQTree2NativeNodeGenerator.extractVariableTypeMap(DefaultSQLIQTree2NativeNodeGenerator.java:74)
	at it.unibz.inf.ontop.generation.DefaultSQLIQTree2NativeNodeGenerator.generate(DefaultSQLIQTree2NativeNodeGenerator.java:61)
	at it.unibz.inf.ontop.answering.reformulation.generation.impl.SQLGeneratorImpl.generateSourceQuery(SQLGeneratorImpl.java:156)
	at it.unibz.inf.ontop.answering.reformulation.generation.impl.SQLGeneratorImpl.generateSourceQuery(SQLGeneratorImpl.java:131)
	at it.unibz.inf.ontop.answering.reformulation.generation.impl.SQLGeneratorImpl.generateSourceQuery(SQLGeneratorImpl.java:111)
	at it.unibz.inf.ontop.answering.reformulation.impl.QuestQueryProcessor.generateExecutableQuery(QuestQueryProcessor.java:163)
	at it.unibz.inf.ontop.answering.reformulation.impl.QuestQueryProcessor.reformulateIntoNativeQuery(QuestQueryProcessor.java:123)
	... 3 more
12:10:38.473 |-WARN  in i.u.i.o.a.r.impl.QuestQueryProcessor - Unexpected exception: Was expecting a unique and known DB term type to be extracted for the SQL variable id1m1
it.unibz.inf.ontop.exception.MinorOntopInternalBugException: Was expecting a unique and known DB term type to be extracted for the SQL variable id1m1
	at it.unibz.inf.ontop.generation.DefaultSQLIQTree2NativeNodeGenerator.lambda$extractUniqueKnownType$6(DefaultSQLIQTree2NativeNodeGenerator.java:84)
	at java.base/java.util.Optional.orElseThrow(Optional.java:403)
	at it.unibz.inf.ontop.generation.DefaultSQLIQTree2NativeNodeGenerator.extractUniqueKnownType(DefaultSQLIQTree2NativeNodeGenerator.java:84)
	at it.unibz.inf.ontop.generation.DefaultSQLIQTree2NativeNodeGenerator.lambda$extractVariableTypeMap$2(DefaultSQLIQTree2NativeNodeGenerator.java:76)
	at it.unibz.inf.ontop.utils.ImmutableCollectors.lambda$toMap$0(ImmutableCollectors.java:110)
	at java.base/java.util.stream.ReduceOps$3ReducingSink.accept(ReduceOps.java:169)
	at java.base/java.util.Spliterators$ArraySpliterator.forEachRemaining(Spliterators.java:992)
	at java.base/java.util.stream.AbstractPipeline.copyInto(AbstractPipeline.java:509)
	at java.base/java.util.stream.AbstractPipeline.wrapAndCopyInto(AbstractPipeline.java:499)
	at java.base/java.util.stream.ReduceOps$ReduceOp.evaluateSequential(ReduceOps.java:921)
	at java.base/java.util.stream.AbstractPipeline.evaluate(AbstractPipeline.java:234)
	at java.base/java.util.stream.ReferencePipeline.collect(ReferencePipeline.java:682)
	at it.unibz.inf.ontop.generation.DefaultSQLIQTree2NativeNodeGenerator.extractVariableTypeMap(DefaultSQLIQTree2NativeNodeGenerator.java:74)
	at it.unibz.inf.ontop.generation.DefaultSQLIQTree2NativeNodeGenerator.generate(DefaultSQLIQTree2NativeNodeGenerator.java:61)
	at it.unibz.inf.ontop.answering.reformulation.generation.impl.SQLGeneratorImpl.generateSourceQuery(SQLGeneratorImpl.java:156)
	at it.unibz.inf.ontop.answering.reformulation.generation.impl.SQLGeneratorImpl.generateSourceQuery(SQLGeneratorImpl.java:131)
	at it.unibz.inf.ontop.answering.reformulation.generation.impl.SQLGeneratorImpl.generateSourceQuery(SQLGeneratorImpl.java:111)
	at it.unibz.inf.ontop.answering.reformulation.impl.QuestQueryProcessor.generateExecutableQuery(QuestQueryProcessor.java:163)
	at it.unibz.inf.ontop.answering.reformulation.impl.QuestQueryProcessor.reformulateIntoNativeQuery(QuestQueryProcessor.java:123)
	at it.unibz.inf.ontop.answering.connection.impl.QuestStatement.executeBooleanQuery(QuestStatement.java:148)
	at it.unibz.inf.ontop.answering.connection.impl.QuestStatement.lambda$execute$3(QuestStatement.java:227)
	at it.unibz.inf.ontop.answering.connection.impl.QuestStatement$QueryExecutionThread.run(QuestStatement.java:108)
12:10:38.474 |-ERROR in i.u.i.o.a.c.impl.QuestStatement - it.unibz.inf.ontop.exception.MinorOntopInternalBugException: Was expecting a unique and known DB term type to be extracted for the SQL variable id1m1
it.unibz.inf.ontop.exception.OntopReformulationException: it.unibz.inf.ontop.exception.MinorOntopInternalBugException: Was expecting a unique and known DB term type to be extracted for the SQL variable id1m1
	at it.unibz.inf.ontop.answering.reformulation.impl.QuestQueryProcessor.reformulateIntoNativeQuery(QuestQueryProcessor.java:154)
	at it.unibz.inf.ontop.answering.connection.impl.QuestStatement.executeBooleanQuery(QuestStatement.java:148)
	at it.unibz.inf.ontop.answering.connection.impl.QuestStatement.lambda$execute$3(QuestStatement.java:227)
	at it.unibz.inf.ontop.answering.connection.impl.QuestStatement$QueryExecutionThread.run(QuestStatement.java:108)
Caused by: it.unibz.inf.ontop.exception.MinorOntopInternalBugException: Was expecting a unique and known DB term type to be extracted for the SQL variable id1m1
	at it.unibz.inf.ontop.generation.DefaultSQLIQTree2NativeNodeGenerator.lambda$extractUniqueKnownType$6(DefaultSQLIQTree2NativeNodeGenerator.java:84)
	at java.base/java.util.Optional.orElseThrow(Optional.java:403)
	at it.unibz.inf.ontop.generation.DefaultSQLIQTree2NativeNodeGenerator.extractUniqueKnownType(DefaultSQLIQTree2NativeNodeGenerator.java:84)
	at it.unibz.inf.ontop.generation.DefaultSQLIQTree2NativeNodeGenerator.lambda$extractVariableTypeMap$2(DefaultSQLIQTree2NativeNodeGenerator.java:76)
	at it.unibz.inf.ontop.utils.ImmutableCollectors.lambda$toMap$0(ImmutableCollectors.java:110)
	at java.base/java.util.stream.ReduceOps$3ReducingSink.accept(ReduceOps.java:169)
	at java.base/java.util.Spliterators$ArraySpliterator.forEachRemaining(Spliterators.java:992)
	at java.base/java.util.stream.AbstractPipeline.copyInto(AbstractPipeline.java:509)
	at java.base/java.util.stream.AbstractPipeline.wrapAndCopyInto(AbstractPipeline.java:499)
	at java.base/java.util.stream.ReduceOps$ReduceOp.evaluateSequential(ReduceOps.java:921)
	at java.base/java.util.stream.AbstractPipeline.evaluate(AbstractPipeline.java:234)
	at java.base/java.util.stream.ReferencePipeline.collect(ReferencePipeline.java:682)
	at it.unibz.inf.ontop.generation.DefaultSQLIQTree2NativeNodeGenerator.extractVariableTypeMap(DefaultSQLIQTree2NativeNodeGenerator.java:74)
	at it.unibz.inf.ontop.generation.DefaultSQLIQTree2NativeNodeGenerator.generate(DefaultSQLIQTree2NativeNodeGenerator.java:61)
	at it.unibz.inf.ontop.answering.reformulation.generation.impl.SQLGeneratorImpl.generateSourceQuery(SQLGeneratorImpl.java:156)
	at it.unibz.inf.ontop.answering.reformulation.generation.impl.SQLGeneratorImpl.generateSourceQuery(SQLGeneratorImpl.java:131)
	at it.unibz.inf.ontop.answering.reformulation.generation.impl.SQLGeneratorImpl.generateSourceQuery(SQLGeneratorImpl.java:111)
	at it.unibz.inf.ontop.answering.reformulation.impl.QuestQueryProcessor.generateExecutableQuery(QuestQueryProcessor.java:163)
	at it.unibz.inf.ontop.answering.reformulation.impl.QuestQueryProcessor.reformulateIntoNativeQuery(QuestQueryProcessor.java:123)
	... 3 common frames omitted
org.eclipse.rdf4j.query.QueryEvaluationException: it.unibz.inf.ontop.exception.OntopReformulationException: it.unibz.inf.ontop.exception.MinorOntopInternalBugException: Was expecting a unique and known DB term type to be extracted for the SQL variable id1m1
	at it.unibz.inf.ontop.rdf4j.query.impl.OntopBooleanQuery.evaluate(OntopBooleanQuery.java:40)
	at it.unibz.inf.ontop.endpoint.processor.SparqlQueryExecutor.executeQuery(SparqlQueryExecutor.java:77)
	at it.unibz.inf.ontop.endpoint.controllers.SparqlQueryController.query_get(SparqlQueryController.java:42)
	at java.base/jdk.internal.reflect.NativeMethodAccessorImpl.invoke0(Native Method)
	at java.base/jdk.internal.reflect.NativeMethodAccessorImpl.invoke(NativeMethodAccessorImpl.java:77)
	at java.base/jdk.internal.reflect.DelegatingMethodAccessorImpl.invoke(DelegatingMethodAccessorImpl.java:43)
	at java.base/java.lang.reflect.Method.invoke(Method.java:569)
	at org.springframework.web.method.support.InvocableHandlerMethod.doInvoke(InvocableHandlerMethod.java:205)
	at org.springframework.web.method.support.InvocableHandlerMethod.invokeForRequest(InvocableHandlerMethod.java:150)
	at org.springframework.web.servlet.mvc.method.annotation.ServletInvocableHandlerMethod.invokeAndHandle(ServletInvocableHandlerMethod.java:117)
	at org.springframework.web.servlet.mvc.method.annotation.RequestMappingHandlerAdapter.invokeHandlerMethod(RequestMappingHandlerAdapter.java:895)
	at org.springframework.web.servlet.mvc.method.annotation.RequestMappingHandlerAdapter.handleInternal(RequestMappingHandlerAdapter.java:808)
	at org.springframework.web.servlet.mvc.method.AbstractHandlerMethodAdapter.handle(AbstractHandlerMethodAdapter.java:87)
	at org.springframework.web.servlet.DispatcherServlet.doDispatch(DispatcherServlet.java:1072)
	at org.springframework.web.servlet.DispatcherServlet.doService(DispatcherServlet.java:965)
	at org.springframework.web.servlet.FrameworkServlet.processRequest(FrameworkServlet.java:1006)
	at org.springframework.web.servlet.FrameworkServlet.doGet(FrameworkServlet.java:898)
	at javax.servlet.http.HttpServlet.service(HttpServlet.java:529)
	at org.springframework.web.servlet.FrameworkServlet.service(FrameworkServlet.java:883)
	at javax.servlet.http.HttpServlet.service(HttpServlet.java:623)
	at org.apache.catalina.core.ApplicationFilterChain.internalDoFilter(ApplicationFilterChain.java:197)
	at org.apache.catalina.core.ApplicationFilterChain.doFilter(ApplicationFilterChain.java:142)
	at org.apache.tomcat.websocket.server.WsFilter.doFilter(WsFilter.java:51)
	at org.apache.catalina.core.ApplicationFilterChain.internalDoFilter(ApplicationFilterChain.java:166)
	at org.apache.catalina.core.ApplicationFilterChain.doFilter(ApplicationFilterChain.java:142)
	at org.springframework.web.filter.RequestContextFilter.doFilterInternal(RequestContextFilter.java:100)
	at org.springframework.web.filter.OncePerRequestFilter.doFilter(OncePerRequestFilter.java:117)
	at org.apache.catalina.core.ApplicationFilterChain.internalDoFilter(ApplicationFilterChain.java:166)
	at org.apache.catalina.core.ApplicationFilterChain.doFilter(ApplicationFilterChain.java:142)
	at org.springframework.web.filter.FormContentFilter.doFilterInternal(FormContentFilter.java:93)
	at org.springframework.web.filter.OncePerRequestFilter.doFilter(OncePerRequestFilter.java:117)
	at org.apache.catalina.core.ApplicationFilterChain.internalDoFilter(ApplicationFilterChain.java:166)
	at org.apache.catalina.core.ApplicationFilterChain.doFilter(ApplicationFilterChain.java:142)
	at org.springframework.boot.actuate.metrics.web.servlet.WebMvcMetricsFilter.doFilterInternal(WebMvcMetricsFilter.java:96)
	at org.springframework.web.filter.OncePerRequestFilter.doFilter(OncePerRequestFilter.java:117)
	at org.apache.catalina.core.ApplicationFilterChain.internalDoFilter(ApplicationFilterChain.java:166)
	at org.apache.catalina.core.ApplicationFilterChain.doFilter(ApplicationFilterChain.java:142)
	at org.springframework.web.filter.CharacterEncodingFilter.doFilterInternal(CharacterEncodingFilter.java:201)
	at org.springframework.web.filter.OncePerRequestFilter.doFilter(OncePerRequestFilter.java:117)
	at org.apache.catalina.core.ApplicationFilterChain.internalDoFilter(ApplicationFilterChain.java:166)
	at org.apache.catalina.core.ApplicationFilterChain.doFilter(ApplicationFilterChain.java:142)
	at org.apache.catalina.core.StandardWrapperValve.invoke(StandardWrapperValve.java:166)
	at org.apache.catalina.core.StandardContextValve.invoke(StandardContextValve.java:88)
	at org.apache.catalina.authenticator.AuthenticatorBase.invoke(AuthenticatorBase.java:491)
	at org.apache.catalina.core.StandardHostValve.invoke(StandardHostValve.java:127)
	at org.apache.catalina.valves.ErrorReportValve.invoke(ErrorReportValve.java:83)
	at org.apache.catalina.core.StandardEngineValve.invoke(StandardEngineValve.java:72)
	at org.apache.catalina.connector.CoyoteAdapter.service(CoyoteAdapter.java:344)
	at org.apache.coyote.http11.Http11Processor.service(Http11Processor.java:398)
	at org.apache.coyote.AbstractProcessorLight.process(AbstractProcessorLight.java:63)
	at org.apache.coyote.AbstractProtocol$ConnectionHandler.process(AbstractProtocol.java:939)
	at org.apache.tomcat.util.net.NioEndpoint$SocketProcessor.doRun(NioEndpoint.java:1854)
	at org.apache.tomcat.util.net.SocketProcessorBase.run(SocketProcessorBase.java:52)
	at org.apache.tomcat.util.threads.ThreadPoolExecutor.runWorker(ThreadPoolExecutor.java:973)
	at org.apache.tomcat.util.threads.ThreadPoolExecutor$Worker.run(ThreadPoolExecutor.java:491)
	at org.apache.tomcat.util.threads.TaskThread$WrappingRunnable.run(TaskThread.java:63)
	at java.base/java.lang.Thread.run(Thread.java:840)
Caused by: it.unibz.inf.ontop.exception.OntopReformulationException: it.unibz.inf.ontop.exception.MinorOntopInternalBugException: Was expecting a unique and known DB term type to be extracted for the SQL variable id1m1
	at it.unibz.inf.ontop.answering.reformulation.impl.QuestQueryProcessor.reformulateIntoNativeQuery(QuestQueryProcessor.java:154)
	at it.unibz.inf.ontop.answering.connection.impl.QuestStatement.executeBooleanQuery(QuestStatement.java:148)
	at it.unibz.inf.ontop.answering.connection.impl.QuestStatement.lambda$execute$3(QuestStatement.java:227)
	at it.unibz.inf.ontop.answering.connection.impl.QuestStatement$QueryExecutionThread.run(QuestStatement.java:108)
Caused by: it.unibz.inf.ontop.exception.MinorOntopInternalBugException: Was expecting a unique and known DB term type to be extracted for the SQL variable id1m1
	at it.unibz.inf.ontop.generation.DefaultSQLIQTree2NativeNodeGenerator.lambda$extractUniqueKnownType$6(DefaultSQLIQTree2NativeNodeGenerator.java:84)
	at java.base/java.util.Optional.orElseThrow(Optional.java:403)
	at it.unibz.inf.ontop.generation.DefaultSQLIQTree2NativeNodeGenerator.extractUniqueKnownType(DefaultSQLIQTree2NativeNodeGenerator.java:84)
	at it.unibz.inf.ontop.generation.DefaultSQLIQTree2NativeNodeGenerator.lambda$extractVariableTypeMap$2(DefaultSQLIQTree2NativeNodeGenerator.java:76)
	at it.unibz.inf.ontop.utils.ImmutableCollectors.lambda$toMap$0(ImmutableCollectors.java:110)
	at java.base/java.util.stream.ReduceOps$3ReducingSink.accept(ReduceOps.java:169)
	at java.base/java.util.Spliterators$ArraySpliterator.forEachRemaining(Spliterators.java:992)
	at java.base/java.util.stream.AbstractPipeline.copyInto(AbstractPipeline.java:509)
	at java.base/java.util.stream.AbstractPipeline.wrapAndCopyInto(AbstractPipeline.java:499)
	at java.base/java.util.stream.ReduceOps$ReduceOp.evaluateSequential(ReduceOps.java:921)
	at java.base/java.util.stream.AbstractPipeline.evaluate(AbstractPipeline.java:234)
	at java.base/java.util.stream.ReferencePipeline.collect(ReferencePipeline.java:682)
	at it.unibz.inf.ontop.generation.DefaultSQLIQTree2NativeNodeGenerator.extractVariableTypeMap(DefaultSQLIQTree2NativeNodeGenerator.java:74)
	at it.unibz.inf.ontop.generation.DefaultSQLIQTree2NativeNodeGenerator.generate(DefaultSQLIQTree2NativeNodeGenerator.java:61)
	at it.unibz.inf.ontop.answering.reformulation.generation.impl.SQLGeneratorImpl.generateSourceQuery(SQLGeneratorImpl.java:156)
	at it.unibz.inf.ontop.answering.reformulation.generation.impl.SQLGeneratorImpl.generateSourceQuery(SQLGeneratorImpl.java:131)
	at it.unibz.inf.ontop.answering.reformulation.generation.impl.SQLGeneratorImpl.generateSourceQuery(SQLGeneratorImpl.java:111)
	at it.unibz.inf.ontop.answering.reformulation.impl.QuestQueryProcessor.generateExecutableQuery(QuestQueryProcessor.java:163)
	at it.unibz.inf.ontop.answering.reformulation.impl.QuestQueryProcessor.reformulateIntoNativeQuery(QuestQueryProcessor.java:123)
	... 3 more
12:10:39.520 |-WARN  in i.u.i.o.a.r.impl.QuestQueryProcessor - Unexpected exception: Was expecting a unique and known DB term type to be extracted for the SQL variable id1m1
it.unibz.inf.ontop.exception.MinorOntopInternalBugException: Was expecting a unique and known DB term type to be extracted for the SQL variable id1m1
	at it.unibz.inf.ontop.generation.DefaultSQLIQTree2NativeNodeGenerator.lambda$extractUniqueKnownType$6(DefaultSQLIQTree2NativeNodeGenerator.java:84)
	at java.base/java.util.Optional.orElseThrow(Optional.java:403)
	at it.unibz.inf.ontop.generation.DefaultSQLIQTree2NativeNodeGenerator.extractUniqueKnownType(DefaultSQLIQTree2NativeNodeGenerator.java:84)
	at it.unibz.inf.ontop.generation.DefaultSQLIQTree2NativeNodeGenerator.lambda$extractVariableTypeMap$2(DefaultSQLIQTree2NativeNodeGenerator.java:76)
	at it.unibz.inf.ontop.utils.ImmutableCollectors.lambda$toMap$0(ImmutableCollectors.java:110)
	at java.base/java.util.stream.ReduceOps$3ReducingSink.accept(ReduceOps.java:169)
	at java.base/java.util.Spliterators$ArraySpliterator.forEachRemaining(Spliterators.java:992)
	at java.base/java.util.stream.AbstractPipeline.copyInto(AbstractPipeline.java:509)
	at java.base/java.util.stream.AbstractPipeline.wrapAndCopyInto(AbstractPipeline.java:499)
	at java.base/java.util.stream.ReduceOps$ReduceOp.evaluateSequential(ReduceOps.java:921)
	at java.base/java.util.stream.AbstractPipeline.evaluate(AbstractPipeline.java:234)
	at java.base/java.util.stream.ReferencePipeline.collect(ReferencePipeline.java:682)
	at it.unibz.inf.ontop.generation.DefaultSQLIQTree2NativeNodeGenerator.extractVariableTypeMap(DefaultSQLIQTree2NativeNodeGenerator.java:74)
	at it.unibz.inf.ontop.generation.DefaultSQLIQTree2NativeNodeGenerator.generate(DefaultSQLIQTree2NativeNodeGenerator.java:61)
	at it.unibz.inf.ontop.answering.reformulation.generation.impl.SQLGeneratorImpl.generateSourceQuery(SQLGeneratorImpl.java:156)
	at it.unibz.inf.ontop.answering.reformulation.generation.impl.SQLGeneratorImpl.generateSourceQuery(SQLGeneratorImpl.java:131)
	at it.unibz.inf.ontop.answering.reformulation.generation.impl.SQLGeneratorImpl.generateSourceQuery(SQLGeneratorImpl.java:111)
	at it.unibz.inf.ontop.answering.reformulation.impl.QuestQueryProcessor.generateExecutableQuery(QuestQueryProcessor.java:163)
	at it.unibz.inf.ontop.answering.reformulation.impl.QuestQueryProcessor.reformulateIntoNativeQuery(QuestQueryProcessor.java:123)
	at it.unibz.inf.ontop.answering.connection.impl.QuestStatement.executeBooleanQuery(QuestStatement.java:148)
	at it.unibz.inf.ontop.answering.connection.impl.QuestStatement.lambda$execute$3(QuestStatement.java:227)
	at it.unibz.inf.ontop.answering.connection.impl.QuestStatement$QueryExecutionThread.run(QuestStatement.java:108)
12:10:39.520 |-ERROR in i.u.i.o.a.c.impl.QuestStatement - it.unibz.inf.ontop.exception.MinorOntopInternalBugException: Was expecting a unique and known DB term type to be extracted for the SQL variable id1m1
it.unibz.inf.ontop.exception.OntopReformulationException: it.unibz.inf.ontop.exception.MinorOntopInternalBugException: Was expecting a unique and known DB term type to be extracted for the SQL variable id1m1
	at it.unibz.inf.ontop.answering.reformulation.impl.QuestQueryProcessor.reformulateIntoNativeQuery(QuestQueryProcessor.java:154)
	at it.unibz.inf.ontop.answering.connection.impl.QuestStatement.executeBooleanQuery(QuestStatement.java:148)
	at it.unibz.inf.ontop.answering.connection.impl.QuestStatement.lambda$execute$3(QuestStatement.java:227)
	at it.unibz.inf.ontop.answering.connection.impl.QuestStatement$QueryExecutionThread.run(QuestStatement.java:108)
Caused by: it.unibz.inf.ontop.exception.MinorOntopInternalBugException: Was expecting a unique and known DB term type to be extracted for the SQL variable id1m1
	at it.unibz.inf.ontop.generation.DefaultSQLIQTree2NativeNodeGenerator.lambda$extractUniqueKnownType$6(DefaultSQLIQTree2NativeNodeGenerator.java:84)
	at java.base/java.util.Optional.orElseThrow(Optional.java:403)
	at it.unibz.inf.ontop.generation.DefaultSQLIQTree2NativeNodeGenerator.extractUniqueKnownType(DefaultSQLIQTree2NativeNodeGenerator.java:84)
	at it.unibz.inf.ontop.generation.DefaultSQLIQTree2NativeNodeGenerator.lambda$extractVariableTypeMap$2(DefaultSQLIQTree2NativeNodeGenerator.java:76)
	at it.unibz.inf.ontop.utils.ImmutableCollectors.lambda$toMap$0(ImmutableCollectors.java:110)
	at java.base/java.util.stream.ReduceOps$3ReducingSink.accept(ReduceOps.java:169)
	at java.base/java.util.Spliterators$ArraySpliterator.forEachRemaining(Spliterators.java:992)
	at java.base/java.util.stream.AbstractPipeline.copyInto(AbstractPipeline.java:509)
	at java.base/java.util.stream.AbstractPipeline.wrapAndCopyInto(AbstractPipeline.java:499)
	at java.base/java.util.stream.ReduceOps$ReduceOp.evaluateSequential(ReduceOps.java:921)
	at java.base/java.util.stream.AbstractPipeline.evaluate(AbstractPipeline.java:234)
	at java.base/java.util.stream.ReferencePipeline.collect(ReferencePipeline.java:682)
	at it.unibz.inf.ontop.generation.DefaultSQLIQTree2NativeNodeGenerator.extractVariableTypeMap(DefaultSQLIQTree2NativeNodeGenerator.java:74)
	at it.unibz.inf.ontop.generation.DefaultSQLIQTree2NativeNodeGenerator.generate(DefaultSQLIQTree2NativeNodeGenerator.java:61)
	at it.unibz.inf.ontop.answering.reformulation.generation.impl.SQLGeneratorImpl.generateSourceQuery(SQLGeneratorImpl.java:156)
	at it.unibz.inf.ontop.answering.reformulation.generation.impl.SQLGeneratorImpl.generateSourceQuery(SQLGeneratorImpl.java:131)
	at it.unibz.inf.ontop.answering.reformulation.generation.impl.SQLGeneratorImpl.generateSourceQuery(SQLGeneratorImpl.java:111)
	at it.unibz.inf.ontop.answering.reformulation.impl.QuestQueryProcessor.generateExecutableQuery(QuestQueryProcessor.java:163)
	at it.unibz.inf.ontop.answering.reformulation.impl.QuestQueryProcessor.reformulateIntoNativeQuery(QuestQueryProcessor.java:123)
	... 3 common frames omitted
org.eclipse.rdf4j.query.QueryEvaluationException: it.unibz.inf.ontop.exception.OntopReformulationException: it.unibz.inf.ontop.exception.MinorOntopInternalBugException: Was expecting a unique and known DB term type to be extracted for the SQL variable id1m1
	at it.unibz.inf.ontop.rdf4j.query.impl.OntopBooleanQuery.evaluate(OntopBooleanQuery.java:40)
	at it.unibz.inf.ontop.endpoint.processor.SparqlQueryExecutor.executeQuery(SparqlQueryExecutor.java:77)
	at it.unibz.inf.ontop.endpoint.controllers.SparqlQueryController.query_get(SparqlQueryController.java:42)
	at java.base/jdk.internal.reflect.NativeMethodAccessorImpl.invoke0(Native Method)
	at java.base/jdk.internal.reflect.NativeMethodAccessorImpl.invoke(NativeMethodAccessorImpl.java:77)
	at java.base/jdk.internal.reflect.DelegatingMethodAccessorImpl.invoke(DelegatingMethodAccessorImpl.java:43)
	at java.base/java.lang.reflect.Method.invoke(Method.java:569)
	at org.springframework.web.method.support.InvocableHandlerMethod.doInvoke(InvocableHandlerMethod.java:205)
	at org.springframework.web.method.support.InvocableHandlerMethod.invokeForRequest(InvocableHandlerMethod.java:150)
	at org.springframework.web.servlet.mvc.method.annotation.ServletInvocableHandlerMethod.invokeAndHandle(ServletInvocableHandlerMethod.java:117)
	at org.springframework.web.servlet.mvc.method.annotation.RequestMappingHandlerAdapter.invokeHandlerMethod(RequestMappingHandlerAdapter.java:895)
	at org.springframework.web.servlet.mvc.method.annotation.RequestMappingHandlerAdapter.handleInternal(RequestMappingHandlerAdapter.java:808)
	at org.springframework.web.servlet.mvc.method.AbstractHandlerMethodAdapter.handle(AbstractHandlerMethodAdapter.java:87)
	at org.springframework.web.servlet.DispatcherServlet.doDispatch(DispatcherServlet.java:1072)
	at org.springframework.web.servlet.DispatcherServlet.doService(DispatcherServlet.java:965)
	at org.springframework.web.servlet.FrameworkServlet.processRequest(FrameworkServlet.java:1006)
	at org.springframework.web.servlet.FrameworkServlet.doGet(FrameworkServlet.java:898)
	at javax.servlet.http.HttpServlet.service(HttpServlet.java:529)
	at org.springframework.web.servlet.FrameworkServlet.service(FrameworkServlet.java:883)
	at javax.servlet.http.HttpServlet.service(HttpServlet.java:623)
	at org.apache.catalina.core.ApplicationFilterChain.internalDoFilter(ApplicationFilterChain.java:197)
	at org.apache.catalina.core.ApplicationFilterChain.doFilter(ApplicationFilterChain.java:142)
	at org.apache.tomcat.websocket.server.WsFilter.doFilter(WsFilter.java:51)
	at org.apache.catalina.core.ApplicationFilterChain.internalDoFilter(ApplicationFilterChain.java:166)
	at org.apache.catalina.core.ApplicationFilterChain.doFilter(ApplicationFilterChain.java:142)
	at org.springframework.web.filter.RequestContextFilter.doFilterInternal(RequestContextFilter.java:100)
	at org.springframework.web.filter.OncePerRequestFilter.doFilter(OncePerRequestFilter.java:117)
	at org.apache.catalina.core.ApplicationFilterChain.internalDoFilter(ApplicationFilterChain.java:166)
	at org.apache.catalina.core.ApplicationFilterChain.doFilter(ApplicationFilterChain.java:142)
	at org.springframework.web.filter.FormContentFilter.doFilterInternal(FormContentFilter.java:93)
	at org.springframework.web.filter.OncePerRequestFilter.doFilter(OncePerRequestFilter.java:117)
	at org.apache.catalina.core.ApplicationFilterChain.internalDoFilter(ApplicationFilterChain.java:166)
	at org.apache.catalina.core.ApplicationFilterChain.doFilter(ApplicationFilterChain.java:142)
	at org.springframework.boot.actuate.metrics.web.servlet.WebMvcMetricsFilter.doFilterInternal(WebMvcMetricsFilter.java:96)
	at org.springframework.web.filter.OncePerRequestFilter.doFilter(OncePerRequestFilter.java:117)
	at org.apache.catalina.core.ApplicationFilterChain.internalDoFilter(ApplicationFilterChain.java:166)
	at org.apache.catalina.core.ApplicationFilterChain.doFilter(ApplicationFilterChain.java:142)
	at org.springframework.web.filter.CharacterEncodingFilter.doFilterInternal(CharacterEncodingFilter.java:201)
	at org.springframework.web.filter.OncePerRequestFilter.doFilter(OncePerRequestFilter.java:117)
	at org.apache.catalina.core.ApplicationFilterChain.internalDoFilter(ApplicationFilterChain.java:166)
	at org.apache.catalina.core.ApplicationFilterChain.doFilter(ApplicationFilterChain.java:142)
	at org.apache.catalina.core.StandardWrapperValve.invoke(StandardWrapperValve.java:166)
	at org.apache.catalina.core.StandardContextValve.invoke(StandardContextValve.java:88)
	at org.apache.catalina.authenticator.AuthenticatorBase.invoke(AuthenticatorBase.java:491)
	at org.apache.catalina.core.StandardHostValve.invoke(StandardHostValve.java:127)
	at org.apache.catalina.valves.ErrorReportValve.invoke(ErrorReportValve.java:83)
	at org.apache.catalina.core.StandardEngineValve.invoke(StandardEngineValve.java:72)
	at org.apache.catalina.connector.CoyoteAdapter.service(CoyoteAdapter.java:344)
	at org.apache.coyote.http11.Http11Processor.service(Http11Processor.java:398)
	at org.apache.coyote.AbstractProcessorLight.process(AbstractProcessorLight.java:63)
	at org.apache.coyote.AbstractProtocol$ConnectionHandler.process(AbstractProtocol.java:939)
	at org.apache.tomcat.util.net.NioEndpoint$SocketProcessor.doRun(NioEndpoint.java:1854)
	at org.apache.tomcat.util.net.SocketProcessorBase.run(SocketProcessorBase.java:52)
	at org.apache.tomcat.util.threads.ThreadPoolExecutor.runWorker(ThreadPoolExecutor.java:973)
	at org.apache.tomcat.util.threads.ThreadPoolExecutor$Worker.run(ThreadPoolExecutor.java:491)
	at org.apache.tomcat.util.threads.TaskThread$WrappingRunnable.run(TaskThread.java:63)
	at java.base/java.lang.Thread.run(Thread.java:840)
Caused by: it.unibz.inf.ontop.exception.OntopReformulationException: it.unibz.inf.ontop.exception.MinorOntopInternalBugException: Was expecting a unique and known DB term type to be extracted for the SQL variable id1m1
	at it.unibz.inf.ontop.answering.reformulation.impl.QuestQueryProcessor.reformulateIntoNativeQuery(QuestQueryProcessor.java:154)
	at it.unibz.inf.ontop.answering.connection.impl.QuestStatement.executeBooleanQuery(QuestStatement.java:148)
	at it.unibz.inf.ontop.answering.connection.impl.QuestStatement.lambda$execute$3(QuestStatement.java:227)
	at it.unibz.inf.ontop.answering.connection.impl.QuestStatement$QueryExecutionThread.run(QuestStatement.java:108)
Caused by: it.unibz.inf.ontop.exception.MinorOntopInternalBugException: Was expecting a unique and known DB term type to be extracted for the SQL variable id1m1
	at it.unibz.inf.ontop.generation.DefaultSQLIQTree2NativeNodeGenerator.lambda$extractUniqueKnownType$6(DefaultSQLIQTree2NativeNodeGenerator.java:84)
	at java.base/java.util.Optional.orElseThrow(Optional.java:403)
	at it.unibz.inf.ontop.generation.DefaultSQLIQTree2NativeNodeGenerator.extractUniqueKnownType(DefaultSQLIQTree2NativeNodeGenerator.java:84)
	at it.unibz.inf.ontop.generation.DefaultSQLIQTree2NativeNodeGenerator.lambda$extractVariableTypeMap$2(DefaultSQLIQTree2NativeNodeGenerator.java:76)
	at it.unibz.inf.ontop.utils.ImmutableCollectors.lambda$toMap$0(ImmutableCollectors.java:110)
	at java.base/java.util.stream.ReduceOps$3ReducingSink.accept(ReduceOps.java:169)
	at java.base/java.util.Spliterators$ArraySpliterator.forEachRemaining(Spliterators.java:992)
	at java.base/java.util.stream.AbstractPipeline.copyInto(AbstractPipeline.java:509)
	at java.base/java.util.stream.AbstractPipeline.wrapAndCopyInto(AbstractPipeline.java:499)
	at java.base/java.util.stream.ReduceOps$ReduceOp.evaluateSequential(ReduceOps.java:921)
	at java.base/java.util.stream.AbstractPipeline.evaluate(AbstractPipeline.java:234)
	at java.base/java.util.stream.ReferencePipeline.collect(ReferencePipeline.java:682)
	at it.unibz.inf.ontop.generation.DefaultSQLIQTree2NativeNodeGenerator.extractVariableTypeMap(DefaultSQLIQTree2NativeNodeGenerator.java:74)
	at it.unibz.inf.ontop.generation.DefaultSQLIQTree2NativeNodeGenerator.generate(DefaultSQLIQTree2NativeNodeGenerator.java:61)
	at it.unibz.inf.ontop.answering.reformulation.generation.impl.SQLGeneratorImpl.generateSourceQuery(SQLGeneratorImpl.java:156)
	at it.unibz.inf.ontop.answering.reformulation.generation.impl.SQLGeneratorImpl.generateSourceQuery(SQLGeneratorImpl.java:131)
	at it.unibz.inf.ontop.answering.reformulation.generation.impl.SQLGeneratorImpl.generateSourceQuery(SQLGeneratorImpl.java:111)
	at it.unibz.inf.ontop.answering.reformulation.impl.QuestQueryProcessor.generateExecutableQuery(QuestQueryProcessor.java:163)
	at it.unibz.inf.ontop.answering.reformulation.impl.QuestQueryProcessor.reformulateIntoNativeQuery(QuestQueryProcessor.java:123)
	... 3 more
12:10:40.564 |-WARN  in i.u.i.o.a.r.impl.QuestQueryProcessor - Unexpected exception: Was expecting a unique and known DB term type to be extracted for the SQL variable id1m1
it.unibz.inf.ontop.exception.MinorOntopInternalBugException: Was expecting a unique and known DB term type to be extracted for the SQL variable id1m1
	at it.unibz.inf.ontop.generation.DefaultSQLIQTree2NativeNodeGenerator.lambda$extractUniqueKnownType$6(DefaultSQLIQTree2NativeNodeGenerator.java:84)
	at java.base/java.util.Optional.orElseThrow(Optional.java:403)
	at it.unibz.inf.ontop.generation.DefaultSQLIQTree2NativeNodeGenerator.extractUniqueKnownType(DefaultSQLIQTree2NativeNodeGenerator.java:84)
	at it.unibz.inf.ontop.generation.DefaultSQLIQTree2NativeNodeGenerator.lambda$extractVariableTypeMap$2(DefaultSQLIQTree2NativeNodeGenerator.java:76)
	at it.unibz.inf.ontop.utils.ImmutableCollectors.lambda$toMap$0(ImmutableCollectors.java:110)
	at java.base/java.util.stream.ReduceOps$3ReducingSink.accept(ReduceOps.java:169)
	at java.base/java.util.Spliterators$ArraySpliterator.forEachRemaining(Spliterators.java:992)
	at java.base/java.util.stream.AbstractPipeline.copyInto(AbstractPipeline.java:509)
	at java.base/java.util.stream.AbstractPipeline.wrapAndCopyInto(AbstractPipeline.java:499)
	at java.base/java.util.stream.ReduceOps$ReduceOp.evaluateSequential(ReduceOps.java:921)
	at java.base/java.util.stream.AbstractPipeline.evaluate(AbstractPipeline.java:234)
	at java.base/java.util.stream.ReferencePipeline.collect(ReferencePipeline.java:682)
	at it.unibz.inf.ontop.generation.DefaultSQLIQTree2NativeNodeGenerator.extractVariableTypeMap(DefaultSQLIQTree2NativeNodeGenerator.java:74)
	at it.unibz.inf.ontop.generation.DefaultSQLIQTree2NativeNodeGenerator.generate(DefaultSQLIQTree2NativeNodeGenerator.java:61)
	at it.unibz.inf.ontop.answering.reformulation.generation.impl.SQLGeneratorImpl.generateSourceQuery(SQLGeneratorImpl.java:156)
	at it.unibz.inf.ontop.answering.reformulation.generation.impl.SQLGeneratorImpl.generateSourceQuery(SQLGeneratorImpl.java:131)
	at it.unibz.inf.ontop.answering.reformulation.generation.impl.SQLGeneratorImpl.generateSourceQuery(SQLGeneratorImpl.java:111)
	at it.unibz.inf.ontop.answering.reformulation.impl.QuestQueryProcessor.generateExecutableQuery(QuestQueryProcessor.java:163)
	at it.unibz.inf.ontop.answering.reformulation.impl.QuestQueryProcessor.reformulateIntoNativeQuery(QuestQueryProcessor.java:123)
	at it.unibz.inf.ontop.answering.connection.impl.QuestStatement.executeBooleanQuery(QuestStatement.java:148)
	at it.unibz.inf.ontop.answering.connection.impl.QuestStatement.lambda$execute$3(QuestStatement.java:227)
	at it.unibz.inf.ontop.answering.connection.impl.QuestStatement$QueryExecutionThread.run(QuestStatement.java:108)
12:10:40.564 |-ERROR in i.u.i.o.a.c.impl.QuestStatement - it.unibz.inf.ontop.exception.MinorOntopInternalBugException: Was expecting a unique and known DB term type to be extracted for the SQL variable id1m1
it.unibz.inf.ontop.exception.OntopReformulationException: it.unibz.inf.ontop.exception.MinorOntopInternalBugException: Was expecting a unique and known DB term type to be extracted for the SQL variable id1m1
	at it.unibz.inf.ontop.answering.reformulation.impl.QuestQueryProcessor.reformulateIntoNativeQuery(QuestQueryProcessor.java:154)
	at it.unibz.inf.ontop.answering.connection.impl.QuestStatement.executeBooleanQuery(QuestStatement.java:148)
	at it.unibz.inf.ontop.answering.connection.impl.QuestStatement.lambda$execute$3(QuestStatement.java:227)
	at it.unibz.inf.ontop.answering.connection.impl.QuestStatement$QueryExecutionThread.run(QuestStatement.java:108)
Caused by: it.unibz.inf.ontop.exception.MinorOntopInternalBugException: Was expecting a unique and known DB term type to be extracted for the SQL variable id1m1
	at it.unibz.inf.ontop.generation.DefaultSQLIQTree2NativeNodeGenerator.lambda$extractUniqueKnownType$6(DefaultSQLIQTree2NativeNodeGenerator.java:84)
	at java.base/java.util.Optional.orElseThrow(Optional.java:403)
	at it.unibz.inf.ontop.generation.DefaultSQLIQTree2NativeNodeGenerator.extractUniqueKnownType(DefaultSQLIQTree2NativeNodeGenerator.java:84)
	at it.unibz.inf.ontop.generation.DefaultSQLIQTree2NativeNodeGenerator.lambda$extractVariableTypeMap$2(DefaultSQLIQTree2NativeNodeGenerator.java:76)
	at it.unibz.inf.ontop.utils.ImmutableCollectors.lambda$toMap$0(ImmutableCollectors.java:110)
	at java.base/java.util.stream.ReduceOps$3ReducingSink.accept(ReduceOps.java:169)
	at java.base/java.util.Spliterators$ArraySpliterator.forEachRemaining(Spliterators.java:992)
	at java.base/java.util.stream.AbstractPipeline.copyInto(AbstractPipeline.java:509)
	at java.base/java.util.stream.AbstractPipeline.wrapAndCopyInto(AbstractPipeline.java:499)
	at java.base/java.util.stream.ReduceOps$ReduceOp.evaluateSequential(ReduceOps.java:921)
	at java.base/java.util.stream.AbstractPipeline.evaluate(AbstractPipeline.java:234)
	at java.base/java.util.stream.ReferencePipeline.collect(ReferencePipeline.java:682)
	at it.unibz.inf.ontop.generation.DefaultSQLIQTree2NativeNodeGenerator.extractVariableTypeMap(DefaultSQLIQTree2NativeNodeGenerator.java:74)
	at it.unibz.inf.ontop.generation.DefaultSQLIQTree2NativeNodeGenerator.generate(DefaultSQLIQTree2NativeNodeGenerator.java:61)
	at it.unibz.inf.ontop.answering.reformulation.generation.impl.SQLGeneratorImpl.generateSourceQuery(SQLGeneratorImpl.java:156)
	at it.unibz.inf.ontop.answering.reformulation.generation.impl.SQLGeneratorImpl.generateSourceQuery(SQLGeneratorImpl.java:131)
	at it.unibz.inf.ontop.answering.reformulation.generation.impl.SQLGeneratorImpl.generateSourceQuery(SQLGeneratorImpl.java:111)
	at it.unibz.inf.ontop.answering.reformulation.impl.QuestQueryProcessor.generateExecutableQuery(QuestQueryProcessor.java:163)
	at it.unibz.inf.ontop.answering.reformulation.impl.QuestQueryProcessor.reformulateIntoNativeQuery(QuestQueryProcessor.java:123)
	... 3 common frames omitted
org.eclipse.rdf4j.query.QueryEvaluationException: it.unibz.inf.ontop.exception.OntopReformulationException: it.unibz.inf.ontop.exception.MinorOntopInternalBugException: Was expecting a unique and known DB term type to be extracted for the SQL variable id1m1
	at it.unibz.inf.ontop.rdf4j.query.impl.OntopBooleanQuery.evaluate(OntopBooleanQuery.java:40)
	at it.unibz.inf.ontop.endpoint.processor.SparqlQueryExecutor.executeQuery(SparqlQueryExecutor.java:77)
	at it.unibz.inf.ontop.endpoint.controllers.SparqlQueryController.query_get(SparqlQueryController.java:42)
	at java.base/jdk.internal.reflect.NativeMethodAccessorImpl.invoke0(Native Method)
	at java.base/jdk.internal.reflect.NativeMethodAccessorImpl.invoke(NativeMethodAccessorImpl.java:77)
	at java.base/jdk.internal.reflect.DelegatingMethodAccessorImpl.invoke(DelegatingMethodAccessorImpl.java:43)
	at java.base/java.lang.reflect.Method.invoke(Method.java:569)
	at org.springframework.web.method.support.InvocableHandlerMethod.doInvoke(InvocableHandlerMethod.java:205)
	at org.springframework.web.method.support.InvocableHandlerMethod.invokeForRequest(InvocableHandlerMethod.java:150)
	at org.springframework.web.servlet.mvc.method.annotation.ServletInvocableHandlerMethod.invokeAndHandle(ServletInvocableHandlerMethod.java:117)
	at org.springframework.web.servlet.mvc.method.annotation.RequestMappingHandlerAdapter.invokeHandlerMethod(RequestMappingHandlerAdapter.java:895)
	at org.springframework.web.servlet.mvc.method.annotation.RequestMappingHandlerAdapter.handleInternal(RequestMappingHandlerAdapter.java:808)
	at org.springframework.web.servlet.mvc.method.AbstractHandlerMethodAdapter.handle(AbstractHandlerMethodAdapter.java:87)
	at org.springframework.web.servlet.DispatcherServlet.doDispatch(DispatcherServlet.java:1072)
	at org.springframework.web.servlet.DispatcherServlet.doService(DispatcherServlet.java:965)
	at org.springframework.web.servlet.FrameworkServlet.processRequest(FrameworkServlet.java:1006)
	at org.springframework.web.servlet.FrameworkServlet.doGet(FrameworkServlet.java:898)
	at javax.servlet.http.HttpServlet.service(HttpServlet.java:529)
	at org.springframework.web.servlet.FrameworkServlet.service(FrameworkServlet.java:883)
	at javax.servlet.http.HttpServlet.service(HttpServlet.java:623)
	at org.apache.catalina.core.ApplicationFilterChain.internalDoFilter(ApplicationFilterChain.java:197)
	at org.apache.catalina.core.ApplicationFilterChain.doFilter(ApplicationFilterChain.java:142)
	at org.apache.tomcat.websocket.server.WsFilter.doFilter(WsFilter.java:51)
	at org.apache.catalina.core.ApplicationFilterChain.internalDoFilter(ApplicationFilterChain.java:166)
	at org.apache.catalina.core.ApplicationFilterChain.doFilter(ApplicationFilterChain.java:142)
	at org.springframework.web.filter.RequestContextFilter.doFilterInternal(RequestContextFilter.java:100)
	at org.springframework.web.filter.OncePerRequestFilter.doFilter(OncePerRequestFilter.java:117)
	at org.apache.catalina.core.ApplicationFilterChain.internalDoFilter(ApplicationFilterChain.java:166)
	at org.apache.catalina.core.ApplicationFilterChain.doFilter(ApplicationFilterChain.java:142)
	at org.springframework.web.filter.FormContentFilter.doFilterInternal(FormContentFilter.java:93)
	at org.springframework.web.filter.OncePerRequestFilter.doFilter(OncePerRequestFilter.java:117)
	at org.apache.catalina.core.ApplicationFilterChain.internalDoFilter(ApplicationFilterChain.java:166)
	at org.apache.catalina.core.ApplicationFilterChain.doFilter(ApplicationFilterChain.java:142)
	at org.springframework.boot.actuate.metrics.web.servlet.WebMvcMetricsFilter.doFilterInternal(WebMvcMetricsFilter.java:96)
	at org.springframework.web.filter.OncePerRequestFilter.doFilter(OncePerRequestFilter.java:117)
	at org.apache.catalina.core.ApplicationFilterChain.internalDoFilter(ApplicationFilterChain.java:166)
	at org.apache.catalina.core.ApplicationFilterChain.doFilter(ApplicationFilterChain.java:142)
	at org.springframework.web.filter.CharacterEncodingFilter.doFilterInternal(CharacterEncodingFilter.java:201)
	at org.springframework.web.filter.OncePerRequestFilter.doFilter(OncePerRequestFilter.java:117)
	at org.apache.catalina.core.ApplicationFilterChain.internalDoFilter(ApplicationFilterChain.java:166)
	at org.apache.catalina.core.ApplicationFilterChain.doFilter(ApplicationFilterChain.java:142)
	at org.apache.catalina.core.StandardWrapperValve.invoke(StandardWrapperValve.java:166)
	at org.apache.catalina.core.StandardContextValve.invoke(StandardContextValve.java:88)
	at org.apache.catalina.authenticator.AuthenticatorBase.invoke(AuthenticatorBase.java:491)
	at org.apache.catalina.core.StandardHostValve.invoke(StandardHostValve.java:127)
	at org.apache.catalina.valves.ErrorReportValve.invoke(ErrorReportValve.java:83)
	at org.apache.catalina.core.StandardEngineValve.invoke(StandardEngineValve.java:72)
	at org.apache.catalina.connector.CoyoteAdapter.service(CoyoteAdapter.java:344)
	at org.apache.coyote.http11.Http11Processor.service(Http11Processor.java:398)
	at org.apache.coyote.AbstractProcessorLight.process(AbstractProcessorLight.java:63)
	at org.apache.coyote.AbstractProtocol$ConnectionHandler.process(AbstractProtocol.java:939)
	at org.apache.tomcat.util.net.NioEndpoint$SocketProcessor.doRun(NioEndpoint.java:1854)
	at org.apache.tomcat.util.net.SocketProcessorBase.run(SocketProcessorBase.java:52)
	at org.apache.tomcat.util.threads.ThreadPoolExecutor.runWorker(ThreadPoolExecutor.java:973)
	at org.apache.tomcat.util.threads.ThreadPoolExecutor$Worker.run(ThreadPoolExecutor.java:491)
	at org.apache.tomcat.util.threads.TaskThread$WrappingRunnable.run(TaskThread.java:63)
	at java.base/java.lang.Thread.run(Thread.java:840)
Caused by: it.unibz.inf.ontop.exception.OntopReformulationException: it.unibz.inf.ontop.exception.MinorOntopInternalBugException: Was expecting a unique and known DB term type to be extracted for the SQL variable id1m1
	at it.unibz.inf.ontop.answering.reformulation.impl.QuestQueryProcessor.reformulateIntoNativeQuery(QuestQueryProcessor.java:154)
	at it.unibz.inf.ontop.answering.connection.impl.QuestStatement.executeBooleanQuery(QuestStatement.java:148)
	at it.unibz.inf.ontop.answering.connection.impl.QuestStatement.lambda$execute$3(QuestStatement.java:227)
	at it.unibz.inf.ontop.answering.connection.impl.QuestStatement$QueryExecutionThread.run(QuestStatement.java:108)
Caused by: it.unibz.inf.ontop.exception.MinorOntopInternalBugException: Was expecting a unique and known DB term type to be extracted for the SQL variable id1m1
	at it.unibz.inf.ontop.generation.DefaultSQLIQTree2NativeNodeGenerator.lambda$extractUniqueKnownType$6(DefaultSQLIQTree2NativeNodeGenerator.java:84)
	at java.base/java.util.Optional.orElseThrow(Optional.java:403)
	at it.unibz.inf.ontop.generation.DefaultSQLIQTree2NativeNodeGenerator.extractUniqueKnownType(DefaultSQLIQTree2NativeNodeGenerator.java:84)
	at it.unibz.inf.ontop.generation.DefaultSQLIQTree2NativeNodeGenerator.lambda$extractVariableTypeMap$2(DefaultSQLIQTree2NativeNodeGenerator.java:76)
	at it.unibz.inf.ontop.utils.ImmutableCollectors.lambda$toMap$0(ImmutableCollectors.java:110)
	at java.base/java.util.stream.ReduceOps$3ReducingSink.accept(ReduceOps.java:169)
	at java.base/java.util.Spliterators$ArraySpliterator.forEachRemaining(Spliterators.java:992)
	at java.base/java.util.stream.AbstractPipeline.copyInto(AbstractPipeline.java:509)
	at java.base/java.util.stream.AbstractPipeline.wrapAndCopyInto(AbstractPipeline.java:499)
	at java.base/java.util.stream.ReduceOps$ReduceOp.evaluateSequential(ReduceOps.java:921)
	at java.base/java.util.stream.AbstractPipeline.evaluate(AbstractPipeline.java:234)
	at java.base/java.util.stream.ReferencePipeline.collect(ReferencePipeline.java:682)
	at it.unibz.inf.ontop.generation.DefaultSQLIQTree2NativeNodeGenerator.extractVariableTypeMap(DefaultSQLIQTree2NativeNodeGenerator.java:74)
	at it.unibz.inf.ontop.generation.DefaultSQLIQTree2NativeNodeGenerator.generate(DefaultSQLIQTree2NativeNodeGenerator.java:61)
	at it.unibz.inf.ontop.answering.reformulation.generation.impl.SQLGeneratorImpl.generateSourceQuery(SQLGeneratorImpl.java:156)
	at it.unibz.inf.ontop.answering.reformulation.generation.impl.SQLGeneratorImpl.generateSourceQuery(SQLGeneratorImpl.java:131)
	at it.unibz.inf.ontop.answering.reformulation.generation.impl.SQLGeneratorImpl.generateSourceQuery(SQLGeneratorImpl.java:111)
	at it.unibz.inf.ontop.answering.reformulation.impl.QuestQueryProcessor.generateExecutableQuery(QuestQueryProcessor.java:163)
	at it.unibz.inf.ontop.answering.reformulation.impl.QuestQueryProcessor.reformulateIntoNativeQuery(QuestQueryProcessor.java:123)
	... 3 more
12:10:41.604 |-WARN  in i.u.i.o.a.r.impl.QuestQueryProcessor - Unexpected exception: Was expecting a unique and known DB term type to be extracted for the SQL variable id1m1
it.unibz.inf.ontop.exception.MinorOntopInternalBugException: Was expecting a unique and known DB term type to be extracted for the SQL variable id1m1
	at it.unibz.inf.ontop.generation.DefaultSQLIQTree2NativeNodeGenerator.lambda$extractUniqueKnownType$6(DefaultSQLIQTree2NativeNodeGenerator.java:84)
	at java.base/java.util.Optional.orElseThrow(Optional.java:403)
	at it.unibz.inf.ontop.generation.DefaultSQLIQTree2NativeNodeGenerator.extractUniqueKnownType(DefaultSQLIQTree2NativeNodeGenerator.java:84)
	at it.unibz.inf.ontop.generation.DefaultSQLIQTree2NativeNodeGenerator.lambda$extractVariableTypeMap$2(DefaultSQLIQTree2NativeNodeGenerator.java:76)
	at it.unibz.inf.ontop.utils.ImmutableCollectors.lambda$toMap$0(ImmutableCollectors.java:110)
	at java.base/java.util.stream.ReduceOps$3ReducingSink.accept(ReduceOps.java:169)
	at java.base/java.util.Spliterators$ArraySpliterator.forEachRemaining(Spliterators.java:992)
	at java.base/java.util.stream.AbstractPipeline.copyInto(AbstractPipeline.java:509)
	at java.base/java.util.stream.AbstractPipeline.wrapAndCopyInto(AbstractPipeline.java:499)
	at java.base/java.util.stream.ReduceOps$ReduceOp.evaluateSequential(ReduceOps.java:921)
	at java.base/java.util.stream.AbstractPipeline.evaluate(AbstractPipeline.java:234)
	at java.base/java.util.stream.ReferencePipeline.collect(ReferencePipeline.java:682)
	at it.unibz.inf.ontop.generation.DefaultSQLIQTree2NativeNodeGenerator.extractVariableTypeMap(DefaultSQLIQTree2NativeNodeGenerator.java:74)
	at it.unibz.inf.ontop.generation.DefaultSQLIQTree2NativeNodeGenerator.generate(DefaultSQLIQTree2NativeNodeGenerator.java:61)
	at it.unibz.inf.ontop.answering.reformulation.generation.impl.SQLGeneratorImpl.generateSourceQuery(SQLGeneratorImpl.java:156)
	at it.unibz.inf.ontop.answering.reformulation.generation.impl.SQLGeneratorImpl.generateSourceQuery(SQLGeneratorImpl.java:131)
	at it.unibz.inf.ontop.answering.reformulation.generation.impl.SQLGeneratorImpl.generateSourceQuery(SQLGeneratorImpl.java:111)
	at it.unibz.inf.ontop.answering.reformulation.impl.QuestQueryProcessor.generateExecutableQuery(QuestQueryProcessor.java:163)
	at it.unibz.inf.ontop.answering.reformulation.impl.QuestQueryProcessor.reformulateIntoNativeQuery(QuestQueryProcessor.java:123)
	at it.unibz.inf.ontop.answering.connection.impl.QuestStatement.executeBooleanQuery(QuestStatement.java:148)
	at it.unibz.inf.ontop.answering.connection.impl.QuestStatement.lambda$execute$3(QuestStatement.java:227)
	at it.unibz.inf.ontop.answering.connection.impl.QuestStatement$QueryExecutionThread.run(QuestStatement.java:108)
12:10:41.605 |-ERROR in i.u.i.o.a.c.impl.QuestStatement - it.unibz.inf.ontop.exception.MinorOntopInternalBugException: Was expecting a unique and known DB term type to be extracted for the SQL variable id1m1
it.unibz.inf.ontop.exception.OntopReformulationException: it.unibz.inf.ontop.exception.MinorOntopInternalBugException: Was expecting a unique and known DB term type to be extracted for the SQL variable id1m1
	at it.unibz.inf.ontop.answering.reformulation.impl.QuestQueryProcessor.reformulateIntoNativeQuery(QuestQueryProcessor.java:154)
	at it.unibz.inf.ontop.answering.connection.impl.QuestStatement.executeBooleanQuery(QuestStatement.java:148)
	at it.unibz.inf.ontop.answering.connection.impl.QuestStatement.lambda$execute$3(QuestStatement.java:227)
	at it.unibz.inf.ontop.answering.connection.impl.QuestStatement$QueryExecutionThread.run(QuestStatement.java:108)
Caused by: it.unibz.inf.ontop.exception.MinorOntopInternalBugException: Was expecting a unique and known DB term type to be extracted for the SQL variable id1m1
	at it.unibz.inf.ontop.generation.DefaultSQLIQTree2NativeNodeGenerator.lambda$extractUniqueKnownType$6(DefaultSQLIQTree2NativeNodeGenerator.java:84)
	at java.base/java.util.Optional.orElseThrow(Optional.java:403)
	at it.unibz.inf.ontop.generation.DefaultSQLIQTree2NativeNodeGenerator.extractUniqueKnownType(DefaultSQLIQTree2NativeNodeGenerator.java:84)
	at it.unibz.inf.ontop.generation.DefaultSQLIQTree2NativeNodeGenerator.lambda$extractVariableTypeMap$2(DefaultSQLIQTree2NativeNodeGenerator.java:76)
	at it.unibz.inf.ontop.utils.ImmutableCollectors.lambda$toMap$0(ImmutableCollectors.java:110)
	at java.base/java.util.stream.ReduceOps$3ReducingSink.accept(ReduceOps.java:169)
	at java.base/java.util.Spliterators$ArraySpliterator.forEachRemaining(Spliterators.java:992)
	at java.base/java.util.stream.AbstractPipeline.copyInto(AbstractPipeline.java:509)
	at java.base/java.util.stream.AbstractPipeline.wrapAndCopyInto(AbstractPipeline.java:499)
	at java.base/java.util.stream.ReduceOps$ReduceOp.evaluateSequential(ReduceOps.java:921)
	at java.base/java.util.stream.AbstractPipeline.evaluate(AbstractPipeline.java:234)
	at java.base/java.util.stream.ReferencePipeline.collect(ReferencePipeline.java:682)
	at it.unibz.inf.ontop.generation.DefaultSQLIQTree2NativeNodeGenerator.extractVariableTypeMap(DefaultSQLIQTree2NativeNodeGenerator.java:74)
	at it.unibz.inf.ontop.generation.DefaultSQLIQTree2NativeNodeGenerator.generate(DefaultSQLIQTree2NativeNodeGenerator.java:61)
	at it.unibz.inf.ontop.answering.reformulation.generation.impl.SQLGeneratorImpl.generateSourceQuery(SQLGeneratorImpl.java:156)
	at it.unibz.inf.ontop.answering.reformulation.generation.impl.SQLGeneratorImpl.generateSourceQuery(SQLGeneratorImpl.java:131)
	at it.unibz.inf.ontop.answering.reformulation.generation.impl.SQLGeneratorImpl.generateSourceQuery(SQLGeneratorImpl.java:111)
	at it.unibz.inf.ontop.answering.reformulation.impl.QuestQueryProcessor.generateExecutableQuery(QuestQueryProcessor.java:163)
	at it.unibz.inf.ontop.answering.reformulation.impl.QuestQueryProcessor.reformulateIntoNativeQuery(QuestQueryProcessor.java:123)
	... 3 common frames omitted
org.eclipse.rdf4j.query.QueryEvaluationException: it.unibz.inf.ontop.exception.OntopReformulationException: it.unibz.inf.ontop.exception.MinorOntopInternalBugException: Was expecting a unique and known DB term type to be extracted for the SQL variable id1m1
	at it.unibz.inf.ontop.rdf4j.query.impl.OntopBooleanQuery.evaluate(OntopBooleanQuery.java:40)
	at it.unibz.inf.ontop.endpoint.processor.SparqlQueryExecutor.executeQuery(SparqlQueryExecutor.java:77)
	at it.unibz.inf.ontop.endpoint.controllers.SparqlQueryController.query_get(SparqlQueryController.java:42)
	at java.base/jdk.internal.reflect.NativeMethodAccessorImpl.invoke0(Native Method)
	at java.base/jdk.internal.reflect.NativeMethodAccessorImpl.invoke(NativeMethodAccessorImpl.java:77)
	at java.base/jdk.internal.reflect.DelegatingMethodAccessorImpl.invoke(DelegatingMethodAccessorImpl.java:43)
	at java.base/java.lang.reflect.Method.invoke(Method.java:569)
	at org.springframework.web.method.support.InvocableHandlerMethod.doInvoke(InvocableHandlerMethod.java:205)
	at org.springframework.web.method.support.InvocableHandlerMethod.invokeForRequest(InvocableHandlerMethod.java:150)
	at org.springframework.web.servlet.mvc.method.annotation.ServletInvocableHandlerMethod.invokeAndHandle(ServletInvocableHandlerMethod.java:117)
	at org.springframework.web.servlet.mvc.method.annotation.RequestMappingHandlerAdapter.invokeHandlerMethod(RequestMappingHandlerAdapter.java:895)
	at org.springframework.web.servlet.mvc.method.annotation.RequestMappingHandlerAdapter.handleInternal(RequestMappingHandlerAdapter.java:808)
	at org.springframework.web.servlet.mvc.method.AbstractHandlerMethodAdapter.handle(AbstractHandlerMethodAdapter.java:87)
	at org.springframework.web.servlet.DispatcherServlet.doDispatch(DispatcherServlet.java:1072)
	at org.springframework.web.servlet.DispatcherServlet.doService(DispatcherServlet.java:965)
	at org.springframework.web.servlet.FrameworkServlet.processRequest(FrameworkServlet.java:1006)
	at org.springframework.web.servlet.FrameworkServlet.doGet(FrameworkServlet.java:898)
	at javax.servlet.http.HttpServlet.service(HttpServlet.java:529)
	at org.springframework.web.servlet.FrameworkServlet.service(FrameworkServlet.java:883)
	at javax.servlet.http.HttpServlet.service(HttpServlet.java:623)
	at org.apache.catalina.core.ApplicationFilterChain.internalDoFilter(ApplicationFilterChain.java:197)
	at org.apache.catalina.core.ApplicationFilterChain.doFilter(ApplicationFilterChain.java:142)
	at org.apache.tomcat.websocket.server.WsFilter.doFilter(WsFilter.java:51)
	at org.apache.catalina.core.ApplicationFilterChain.internalDoFilter(ApplicationFilterChain.java:166)
	at org.apache.catalina.core.ApplicationFilterChain.doFilter(ApplicationFilterChain.java:142)
	at org.springframework.web.filter.RequestContextFilter.doFilterInternal(RequestContextFilter.java:100)
	at org.springframework.web.filter.OncePerRequestFilter.doFilter(OncePerRequestFilter.java:117)
	at org.apache.catalina.core.ApplicationFilterChain.internalDoFilter(ApplicationFilterChain.java:166)
	at org.apache.catalina.core.ApplicationFilterChain.doFilter(ApplicationFilterChain.java:142)
	at org.springframework.web.filter.FormContentFilter.doFilterInternal(FormContentFilter.java:93)
	at org.springframework.web.filter.OncePerRequestFilter.doFilter(OncePerRequestFilter.java:117)
	at org.apache.catalina.core.ApplicationFilterChain.internalDoFilter(ApplicationFilterChain.java:166)
	at org.apache.catalina.core.ApplicationFilterChain.doFilter(ApplicationFilterChain.java:142)
	at org.springframework.boot.actuate.metrics.web.servlet.WebMvcMetricsFilter.doFilterInternal(WebMvcMetricsFilter.java:96)
	at org.springframework.web.filter.OncePerRequestFilter.doFilter(OncePerRequestFilter.java:117)
	at org.apache.catalina.core.ApplicationFilterChain.internalDoFilter(ApplicationFilterChain.java:166)
	at org.apache.catalina.core.ApplicationFilterChain.doFilter(ApplicationFilterChain.java:142)
	at org.springframework.web.filter.CharacterEncodingFilter.doFilterInternal(CharacterEncodingFilter.java:201)
	at org.springframework.web.filter.OncePerRequestFilter.doFilter(OncePerRequestFilter.java:117)
	at org.apache.catalina.core.ApplicationFilterChain.internalDoFilter(ApplicationFilterChain.java:166)
	at org.apache.catalina.core.ApplicationFilterChain.doFilter(ApplicationFilterChain.java:142)
	at org.apache.catalina.core.StandardWrapperValve.invoke(StandardWrapperValve.java:166)
	at org.apache.catalina.core.StandardContextValve.invoke(StandardContextValve.java:88)
	at org.apache.catalina.authenticator.AuthenticatorBase.invoke(AuthenticatorBase.java:491)
	at org.apache.catalina.core.StandardHostValve.invoke(StandardHostValve.java:127)
	at org.apache.catalina.valves.ErrorReportValve.invoke(ErrorReportValve.java:83)
	at org.apache.catalina.core.StandardEngineValve.invoke(StandardEngineValve.java:72)
	at org.apache.catalina.connector.CoyoteAdapter.service(CoyoteAdapter.java:344)
	at org.apache.coyote.http11.Http11Processor.service(Http11Processor.java:398)
	at org.apache.coyote.AbstractProcessorLight.process(AbstractProcessorLight.java:63)
	at org.apache.coyote.AbstractProtocol$ConnectionHandler.process(AbstractProtocol.java:939)
	at org.apache.tomcat.util.net.NioEndpoint$SocketProcessor.doRun(NioEndpoint.java:1854)
	at org.apache.tomcat.util.net.SocketProcessorBase.run(SocketProcessorBase.java:52)
	at org.apache.tomcat.util.threads.ThreadPoolExecutor.runWorker(ThreadPoolExecutor.java:973)
	at org.apache.tomcat.util.threads.ThreadPoolExecutor$Worker.run(ThreadPoolExecutor.java:491)
	at org.apache.tomcat.util.threads.TaskThread$WrappingRunnable.run(TaskThread.java:63)
	at java.base/java.lang.Thread.run(Thread.java:840)
Caused by: it.unibz.inf.ontop.exception.OntopReformulationException: it.unibz.inf.ontop.exception.MinorOntopInternalBugException: Was expecting a unique and known DB term type to be extracted for the SQL variable id1m1
	at it.unibz.inf.ontop.answering.reformulation.impl.QuestQueryProcessor.reformulateIntoNativeQuery(QuestQueryProcessor.java:154)
	at it.unibz.inf.ontop.answering.connection.impl.QuestStatement.executeBooleanQuery(QuestStatement.java:148)
	at it.unibz.inf.ontop.answering.connection.impl.QuestStatement.lambda$execute$3(QuestStatement.java:227)
	at it.unibz.inf.ontop.answering.connection.impl.QuestStatement$QueryExecutionThread.run(QuestStatement.java:108)
Caused by: it.unibz.inf.ontop.exception.MinorOntopInternalBugException: Was expecting a unique and known DB term type to be extracted for the SQL variable id1m1
	at it.unibz.inf.ontop.generation.DefaultSQLIQTree2NativeNodeGenerator.lambda$extractUniqueKnownType$6(DefaultSQLIQTree2NativeNodeGenerator.java:84)
	at java.base/java.util.Optional.orElseThrow(Optional.java:403)
	at it.unibz.inf.ontop.generation.DefaultSQLIQTree2NativeNodeGenerator.extractUniqueKnownType(DefaultSQLIQTree2NativeNodeGenerator.java:84)
	at it.unibz.inf.ontop.generation.DefaultSQLIQTree2NativeNodeGenerator.lambda$extractVariableTypeMap$2(DefaultSQLIQTree2NativeNodeGenerator.java:76)
	at it.unibz.inf.ontop.utils.ImmutableCollectors.lambda$toMap$0(ImmutableCollectors.java:110)
	at java.base/java.util.stream.ReduceOps$3ReducingSink.accept(ReduceOps.java:169)
	at java.base/java.util.Spliterators$ArraySpliterator.forEachRemaining(Spliterators.java:992)
	at java.base/java.util.stream.AbstractPipeline.copyInto(AbstractPipeline.java:509)
	at java.base/java.util.stream.AbstractPipeline.wrapAndCopyInto(AbstractPipeline.java:499)
	at java.base/java.util.stream.ReduceOps$ReduceOp.evaluateSequential(ReduceOps.java:921)
	at java.base/java.util.stream.AbstractPipeline.evaluate(AbstractPipeline.java:234)
	at java.base/java.util.stream.ReferencePipeline.collect(ReferencePipeline.java:682)
	at it.unibz.inf.ontop.generation.DefaultSQLIQTree2NativeNodeGenerator.extractVariableTypeMap(DefaultSQLIQTree2NativeNodeGenerator.java:74)
	at it.unibz.inf.ontop.generation.DefaultSQLIQTree2NativeNodeGenerator.generate(DefaultSQLIQTree2NativeNodeGenerator.java:61)
	at it.unibz.inf.ontop.answering.reformulation.generation.impl.SQLGeneratorImpl.generateSourceQuery(SQLGeneratorImpl.java:156)
	at it.unibz.inf.ontop.answering.reformulation.generation.impl.SQLGeneratorImpl.generateSourceQuery(SQLGeneratorImpl.java:131)
	at it.unibz.inf.ontop.answering.reformulation.generation.impl.SQLGeneratorImpl.generateSourceQuery(SQLGeneratorImpl.java:111)
	at it.unibz.inf.ontop.answering.reformulation.impl.QuestQueryProcessor.generateExecutableQuery(QuestQueryProcessor.java:163)
	at it.unibz.inf.ontop.answering.reformulation.impl.QuestQueryProcessor.reformulateIntoNativeQuery(QuestQueryProcessor.java:123)
	... 3 more
12:10:42.651 |-WARN  in i.u.i.o.a.r.impl.QuestQueryProcessor - Unexpected exception: Was expecting a unique and known DB term type to be extracted for the SQL variable id1m1
it.unibz.inf.ontop.exception.MinorOntopInternalBugException: Was expecting a unique and known DB term type to be extracted for the SQL variable id1m1
	at it.unibz.inf.ontop.generation.DefaultSQLIQTree2NativeNodeGenerator.lambda$extractUniqueKnownType$6(DefaultSQLIQTree2NativeNodeGenerator.java:84)
	at java.base/java.util.Optional.orElseThrow(Optional.java:403)
	at it.unibz.inf.ontop.generation.DefaultSQLIQTree2NativeNodeGenerator.extractUniqueKnownType(DefaultSQLIQTree2NativeNodeGenerator.java:84)
	at it.unibz.inf.ontop.generation.DefaultSQLIQTree2NativeNodeGenerator.lambda$extractVariableTypeMap$2(DefaultSQLIQTree2NativeNodeGenerator.java:76)
	at it.unibz.inf.ontop.utils.ImmutableCollectors.lambda$toMap$0(ImmutableCollectors.java:110)
	at java.base/java.util.stream.ReduceOps$3ReducingSink.accept(ReduceOps.java:169)
	at java.base/java.util.Spliterators$ArraySpliterator.forEachRemaining(Spliterators.java:992)
	at java.base/java.util.stream.AbstractPipeline.copyInto(AbstractPipeline.java:509)
	at java.base/java.util.stream.AbstractPipeline.wrapAndCopyInto(AbstractPipeline.java:499)
	at java.base/java.util.stream.ReduceOps$ReduceOp.evaluateSequential(ReduceOps.java:921)
	at java.base/java.util.stream.AbstractPipeline.evaluate(AbstractPipeline.java:234)
	at java.base/java.util.stream.ReferencePipeline.collect(ReferencePipeline.java:682)
	at it.unibz.inf.ontop.generation.DefaultSQLIQTree2NativeNodeGenerator.extractVariableTypeMap(DefaultSQLIQTree2NativeNodeGenerator.java:74)
	at it.unibz.inf.ontop.generation.DefaultSQLIQTree2NativeNodeGenerator.generate(DefaultSQLIQTree2NativeNodeGenerator.java:61)
	at it.unibz.inf.ontop.answering.reformulation.generation.impl.SQLGeneratorImpl.generateSourceQuery(SQLGeneratorImpl.java:156)
	at it.unibz.inf.ontop.answering.reformulation.generation.impl.SQLGeneratorImpl.generateSourceQuery(SQLGeneratorImpl.java:131)
	at it.unibz.inf.ontop.answering.reformulation.generation.impl.SQLGeneratorImpl.generateSourceQuery(SQLGeneratorImpl.java:111)
	at it.unibz.inf.ontop.answering.reformulation.impl.QuestQueryProcessor.generateExecutableQuery(QuestQueryProcessor.java:163)
	at it.unibz.inf.ontop.answering.reformulation.impl.QuestQueryProcessor.reformulateIntoNativeQuery(QuestQueryProcessor.java:123)
	at it.unibz.inf.ontop.answering.connection.impl.QuestStatement.executeBooleanQuery(QuestStatement.java:148)
	at it.unibz.inf.ontop.answering.connection.impl.QuestStatement.lambda$execute$3(QuestStatement.java:227)
	at it.unibz.inf.ontop.answering.connection.impl.QuestStatement$QueryExecutionThread.run(QuestStatement.java:108)
12:10:42.651 |-ERROR in i.u.i.o.a.c.impl.QuestStatement - it.unibz.inf.ontop.exception.MinorOntopInternalBugException: Was expecting a unique and known DB term type to be extracted for the SQL variable id1m1
it.unibz.inf.ontop.exception.OntopReformulationException: it.unibz.inf.ontop.exception.MinorOntopInternalBugException: Was expecting a unique and known DB term type to be extracted for the SQL variable id1m1
	at it.unibz.inf.ontop.answering.reformulation.impl.QuestQueryProcessor.reformulateIntoNativeQuery(QuestQueryProcessor.java:154)
	at it.unibz.inf.ontop.answering.connection.impl.QuestStatement.executeBooleanQuery(QuestStatement.java:148)
	at it.unibz.inf.ontop.answering.connection.impl.QuestStatement.lambda$execute$3(QuestStatement.java:227)
	at it.unibz.inf.ontop.answering.connection.impl.QuestStatement$QueryExecutionThread.run(QuestStatement.java:108)
Caused by: it.unibz.inf.ontop.exception.MinorOntopInternalBugException: Was expecting a unique and known DB term type to be extracted for the SQL variable id1m1
	at it.unibz.inf.ontop.generation.DefaultSQLIQTree2NativeNodeGenerator.lambda$extractUniqueKnownType$6(DefaultSQLIQTree2NativeNodeGenerator.java:84)
	at java.base/java.util.Optional.orElseThrow(Optional.java:403)
	at it.unibz.inf.ontop.generation.DefaultSQLIQTree2NativeNodeGenerator.extractUniqueKnownType(DefaultSQLIQTree2NativeNodeGenerator.java:84)
	at it.unibz.inf.ontop.generation.DefaultSQLIQTree2NativeNodeGenerator.lambda$extractVariableTypeMap$2(DefaultSQLIQTree2NativeNodeGenerator.java:76)
	at it.unibz.inf.ontop.utils.ImmutableCollectors.lambda$toMap$0(ImmutableCollectors.java:110)
	at java.base/java.util.stream.ReduceOps$3ReducingSink.accept(ReduceOps.java:169)
	at java.base/java.util.Spliterators$ArraySpliterator.forEachRemaining(Spliterators.java:992)
	at java.base/java.util.stream.AbstractPipeline.copyInto(AbstractPipeline.java:509)
	at java.base/java.util.stream.AbstractPipeline.wrapAndCopyInto(AbstractPipeline.java:499)
	at java.base/java.util.stream.ReduceOps$ReduceOp.evaluateSequential(ReduceOps.java:921)
	at java.base/java.util.stream.AbstractPipeline.evaluate(AbstractPipeline.java:234)
	at java.base/java.util.stream.ReferencePipeline.collect(ReferencePipeline.java:682)
	at it.unibz.inf.ontop.generation.DefaultSQLIQTree2NativeNodeGenerator.extractVariableTypeMap(DefaultSQLIQTree2NativeNodeGenerator.java:74)
	at it.unibz.inf.ontop.generation.DefaultSQLIQTree2NativeNodeGenerator.generate(DefaultSQLIQTree2NativeNodeGenerator.java:61)
	at it.unibz.inf.ontop.answering.reformulation.generation.impl.SQLGeneratorImpl.generateSourceQuery(SQLGeneratorImpl.java:156)
	at it.unibz.inf.ontop.answering.reformulation.generation.impl.SQLGeneratorImpl.generateSourceQuery(SQLGeneratorImpl.java:131)
	at it.unibz.inf.ontop.answering.reformulation.generation.impl.SQLGeneratorImpl.generateSourceQuery(SQLGeneratorImpl.java:111)
	at it.unibz.inf.ontop.answering.reformulation.impl.QuestQueryProcessor.generateExecutableQuery(QuestQueryProcessor.java:163)
	at it.unibz.inf.ontop.answering.reformulation.impl.QuestQueryProcessor.reformulateIntoNativeQuery(QuestQueryProcessor.java:123)
	... 3 common frames omitted
org.eclipse.rdf4j.query.QueryEvaluationException: it.unibz.inf.ontop.exception.OntopReformulationException: it.unibz.inf.ontop.exception.MinorOntopInternalBugException: Was expecting a unique and known DB term type to be extracted for the SQL variable id1m1
	at it.unibz.inf.ontop.rdf4j.query.impl.OntopBooleanQuery.evaluate(OntopBooleanQuery.java:40)
	at it.unibz.inf.ontop.endpoint.processor.SparqlQueryExecutor.executeQuery(SparqlQueryExecutor.java:77)
	at it.unibz.inf.ontop.endpoint.controllers.SparqlQueryController.query_get(SparqlQueryController.java:42)
	at java.base/jdk.internal.reflect.NativeMethodAccessorImpl.invoke0(Native Method)
	at java.base/jdk.internal.reflect.NativeMethodAccessorImpl.invoke(NativeMethodAccessorImpl.java:77)
	at java.base/jdk.internal.reflect.DelegatingMethodAccessorImpl.invoke(DelegatingMethodAccessorImpl.java:43)
	at java.base/java.lang.reflect.Method.invoke(Method.java:569)
	at org.springframework.web.method.support.InvocableHandlerMethod.doInvoke(InvocableHandlerMethod.java:205)
	at org.springframework.web.method.support.InvocableHandlerMethod.invokeForRequest(InvocableHandlerMethod.java:150)
	at org.springframework.web.servlet.mvc.method.annotation.ServletInvocableHandlerMethod.invokeAndHandle(ServletInvocableHandlerMethod.java:117)
	at org.springframework.web.servlet.mvc.method.annotation.RequestMappingHandlerAdapter.invokeHandlerMethod(RequestMappingHandlerAdapter.java:895)
	at org.springframework.web.servlet.mvc.method.annotation.RequestMappingHandlerAdapter.handleInternal(RequestMappingHandlerAdapter.java:808)
	at org.springframework.web.servlet.mvc.method.AbstractHandlerMethodAdapter.handle(AbstractHandlerMethodAdapter.java:87)
	at org.springframework.web.servlet.DispatcherServlet.doDispatch(DispatcherServlet.java:1072)
	at org.springframework.web.servlet.DispatcherServlet.doService(DispatcherServlet.java:965)
	at org.springframework.web.servlet.FrameworkServlet.processRequest(FrameworkServlet.java:1006)
	at org.springframework.web.servlet.FrameworkServlet.doGet(FrameworkServlet.java:898)
	at javax.servlet.http.HttpServlet.service(HttpServlet.java:529)
	at org.springframework.web.servlet.FrameworkServlet.service(FrameworkServlet.java:883)
	at javax.servlet.http.HttpServlet.service(HttpServlet.java:623)
	at org.apache.catalina.core.ApplicationFilterChain.internalDoFilter(ApplicationFilterChain.java:197)
	at org.apache.catalina.core.ApplicationFilterChain.doFilter(ApplicationFilterChain.java:142)
	at org.apache.tomcat.websocket.server.WsFilter.doFilter(WsFilter.java:51)
	at org.apache.catalina.core.ApplicationFilterChain.internalDoFilter(ApplicationFilterChain.java:166)
	at org.apache.catalina.core.ApplicationFilterChain.doFilter(ApplicationFilterChain.java:142)
	at org.springframework.web.filter.RequestContextFilter.doFilterInternal(RequestContextFilter.java:100)
	at org.springframework.web.filter.OncePerRequestFilter.doFilter(OncePerRequestFilter.java:117)
	at org.apache.catalina.core.ApplicationFilterChain.internalDoFilter(ApplicationFilterChain.java:166)
	at org.apache.catalina.core.ApplicationFilterChain.doFilter(ApplicationFilterChain.java:142)
	at org.springframework.web.filter.FormContentFilter.doFilterInternal(FormContentFilter.java:93)
	at org.springframework.web.filter.OncePerRequestFilter.doFilter(OncePerRequestFilter.java:117)
	at org.apache.catalina.core.ApplicationFilterChain.internalDoFilter(ApplicationFilterChain.java:166)
	at org.apache.catalina.core.ApplicationFilterChain.doFilter(ApplicationFilterChain.java:142)
	at org.springframework.boot.actuate.metrics.web.servlet.WebMvcMetricsFilter.doFilterInternal(WebMvcMetricsFilter.java:96)
	at org.springframework.web.filter.OncePerRequestFilter.doFilter(OncePerRequestFilter.java:117)
	at org.apache.catalina.core.ApplicationFilterChain.internalDoFilter(ApplicationFilterChain.java:166)
	at org.apache.catalina.core.ApplicationFilterChain.doFilter(ApplicationFilterChain.java:142)
	at org.springframework.web.filter.CharacterEncodingFilter.doFilterInternal(CharacterEncodingFilter.java:201)
	at org.springframework.web.filter.OncePerRequestFilter.doFilter(OncePerRequestFilter.java:117)
	at org.apache.catalina.core.ApplicationFilterChain.internalDoFilter(ApplicationFilterChain.java:166)
	at org.apache.catalina.core.ApplicationFilterChain.doFilter(ApplicationFilterChain.java:142)
	at org.apache.catalina.core.StandardWrapperValve.invoke(StandardWrapperValve.java:166)
	at org.apache.catalina.core.StandardContextValve.invoke(StandardContextValve.java:88)
	at org.apache.catalina.authenticator.AuthenticatorBase.invoke(AuthenticatorBase.java:491)
	at org.apache.catalina.core.StandardHostValve.invoke(StandardHostValve.java:127)
	at org.apache.catalina.valves.ErrorReportValve.invoke(ErrorReportValve.java:83)
	at org.apache.catalina.core.StandardEngineValve.invoke(StandardEngineValve.java:72)
	at org.apache.catalina.connector.CoyoteAdapter.service(CoyoteAdapter.java:344)
	at org.apache.coyote.http11.Http11Processor.service(Http11Processor.java:398)
	at org.apache.coyote.AbstractProcessorLight.process(AbstractProcessorLight.java:63)
	at org.apache.coyote.AbstractProtocol$ConnectionHandler.process(AbstractProtocol.java:939)
	at org.apache.tomcat.util.net.NioEndpoint$SocketProcessor.doRun(NioEndpoint.java:1854)
	at org.apache.tomcat.util.net.SocketProcessorBase.run(SocketProcessorBase.java:52)
	at org.apache.tomcat.util.threads.ThreadPoolExecutor.runWorker(ThreadPoolExecutor.java:973)
	at org.apache.tomcat.util.threads.ThreadPoolExecutor$Worker.run(ThreadPoolExecutor.java:491)
	at org.apache.tomcat.util.threads.TaskThread$WrappingRunnable.run(TaskThread.java:63)
	at java.base/java.lang.Thread.run(Thread.java:840)
Caused by: it.unibz.inf.ontop.exception.OntopReformulationException: it.unibz.inf.ontop.exception.MinorOntopInternalBugException: Was expecting a unique and known DB term type to be extracted for the SQL variable id1m1
	at it.unibz.inf.ontop.answering.reformulation.impl.QuestQueryProcessor.reformulateIntoNativeQuery(QuestQueryProcessor.java:154)
	at it.unibz.inf.ontop.answering.connection.impl.QuestStatement.executeBooleanQuery(QuestStatement.java:148)
	at it.unibz.inf.ontop.answering.connection.impl.QuestStatement.lambda$execute$3(QuestStatement.java:227)
	at it.unibz.inf.ontop.answering.connection.impl.QuestStatement$QueryExecutionThread.run(QuestStatement.java:108)
Caused by: it.unibz.inf.ontop.exception.MinorOntopInternalBugException: Was expecting a unique and known DB term type to be extracted for the SQL variable id1m1
	at it.unibz.inf.ontop.generation.DefaultSQLIQTree2NativeNodeGenerator.lambda$extractUniqueKnownType$6(DefaultSQLIQTree2NativeNodeGenerator.java:84)
	at java.base/java.util.Optional.orElseThrow(Optional.java:403)
	at it.unibz.inf.ontop.generation.DefaultSQLIQTree2NativeNodeGenerator.extractUniqueKnownType(DefaultSQLIQTree2NativeNodeGenerator.java:84)
	at it.unibz.inf.ontop.generation.DefaultSQLIQTree2NativeNodeGenerator.lambda$extractVariableTypeMap$2(DefaultSQLIQTree2NativeNodeGenerator.java:76)
	at it.unibz.inf.ontop.utils.ImmutableCollectors.lambda$toMap$0(ImmutableCollectors.java:110)
	at java.base/java.util.stream.ReduceOps$3ReducingSink.accept(ReduceOps.java:169)
	at java.base/java.util.Spliterators$ArraySpliterator.forEachRemaining(Spliterators.java:992)
	at java.base/java.util.stream.AbstractPipeline.copyInto(AbstractPipeline.java:509)
	at java.base/java.util.stream.AbstractPipeline.wrapAndCopyInto(AbstractPipeline.java:499)
	at java.base/java.util.stream.ReduceOps$ReduceOp.evaluateSequential(ReduceOps.java:921)
	at java.base/java.util.stream.AbstractPipeline.evaluate(AbstractPipeline.java:234)
	at java.base/java.util.stream.ReferencePipeline.collect(ReferencePipeline.java:682)
	at it.unibz.inf.ontop.generation.DefaultSQLIQTree2NativeNodeGenerator.extractVariableTypeMap(DefaultSQLIQTree2NativeNodeGenerator.java:74)
	at it.unibz.inf.ontop.generation.DefaultSQLIQTree2NativeNodeGenerator.generate(DefaultSQLIQTree2NativeNodeGenerator.java:61)
	at it.unibz.inf.ontop.answering.reformulation.generation.impl.SQLGeneratorImpl.generateSourceQuery(SQLGeneratorImpl.java:156)
	at it.unibz.inf.ontop.answering.reformulation.generation.impl.SQLGeneratorImpl.generateSourceQuery(SQLGeneratorImpl.java:131)
	at it.unibz.inf.ontop.answering.reformulation.generation.impl.SQLGeneratorImpl.generateSourceQuery(SQLGeneratorImpl.java:111)
	at it.unibz.inf.ontop.answering.reformulation.impl.QuestQueryProcessor.generateExecutableQuery(QuestQueryProcessor.java:163)
	at it.unibz.inf.ontop.answering.reformulation.impl.QuestQueryProcessor.reformulateIntoNativeQuery(QuestQueryProcessor.java:123)
	... 3 more
12:10:43.698 |-WARN  in i.u.i.o.a.r.impl.QuestQueryProcessor - Unexpected exception: Was expecting a unique and known DB term type to be extracted for the SQL variable id1m1
it.unibz.inf.ontop.exception.MinorOntopInternalBugException: Was expecting a unique and known DB term type to be extracted for the SQL variable id1m1
	at it.unibz.inf.ontop.generation.DefaultSQLIQTree2NativeNodeGenerator.lambda$extractUniqueKnownType$6(DefaultSQLIQTree2NativeNodeGenerator.java:84)
	at java.base/java.util.Optional.orElseThrow(Optional.java:403)
	at it.unibz.inf.ontop.generation.DefaultSQLIQTree2NativeNodeGenerator.extractUniqueKnownType(DefaultSQLIQTree2NativeNodeGenerator.java:84)
	at it.unibz.inf.ontop.generation.DefaultSQLIQTree2NativeNodeGenerator.lambda$extractVariableTypeMap$2(DefaultSQLIQTree2NativeNodeGenerator.java:76)
	at it.unibz.inf.ontop.utils.ImmutableCollectors.lambda$toMap$0(ImmutableCollectors.java:110)
	at java.base/java.util.stream.ReduceOps$3ReducingSink.accept(ReduceOps.java:169)
	at java.base/java.util.Spliterators$ArraySpliterator.forEachRemaining(Spliterators.java:992)
	at java.base/java.util.stream.AbstractPipeline.copyInto(AbstractPipeline.java:509)
	at java.base/java.util.stream.AbstractPipeline.wrapAndCopyInto(AbstractPipeline.java:499)
	at java.base/java.util.stream.ReduceOps$ReduceOp.evaluateSequential(ReduceOps.java:921)
	at java.base/java.util.stream.AbstractPipeline.evaluate(AbstractPipeline.java:234)
	at java.base/java.util.stream.ReferencePipeline.collect(ReferencePipeline.java:682)
	at it.unibz.inf.ontop.generation.DefaultSQLIQTree2NativeNodeGenerator.extractVariableTypeMap(DefaultSQLIQTree2NativeNodeGenerator.java:74)
	at it.unibz.inf.ontop.generation.DefaultSQLIQTree2NativeNodeGenerator.generate(DefaultSQLIQTree2NativeNodeGenerator.java:61)
	at it.unibz.inf.ontop.answering.reformulation.generation.impl.SQLGeneratorImpl.generateSourceQuery(SQLGeneratorImpl.java:156)
	at it.unibz.inf.ontop.answering.reformulation.generation.impl.SQLGeneratorImpl.generateSourceQuery(SQLGeneratorImpl.java:131)
	at it.unibz.inf.ontop.answering.reformulation.generation.impl.SQLGeneratorImpl.generateSourceQuery(SQLGeneratorImpl.java:111)
	at it.unibz.inf.ontop.answering.reformulation.impl.QuestQueryProcessor.generateExecutableQuery(QuestQueryProcessor.java:163)
	at it.unibz.inf.ontop.answering.reformulation.impl.QuestQueryProcessor.reformulateIntoNativeQuery(QuestQueryProcessor.java:123)
	at it.unibz.inf.ontop.answering.connection.impl.QuestStatement.executeBooleanQuery(QuestStatement.java:148)
	at it.unibz.inf.ontop.answering.connection.impl.QuestStatement.lambda$execute$3(QuestStatement.java:227)
	at it.unibz.inf.ontop.answering.connection.impl.QuestStatement$QueryExecutionThread.run(QuestStatement.java:108)
12:10:43.698 |-ERROR in i.u.i.o.a.c.impl.QuestStatement - it.unibz.inf.ontop.exception.MinorOntopInternalBugException: Was expecting a unique and known DB term type to be extracted for the SQL variable id1m1
it.unibz.inf.ontop.exception.OntopReformulationException: it.unibz.inf.ontop.exception.MinorOntopInternalBugException: Was expecting a unique and known DB term type to be extracted for the SQL variable id1m1
	at it.unibz.inf.ontop.answering.reformulation.impl.QuestQueryProcessor.reformulateIntoNativeQuery(QuestQueryProcessor.java:154)
	at it.unibz.inf.ontop.answering.connection.impl.QuestStatement.executeBooleanQuery(QuestStatement.java:148)
	at it.unibz.inf.ontop.answering.connection.impl.QuestStatement.lambda$execute$3(QuestStatement.java:227)
	at it.unibz.inf.ontop.answering.connection.impl.QuestStatement$QueryExecutionThread.run(QuestStatement.java:108)
Caused by: it.unibz.inf.ontop.exception.MinorOntopInternalBugException: Was expecting a unique and known DB term type to be extracted for the SQL variable id1m1
	at it.unibz.inf.ontop.generation.DefaultSQLIQTree2NativeNodeGenerator.lambda$extractUniqueKnownType$6(DefaultSQLIQTree2NativeNodeGenerator.java:84)
	at java.base/java.util.Optional.orElseThrow(Optional.java:403)
	at it.unibz.inf.ontop.generation.DefaultSQLIQTree2NativeNodeGenerator.extractUniqueKnownType(DefaultSQLIQTree2NativeNodeGenerator.java:84)
	at it.unibz.inf.ontop.generation.DefaultSQLIQTree2NativeNodeGenerator.lambda$extractVariableTypeMap$2(DefaultSQLIQTree2NativeNodeGenerator.java:76)
	at it.unibz.inf.ontop.utils.ImmutableCollectors.lambda$toMap$0(ImmutableCollectors.java:110)
	at java.base/java.util.stream.ReduceOps$3ReducingSink.accept(ReduceOps.java:169)
	at java.base/java.util.Spliterators$ArraySpliterator.forEachRemaining(Spliterators.java:992)
	at java.base/java.util.stream.AbstractPipeline.copyInto(AbstractPipeline.java:509)
	at java.base/java.util.stream.AbstractPipeline.wrapAndCopyInto(AbstractPipeline.java:499)
	at java.base/java.util.stream.ReduceOps$ReduceOp.evaluateSequential(ReduceOps.java:921)
	at java.base/java.util.stream.AbstractPipeline.evaluate(AbstractPipeline.java:234)
	at java.base/java.util.stream.ReferencePipeline.collect(ReferencePipeline.java:682)
	at it.unibz.inf.ontop.generation.DefaultSQLIQTree2NativeNodeGenerator.extractVariableTypeMap(DefaultSQLIQTree2NativeNodeGenerator.java:74)
	at it.unibz.inf.ontop.generation.DefaultSQLIQTree2NativeNodeGenerator.generate(DefaultSQLIQTree2NativeNodeGenerator.java:61)
	at it.unibz.inf.ontop.answering.reformulation.generation.impl.SQLGeneratorImpl.generateSourceQuery(SQLGeneratorImpl.java:156)
	at it.unibz.inf.ontop.answering.reformulation.generation.impl.SQLGeneratorImpl.generateSourceQuery(SQLGeneratorImpl.java:131)
	at it.unibz.inf.ontop.answering.reformulation.generation.impl.SQLGeneratorImpl.generateSourceQuery(SQLGeneratorImpl.java:111)
	at it.unibz.inf.ontop.answering.reformulation.impl.QuestQueryProcessor.generateExecutableQuery(QuestQueryProcessor.java:163)
	at it.unibz.inf.ontop.answering.reformulation.impl.QuestQueryProcessor.reformulateIntoNativeQuery(QuestQueryProcessor.java:123)
	... 3 common frames omitted
org.eclipse.rdf4j.query.QueryEvaluationException: it.unibz.inf.ontop.exception.OntopReformulationException: it.unibz.inf.ontop.exception.MinorOntopInternalBugException: Was expecting a unique and known DB term type to be extracted for the SQL variable id1m1
	at it.unibz.inf.ontop.rdf4j.query.impl.OntopBooleanQuery.evaluate(OntopBooleanQuery.java:40)
	at it.unibz.inf.ontop.endpoint.processor.SparqlQueryExecutor.executeQuery(SparqlQueryExecutor.java:77)
	at it.unibz.inf.ontop.endpoint.controllers.SparqlQueryController.query_get(SparqlQueryController.java:42)
	at java.base/jdk.internal.reflect.NativeMethodAccessorImpl.invoke0(Native Method)
	at java.base/jdk.internal.reflect.NativeMethodAccessorImpl.invoke(NativeMethodAccessorImpl.java:77)
	at java.base/jdk.internal.reflect.DelegatingMethodAccessorImpl.invoke(DelegatingMethodAccessorImpl.java:43)
	at java.base/java.lang.reflect.Method.invoke(Method.java:569)
	at org.springframework.web.method.support.InvocableHandlerMethod.doInvoke(InvocableHandlerMethod.java:205)
	at org.springframework.web.method.support.InvocableHandlerMethod.invokeForRequest(InvocableHandlerMethod.java:150)
	at org.springframework.web.servlet.mvc.method.annotation.ServletInvocableHandlerMethod.invokeAndHandle(ServletInvocableHandlerMethod.java:117)
	at org.springframework.web.servlet.mvc.method.annotation.RequestMappingHandlerAdapter.invokeHandlerMethod(RequestMappingHandlerAdapter.java:895)
	at org.springframework.web.servlet.mvc.method.annotation.RequestMappingHandlerAdapter.handleInternal(RequestMappingHandlerAdapter.java:808)
	at org.springframework.web.servlet.mvc.method.AbstractHandlerMethodAdapter.handle(AbstractHandlerMethodAdapter.java:87)
	at org.springframework.web.servlet.DispatcherServlet.doDispatch(DispatcherServlet.java:1072)
	at org.springframework.web.servlet.DispatcherServlet.doService(DispatcherServlet.java:965)
	at org.springframework.web.servlet.FrameworkServlet.processRequest(FrameworkServlet.java:1006)
	at org.springframework.web.servlet.FrameworkServlet.doGet(FrameworkServlet.java:898)
	at javax.servlet.http.HttpServlet.service(HttpServlet.java:529)
	at org.springframework.web.servlet.FrameworkServlet.service(FrameworkServlet.java:883)
	at javax.servlet.http.HttpServlet.service(HttpServlet.java:623)
	at org.apache.catalina.core.ApplicationFilterChain.internalDoFilter(ApplicationFilterChain.java:197)
	at org.apache.catalina.core.ApplicationFilterChain.doFilter(ApplicationFilterChain.java:142)
	at org.apache.tomcat.websocket.server.WsFilter.doFilter(WsFilter.java:51)
	at org.apache.catalina.core.ApplicationFilterChain.internalDoFilter(ApplicationFilterChain.java:166)
	at org.apache.catalina.core.ApplicationFilterChain.doFilter(ApplicationFilterChain.java:142)
	at org.springframework.web.filter.RequestContextFilter.doFilterInternal(RequestContextFilter.java:100)
	at org.springframework.web.filter.OncePerRequestFilter.doFilter(OncePerRequestFilter.java:117)
	at org.apache.catalina.core.ApplicationFilterChain.internalDoFilter(ApplicationFilterChain.java:166)
	at org.apache.catalina.core.ApplicationFilterChain.doFilter(ApplicationFilterChain.java:142)
	at org.springframework.web.filter.FormContentFilter.doFilterInternal(FormContentFilter.java:93)
	at org.springframework.web.filter.OncePerRequestFilter.doFilter(OncePerRequestFilter.java:117)
	at org.apache.catalina.core.ApplicationFilterChain.internalDoFilter(ApplicationFilterChain.java:166)
	at org.apache.catalina.core.ApplicationFilterChain.doFilter(ApplicationFilterChain.java:142)
	at org.springframework.boot.actuate.metrics.web.servlet.WebMvcMetricsFilter.doFilterInternal(WebMvcMetricsFilter.java:96)
	at org.springframework.web.filter.OncePerRequestFilter.doFilter(OncePerRequestFilter.java:117)
	at org.apache.catalina.core.ApplicationFilterChain.internalDoFilter(ApplicationFilterChain.java:166)
	at org.apache.catalina.core.ApplicationFilterChain.doFilter(ApplicationFilterChain.java:142)
	at org.springframework.web.filter.CharacterEncodingFilter.doFilterInternal(CharacterEncodingFilter.java:201)
	at org.springframework.web.filter.OncePerRequestFilter.doFilter(OncePerRequestFilter.java:117)
	at org.apache.catalina.core.ApplicationFilterChain.internalDoFilter(ApplicationFilterChain.java:166)
	at org.apache.catalina.core.ApplicationFilterChain.doFilter(ApplicationFilterChain.java:142)
	at org.apache.catalina.core.StandardWrapperValve.invoke(StandardWrapperValve.java:166)
	at org.apache.catalina.core.StandardContextValve.invoke(StandardContextValve.java:88)
	at org.apache.catalina.authenticator.AuthenticatorBase.invoke(AuthenticatorBase.java:491)
	at org.apache.catalina.core.StandardHostValve.invoke(StandardHostValve.java:127)
	at org.apache.catalina.valves.ErrorReportValve.invoke(ErrorReportValve.java:83)
	at org.apache.catalina.core.StandardEngineValve.invoke(StandardEngineValve.java:72)
	at org.apache.catalina.connector.CoyoteAdapter.service(CoyoteAdapter.java:344)
	at org.apache.coyote.http11.Http11Processor.service(Http11Processor.java:398)
	at org.apache.coyote.AbstractProcessorLight.process(AbstractProcessorLight.java:63)
	at org.apache.coyote.AbstractProtocol$ConnectionHandler.process(AbstractProtocol.java:939)
	at org.apache.tomcat.util.net.NioEndpoint$SocketProcessor.doRun(NioEndpoint.java:1854)
	at org.apache.tomcat.util.net.SocketProcessorBase.run(SocketProcessorBase.java:52)
	at org.apache.tomcat.util.threads.ThreadPoolExecutor.runWorker(ThreadPoolExecutor.java:973)
	at org.apache.tomcat.util.threads.ThreadPoolExecutor$Worker.run(ThreadPoolExecutor.java:491)
	at org.apache.tomcat.util.threads.TaskThread$WrappingRunnable.run(TaskThread.java:63)
	at java.base/java.lang.Thread.run(Thread.java:840)
Caused by: it.unibz.inf.ontop.exception.OntopReformulationException: it.unibz.inf.ontop.exception.MinorOntopInternalBugException: Was expecting a unique and known DB term type to be extracted for the SQL variable id1m1
	at it.unibz.inf.ontop.answering.reformulation.impl.QuestQueryProcessor.reformulateIntoNativeQuery(QuestQueryProcessor.java:154)
	at it.unibz.inf.ontop.answering.connection.impl.QuestStatement.executeBooleanQuery(QuestStatement.java:148)
	at it.unibz.inf.ontop.answering.connection.impl.QuestStatement.lambda$execute$3(QuestStatement.java:227)
	at it.unibz.inf.ontop.answering.connection.impl.QuestStatement$QueryExecutionThread.run(QuestStatement.java:108)
Caused by: it.unibz.inf.ontop.exception.MinorOntopInternalBugException: Was expecting a unique and known DB term type to be extracted for the SQL variable id1m1
	at it.unibz.inf.ontop.generation.DefaultSQLIQTree2NativeNodeGenerator.lambda$extractUniqueKnownType$6(DefaultSQLIQTree2NativeNodeGenerator.java:84)
	at java.base/java.util.Optional.orElseThrow(Optional.java:403)
	at it.unibz.inf.ontop.generation.DefaultSQLIQTree2NativeNodeGenerator.extractUniqueKnownType(DefaultSQLIQTree2NativeNodeGenerator.java:84)
	at it.unibz.inf.ontop.generation.DefaultSQLIQTree2NativeNodeGenerator.lambda$extractVariableTypeMap$2(DefaultSQLIQTree2NativeNodeGenerator.java:76)
	at it.unibz.inf.ontop.utils.ImmutableCollectors.lambda$toMap$0(ImmutableCollectors.java:110)
	at java.base/java.util.stream.ReduceOps$3ReducingSink.accept(ReduceOps.java:169)
	at java.base/java.util.Spliterators$ArraySpliterator.forEachRemaining(Spliterators.java:992)
	at java.base/java.util.stream.AbstractPipeline.copyInto(AbstractPipeline.java:509)
	at java.base/java.util.stream.AbstractPipeline.wrapAndCopyInto(AbstractPipeline.java:499)
	at java.base/java.util.stream.ReduceOps$ReduceOp.evaluateSequential(ReduceOps.java:921)
	at java.base/java.util.stream.AbstractPipeline.evaluate(AbstractPipeline.java:234)
	at java.base/java.util.stream.ReferencePipeline.collect(ReferencePipeline.java:682)
	at it.unibz.inf.ontop.generation.DefaultSQLIQTree2NativeNodeGenerator.extractVariableTypeMap(DefaultSQLIQTree2NativeNodeGenerator.java:74)
	at it.unibz.inf.ontop.generation.DefaultSQLIQTree2NativeNodeGenerator.generate(DefaultSQLIQTree2NativeNodeGenerator.java:61)
	at it.unibz.inf.ontop.answering.reformulation.generation.impl.SQLGeneratorImpl.generateSourceQuery(SQLGeneratorImpl.java:156)
	at it.unibz.inf.ontop.answering.reformulation.generation.impl.SQLGeneratorImpl.generateSourceQuery(SQLGeneratorImpl.java:131)
	at it.unibz.inf.ontop.answering.reformulation.generation.impl.SQLGeneratorImpl.generateSourceQuery(SQLGeneratorImpl.java:111)
	at it.unibz.inf.ontop.answering.reformulation.impl.QuestQueryProcessor.generateExecutableQuery(QuestQueryProcessor.java:163)
	at it.unibz.inf.ontop.answering.reformulation.impl.QuestQueryProcessor.reformulateIntoNativeQuery(QuestQueryProcessor.java:123)
	... 3 more
12:10:44.735 |-WARN  in i.u.i.o.a.r.impl.QuestQueryProcessor - Unexpected exception: Was expecting a unique and known DB term type to be extracted for the SQL variable id1m1
it.unibz.inf.ontop.exception.MinorOntopInternalBugException: Was expecting a unique and known DB term type to be extracted for the SQL variable id1m1
	at it.unibz.inf.ontop.generation.DefaultSQLIQTree2NativeNodeGenerator.lambda$extractUniqueKnownType$6(DefaultSQLIQTree2NativeNodeGenerator.java:84)
	at java.base/java.util.Optional.orElseThrow(Optional.java:403)
	at it.unibz.inf.ontop.generation.DefaultSQLIQTree2NativeNodeGenerator.extractUniqueKnownType(DefaultSQLIQTree2NativeNodeGenerator.java:84)
	at it.unibz.inf.ontop.generation.DefaultSQLIQTree2NativeNodeGenerator.lambda$extractVariableTypeMap$2(DefaultSQLIQTree2NativeNodeGenerator.java:76)
	at it.unibz.inf.ontop.utils.ImmutableCollectors.lambda$toMap$0(ImmutableCollectors.java:110)
	at java.base/java.util.stream.ReduceOps$3ReducingSink.accept(ReduceOps.java:169)
	at java.base/java.util.Spliterators$ArraySpliterator.forEachRemaining(Spliterators.java:992)
	at java.base/java.util.stream.AbstractPipeline.copyInto(AbstractPipeline.java:509)
	at java.base/java.util.stream.AbstractPipeline.wrapAndCopyInto(AbstractPipeline.java:499)
	at java.base/java.util.stream.ReduceOps$ReduceOp.evaluateSequential(ReduceOps.java:921)
	at java.base/java.util.stream.AbstractPipeline.evaluate(AbstractPipeline.java:234)
	at java.base/java.util.stream.ReferencePipeline.collect(ReferencePipeline.java:682)
	at it.unibz.inf.ontop.generation.DefaultSQLIQTree2NativeNodeGenerator.extractVariableTypeMap(DefaultSQLIQTree2NativeNodeGenerator.java:74)
	at it.unibz.inf.ontop.generation.DefaultSQLIQTree2NativeNodeGenerator.generate(DefaultSQLIQTree2NativeNodeGenerator.java:61)
	at it.unibz.inf.ontop.answering.reformulation.generation.impl.SQLGeneratorImpl.generateSourceQuery(SQLGeneratorImpl.java:156)
	at it.unibz.inf.ontop.answering.reformulation.generation.impl.SQLGeneratorImpl.generateSourceQuery(SQLGeneratorImpl.java:131)
	at it.unibz.inf.ontop.answering.reformulation.generation.impl.SQLGeneratorImpl.generateSourceQuery(SQLGeneratorImpl.java:111)
	at it.unibz.inf.ontop.answering.reformulation.impl.QuestQueryProcessor.generateExecutableQuery(QuestQueryProcessor.java:163)
	at it.unibz.inf.ontop.answering.reformulation.impl.QuestQueryProcessor.reformulateIntoNativeQuery(QuestQueryProcessor.java:123)
	at it.unibz.inf.ontop.answering.connection.impl.QuestStatement.executeBooleanQuery(QuestStatement.java:148)
	at it.unibz.inf.ontop.answering.connection.impl.QuestStatement.lambda$execute$3(QuestStatement.java:227)
	at it.unibz.inf.ontop.answering.connection.impl.QuestStatement$QueryExecutionThread.run(QuestStatement.java:108)
12:10:44.735 |-ERROR in i.u.i.o.a.c.impl.QuestStatement - it.unibz.inf.ontop.exception.MinorOntopInternalBugException: Was expecting a unique and known DB term type to be extracted for the SQL variable id1m1
it.unibz.inf.ontop.exception.OntopReformulationException: it.unibz.inf.ontop.exception.MinorOntopInternalBugException: Was expecting a unique and known DB term type to be extracted for the SQL variable id1m1
	at it.unibz.inf.ontop.answering.reformulation.impl.QuestQueryProcessor.reformulateIntoNativeQuery(QuestQueryProcessor.java:154)
	at it.unibz.inf.ontop.answering.connection.impl.QuestStatement.executeBooleanQuery(QuestStatement.java:148)
	at it.unibz.inf.ontop.answering.connection.impl.QuestStatement.lambda$execute$3(QuestStatement.java:227)
	at it.unibz.inf.ontop.answering.connection.impl.QuestStatement$QueryExecutionThread.run(QuestStatement.java:108)
Caused by: it.unibz.inf.ontop.exception.MinorOntopInternalBugException: Was expecting a unique and known DB term type to be extracted for the SQL variable id1m1
	at it.unibz.inf.ontop.generation.DefaultSQLIQTree2NativeNodeGenerator.lambda$extractUniqueKnownType$6(DefaultSQLIQTree2NativeNodeGenerator.java:84)
	at java.base/java.util.Optional.orElseThrow(Optional.java:403)
	at it.unibz.inf.ontop.generation.DefaultSQLIQTree2NativeNodeGenerator.extractUniqueKnownType(DefaultSQLIQTree2NativeNodeGenerator.java:84)
	at it.unibz.inf.ontop.generation.DefaultSQLIQTree2NativeNodeGenerator.lambda$extractVariableTypeMap$2(DefaultSQLIQTree2NativeNodeGenerator.java:76)
	at it.unibz.inf.ontop.utils.ImmutableCollectors.lambda$toMap$0(ImmutableCollectors.java:110)
	at java.base/java.util.stream.ReduceOps$3ReducingSink.accept(ReduceOps.java:169)
	at java.base/java.util.Spliterators$ArraySpliterator.forEachRemaining(Spliterators.java:992)
	at java.base/java.util.stream.AbstractPipeline.copyInto(AbstractPipeline.java:509)
	at java.base/java.util.stream.AbstractPipeline.wrapAndCopyInto(AbstractPipeline.java:499)
	at java.base/java.util.stream.ReduceOps$ReduceOp.evaluateSequential(ReduceOps.java:921)
	at java.base/java.util.stream.AbstractPipeline.evaluate(AbstractPipeline.java:234)
	at java.base/java.util.stream.ReferencePipeline.collect(ReferencePipeline.java:682)
	at it.unibz.inf.ontop.generation.DefaultSQLIQTree2NativeNodeGenerator.extractVariableTypeMap(DefaultSQLIQTree2NativeNodeGenerator.java:74)
	at it.unibz.inf.ontop.generation.DefaultSQLIQTree2NativeNodeGenerator.generate(DefaultSQLIQTree2NativeNodeGenerator.java:61)
	at it.unibz.inf.ontop.answering.reformulation.generation.impl.SQLGeneratorImpl.generateSourceQuery(SQLGeneratorImpl.java:156)
	at it.unibz.inf.ontop.answering.reformulation.generation.impl.SQLGeneratorImpl.generateSourceQuery(SQLGeneratorImpl.java:131)
	at it.unibz.inf.ontop.answering.reformulation.generation.impl.SQLGeneratorImpl.generateSourceQuery(SQLGeneratorImpl.java:111)
	at it.unibz.inf.ontop.answering.reformulation.impl.QuestQueryProcessor.generateExecutableQuery(QuestQueryProcessor.java:163)
	at it.unibz.inf.ontop.answering.reformulation.impl.QuestQueryProcessor.reformulateIntoNativeQuery(QuestQueryProcessor.java:123)
	... 3 common frames omitted
org.eclipse.rdf4j.query.QueryEvaluationException: it.unibz.inf.ontop.exception.OntopReformulationException: it.unibz.inf.ontop.exception.MinorOntopInternalBugException: Was expecting a unique and known DB term type to be extracted for the SQL variable id1m1
	at it.unibz.inf.ontop.rdf4j.query.impl.OntopBooleanQuery.evaluate(OntopBooleanQuery.java:40)
	at it.unibz.inf.ontop.endpoint.processor.SparqlQueryExecutor.executeQuery(SparqlQueryExecutor.java:77)
	at it.unibz.inf.ontop.endpoint.controllers.SparqlQueryController.query_get(SparqlQueryController.java:42)
	at java.base/jdk.internal.reflect.NativeMethodAccessorImpl.invoke0(Native Method)
	at java.base/jdk.internal.reflect.NativeMethodAccessorImpl.invoke(NativeMethodAccessorImpl.java:77)
	at java.base/jdk.internal.reflect.DelegatingMethodAccessorImpl.invoke(DelegatingMethodAccessorImpl.java:43)
	at java.base/java.lang.reflect.Method.invoke(Method.java:569)
	at org.springframework.web.method.support.InvocableHandlerMethod.doInvoke(InvocableHandlerMethod.java:205)
	at org.springframework.web.method.support.InvocableHandlerMethod.invokeForRequest(InvocableHandlerMethod.java:150)
	at org.springframework.web.servlet.mvc.method.annotation.ServletInvocableHandlerMethod.invokeAndHandle(ServletInvocableHandlerMethod.java:117)
	at org.springframework.web.servlet.mvc.method.annotation.RequestMappingHandlerAdapter.invokeHandlerMethod(RequestMappingHandlerAdapter.java:895)
	at org.springframework.web.servlet.mvc.method.annotation.RequestMappingHandlerAdapter.handleInternal(RequestMappingHandlerAdapter.java:808)
	at org.springframework.web.servlet.mvc.method.AbstractHandlerMethodAdapter.handle(AbstractHandlerMethodAdapter.java:87)
	at org.springframework.web.servlet.DispatcherServlet.doDispatch(DispatcherServlet.java:1072)
	at org.springframework.web.servlet.DispatcherServlet.doService(DispatcherServlet.java:965)
	at org.springframework.web.servlet.FrameworkServlet.processRequest(FrameworkServlet.java:1006)
	at org.springframework.web.servlet.FrameworkServlet.doGet(FrameworkServlet.java:898)
	at javax.servlet.http.HttpServlet.service(HttpServlet.java:529)
	at org.springframework.web.servlet.FrameworkServlet.service(FrameworkServlet.java:883)
	at javax.servlet.http.HttpServlet.service(HttpServlet.java:623)
	at org.apache.catalina.core.ApplicationFilterChain.internalDoFilter(ApplicationFilterChain.java:197)
	at org.apache.catalina.core.ApplicationFilterChain.doFilter(ApplicationFilterChain.java:142)
	at org.apache.tomcat.websocket.server.WsFilter.doFilter(WsFilter.java:51)
	at org.apache.catalina.core.ApplicationFilterChain.internalDoFilter(ApplicationFilterChain.java:166)
	at org.apache.catalina.core.ApplicationFilterChain.doFilter(ApplicationFilterChain.java:142)
	at org.springframework.web.filter.RequestContextFilter.doFilterInternal(RequestContextFilter.java:100)
	at org.springframework.web.filter.OncePerRequestFilter.doFilter(OncePerRequestFilter.java:117)
	at org.apache.catalina.core.ApplicationFilterChain.internalDoFilter(ApplicationFilterChain.java:166)
	at org.apache.catalina.core.ApplicationFilterChain.doFilter(ApplicationFilterChain.java:142)
	at org.springframework.web.filter.FormContentFilter.doFilterInternal(FormContentFilter.java:93)
	at org.springframework.web.filter.OncePerRequestFilter.doFilter(OncePerRequestFilter.java:117)
	at org.apache.catalina.core.ApplicationFilterChain.internalDoFilter(ApplicationFilterChain.java:166)
	at org.apache.catalina.core.ApplicationFilterChain.doFilter(ApplicationFilterChain.java:142)
	at org.springframework.boot.actuate.metrics.web.servlet.WebMvcMetricsFilter.doFilterInternal(WebMvcMetricsFilter.java:96)
	at org.springframework.web.filter.OncePerRequestFilter.doFilter(OncePerRequestFilter.java:117)
	at org.apache.catalina.core.ApplicationFilterChain.internalDoFilter(ApplicationFilterChain.java:166)
	at org.apache.catalina.core.ApplicationFilterChain.doFilter(ApplicationFilterChain.java:142)
	at org.springframework.web.filter.CharacterEncodingFilter.doFilterInternal(CharacterEncodingFilter.java:201)
	at org.springframework.web.filter.OncePerRequestFilter.doFilter(OncePerRequestFilter.java:117)
	at org.apache.catalina.core.ApplicationFilterChain.internalDoFilter(ApplicationFilterChain.java:166)
	at org.apache.catalina.core.ApplicationFilterChain.doFilter(ApplicationFilterChain.java:142)
	at org.apache.catalina.core.StandardWrapperValve.invoke(StandardWrapperValve.java:166)
	at org.apache.catalina.core.StandardContextValve.invoke(StandardContextValve.java:88)
	at org.apache.catalina.authenticator.AuthenticatorBase.invoke(AuthenticatorBase.java:491)
	at org.apache.catalina.core.StandardHostValve.invoke(StandardHostValve.java:127)
	at org.apache.catalina.valves.ErrorReportValve.invoke(ErrorReportValve.java:83)
	at org.apache.catalina.core.StandardEngineValve.invoke(StandardEngineValve.java:72)
	at org.apache.catalina.connector.CoyoteAdapter.service(CoyoteAdapter.java:344)
	at org.apache.coyote.http11.Http11Processor.service(Http11Processor.java:398)
	at org.apache.coyote.AbstractProcessorLight.process(AbstractProcessorLight.java:63)
	at org.apache.coyote.AbstractProtocol$ConnectionHandler.process(AbstractProtocol.java:939)
	at org.apache.tomcat.util.net.NioEndpoint$SocketProcessor.doRun(NioEndpoint.java:1854)
	at org.apache.tomcat.util.net.SocketProcessorBase.run(SocketProcessorBase.java:52)
	at org.apache.tomcat.util.threads.ThreadPoolExecutor.runWorker(ThreadPoolExecutor.java:973)
	at org.apache.tomcat.util.threads.ThreadPoolExecutor$Worker.run(ThreadPoolExecutor.java:491)
	at org.apache.tomcat.util.threads.TaskThread$WrappingRunnable.run(TaskThread.java:63)
	at java.base/java.lang.Thread.run(Thread.java:840)
Caused by: it.unibz.inf.ontop.exception.OntopReformulationException: it.unibz.inf.ontop.exception.MinorOntopInternalBugException: Was expecting a unique and known DB term type to be extracted for the SQL variable id1m1
	at it.unibz.inf.ontop.answering.reformulation.impl.QuestQueryProcessor.reformulateIntoNativeQuery(QuestQueryProcessor.java:154)
	at it.unibz.inf.ontop.answering.connection.impl.QuestStatement.executeBooleanQuery(QuestStatement.java:148)
	at it.unibz.inf.ontop.answering.connection.impl.QuestStatement.lambda$execute$3(QuestStatement.java:227)
	at it.unibz.inf.ontop.answering.connection.impl.QuestStatement$QueryExecutionThread.run(QuestStatement.java:108)
Caused by: it.unibz.inf.ontop.exception.MinorOntopInternalBugException: Was expecting a unique and known DB term type to be extracted for the SQL variable id1m1
	at it.unibz.inf.ontop.generation.DefaultSQLIQTree2NativeNodeGenerator.lambda$extractUniqueKnownType$6(DefaultSQLIQTree2NativeNodeGenerator.java:84)
	at java.base/java.util.Optional.orElseThrow(Optional.java:403)
	at it.unibz.inf.ontop.generation.DefaultSQLIQTree2NativeNodeGenerator.extractUniqueKnownType(DefaultSQLIQTree2NativeNodeGenerator.java:84)
	at it.unibz.inf.ontop.generation.DefaultSQLIQTree2NativeNodeGenerator.lambda$extractVariableTypeMap$2(DefaultSQLIQTree2NativeNodeGenerator.java:76)
	at it.unibz.inf.ontop.utils.ImmutableCollectors.lambda$toMap$0(ImmutableCollectors.java:110)
	at java.base/java.util.stream.ReduceOps$3ReducingSink.accept(ReduceOps.java:169)
	at java.base/java.util.Spliterators$ArraySpliterator.forEachRemaining(Spliterators.java:992)
	at java.base/java.util.stream.AbstractPipeline.copyInto(AbstractPipeline.java:509)
	at java.base/java.util.stream.AbstractPipeline.wrapAndCopyInto(AbstractPipeline.java:499)
	at java.base/java.util.stream.ReduceOps$ReduceOp.evaluateSequential(ReduceOps.java:921)
	at java.base/java.util.stream.AbstractPipeline.evaluate(AbstractPipeline.java:234)
	at java.base/java.util.stream.ReferencePipeline.collect(ReferencePipeline.java:682)
	at it.unibz.inf.ontop.generation.DefaultSQLIQTree2NativeNodeGenerator.extractVariableTypeMap(DefaultSQLIQTree2NativeNodeGenerator.java:74)
	at it.unibz.inf.ontop.generation.DefaultSQLIQTree2NativeNodeGenerator.generate(DefaultSQLIQTree2NativeNodeGenerator.java:61)
	at it.unibz.inf.ontop.answering.reformulation.generation.impl.SQLGeneratorImpl.generateSourceQuery(SQLGeneratorImpl.java:156)
	at it.unibz.inf.ontop.answering.reformulation.generation.impl.SQLGeneratorImpl.generateSourceQuery(SQLGeneratorImpl.java:131)
	at it.unibz.inf.ontop.answering.reformulation.generation.impl.SQLGeneratorImpl.generateSourceQuery(SQLGeneratorImpl.java:111)
	at it.unibz.inf.ontop.answering.reformulation.impl.QuestQueryProcessor.generateExecutableQuery(QuestQueryProcessor.java:163)
	at it.unibz.inf.ontop.answering.reformulation.impl.QuestQueryProcessor.reformulateIntoNativeQuery(QuestQueryProcessor.java:123)
	... 3 more
12:10:45.773 |-WARN  in i.u.i.o.a.r.impl.QuestQueryProcessor - Unexpected exception: Was expecting a unique and known DB term type to be extracted for the SQL variable id1m1
it.unibz.inf.ontop.exception.MinorOntopInternalBugException: Was expecting a unique and known DB term type to be extracted for the SQL variable id1m1
	at it.unibz.inf.ontop.generation.DefaultSQLIQTree2NativeNodeGenerator.lambda$extractUniqueKnownType$6(DefaultSQLIQTree2NativeNodeGenerator.java:84)
	at java.base/java.util.Optional.orElseThrow(Optional.java:403)
	at it.unibz.inf.ontop.generation.DefaultSQLIQTree2NativeNodeGenerator.extractUniqueKnownType(DefaultSQLIQTree2NativeNodeGenerator.java:84)
	at it.unibz.inf.ontop.generation.DefaultSQLIQTree2NativeNodeGenerator.lambda$extractVariableTypeMap$2(DefaultSQLIQTree2NativeNodeGenerator.java:76)
	at it.unibz.inf.ontop.utils.ImmutableCollectors.lambda$toMap$0(ImmutableCollectors.java:110)
	at java.base/java.util.stream.ReduceOps$3ReducingSink.accept(ReduceOps.java:169)
	at java.base/java.util.Spliterators$ArraySpliterator.forEachRemaining(Spliterators.java:992)
	at java.base/java.util.stream.AbstractPipeline.copyInto(AbstractPipeline.java:509)
	at java.base/java.util.stream.AbstractPipeline.wrapAndCopyInto(AbstractPipeline.java:499)
	at java.base/java.util.stream.ReduceOps$ReduceOp.evaluateSequential(ReduceOps.java:921)
	at java.base/java.util.stream.AbstractPipeline.evaluate(AbstractPipeline.java:234)
	at java.base/java.util.stream.ReferencePipeline.collect(ReferencePipeline.java:682)
	at it.unibz.inf.ontop.generation.DefaultSQLIQTree2NativeNodeGenerator.extractVariableTypeMap(DefaultSQLIQTree2NativeNodeGenerator.java:74)
	at it.unibz.inf.ontop.generation.DefaultSQLIQTree2NativeNodeGenerator.generate(DefaultSQLIQTree2NativeNodeGenerator.java:61)
	at it.unibz.inf.ontop.answering.reformulation.generation.impl.SQLGeneratorImpl.generateSourceQuery(SQLGeneratorImpl.java:156)
	at it.unibz.inf.ontop.answering.reformulation.generation.impl.SQLGeneratorImpl.generateSourceQuery(SQLGeneratorImpl.java:131)
	at it.unibz.inf.ontop.answering.reformulation.generation.impl.SQLGeneratorImpl.generateSourceQuery(SQLGeneratorImpl.java:111)
	at it.unibz.inf.ontop.answering.reformulation.impl.QuestQueryProcessor.generateExecutableQuery(QuestQueryProcessor.java:163)
	at it.unibz.inf.ontop.answering.reformulation.impl.QuestQueryProcessor.reformulateIntoNativeQuery(QuestQueryProcessor.java:123)
	at it.unibz.inf.ontop.answering.connection.impl.QuestStatement.executeBooleanQuery(QuestStatement.java:148)
	at it.unibz.inf.ontop.answering.connection.impl.QuestStatement.lambda$execute$3(QuestStatement.java:227)
	at it.unibz.inf.ontop.answering.connection.impl.QuestStatement$QueryExecutionThread.run(QuestStatement.java:108)
12:10:45.774 |-ERROR in i.u.i.o.a.c.impl.QuestStatement - it.unibz.inf.ontop.exception.MinorOntopInternalBugException: Was expecting a unique and known DB term type to be extracted for the SQL variable id1m1
it.unibz.inf.ontop.exception.OntopReformulationException: it.unibz.inf.ontop.exception.MinorOntopInternalBugException: Was expecting a unique and known DB term type to be extracted for the SQL variable id1m1
	at it.unibz.inf.ontop.answering.reformulation.impl.QuestQueryProcessor.reformulateIntoNativeQuery(QuestQueryProcessor.java:154)
	at it.unibz.inf.ontop.answering.connection.impl.QuestStatement.executeBooleanQuery(QuestStatement.java:148)
	at it.unibz.inf.ontop.answering.connection.impl.QuestStatement.lambda$execute$3(QuestStatement.java:227)
	at it.unibz.inf.ontop.answering.connection.impl.QuestStatement$QueryExecutionThread.run(QuestStatement.java:108)
Caused by: it.unibz.inf.ontop.exception.MinorOntopInternalBugException: Was expecting a unique and known DB term type to be extracted for the SQL variable id1m1
	at it.unibz.inf.ontop.generation.DefaultSQLIQTree2NativeNodeGenerator.lambda$extractUniqueKnownType$6(DefaultSQLIQTree2NativeNodeGenerator.java:84)
	at java.base/java.util.Optional.orElseThrow(Optional.java:403)
	at it.unibz.inf.ontop.generation.DefaultSQLIQTree2NativeNodeGenerator.extractUniqueKnownType(DefaultSQLIQTree2NativeNodeGenerator.java:84)
	at it.unibz.inf.ontop.generation.DefaultSQLIQTree2NativeNodeGenerator.lambda$extractVariableTypeMap$2(DefaultSQLIQTree2NativeNodeGenerator.java:76)
	at it.unibz.inf.ontop.utils.ImmutableCollectors.lambda$toMap$0(ImmutableCollectors.java:110)
	at java.base/java.util.stream.ReduceOps$3ReducingSink.accept(ReduceOps.java:169)
	at java.base/java.util.Spliterators$ArraySpliterator.forEachRemaining(Spliterators.java:992)
	at java.base/java.util.stream.AbstractPipeline.copyInto(AbstractPipeline.java:509)
	at java.base/java.util.stream.AbstractPipeline.wrapAndCopyInto(AbstractPipeline.java:499)
	at java.base/java.util.stream.ReduceOps$ReduceOp.evaluateSequential(ReduceOps.java:921)
	at java.base/java.util.stream.AbstractPipeline.evaluate(AbstractPipeline.java:234)
	at java.base/java.util.stream.ReferencePipeline.collect(ReferencePipeline.java:682)
	at it.unibz.inf.ontop.generation.DefaultSQLIQTree2NativeNodeGenerator.extractVariableTypeMap(DefaultSQLIQTree2NativeNodeGenerator.java:74)
	at it.unibz.inf.ontop.generation.DefaultSQLIQTree2NativeNodeGenerator.generate(DefaultSQLIQTree2NativeNodeGenerator.java:61)
	at it.unibz.inf.ontop.answering.reformulation.generation.impl.SQLGeneratorImpl.generateSourceQuery(SQLGeneratorImpl.java:156)
	at it.unibz.inf.ontop.answering.reformulation.generation.impl.SQLGeneratorImpl.generateSourceQuery(SQLGeneratorImpl.java:131)
	at it.unibz.inf.ontop.answering.reformulation.generation.impl.SQLGeneratorImpl.generateSourceQuery(SQLGeneratorImpl.java:111)
	at it.unibz.inf.ontop.answering.reformulation.impl.QuestQueryProcessor.generateExecutableQuery(QuestQueryProcessor.java:163)
	at it.unibz.inf.ontop.answering.reformulation.impl.QuestQueryProcessor.reformulateIntoNativeQuery(QuestQueryProcessor.java:123)
	... 3 common frames omitted
org.eclipse.rdf4j.query.QueryEvaluationException: it.unibz.inf.ontop.exception.OntopReformulationException: it.unibz.inf.ontop.exception.MinorOntopInternalBugException: Was expecting a unique and known DB term type to be extracted for the SQL variable id1m1
	at it.unibz.inf.ontop.rdf4j.query.impl.OntopBooleanQuery.evaluate(OntopBooleanQuery.java:40)
	at it.unibz.inf.ontop.endpoint.processor.SparqlQueryExecutor.executeQuery(SparqlQueryExecutor.java:77)
	at it.unibz.inf.ontop.endpoint.controllers.SparqlQueryController.query_get(SparqlQueryController.java:42)
	at java.base/jdk.internal.reflect.NativeMethodAccessorImpl.invoke0(Native Method)
	at java.base/jdk.internal.reflect.NativeMethodAccessorImpl.invoke(NativeMethodAccessorImpl.java:77)
	at java.base/jdk.internal.reflect.DelegatingMethodAccessorImpl.invoke(DelegatingMethodAccessorImpl.java:43)
	at java.base/java.lang.reflect.Method.invoke(Method.java:569)
	at org.springframework.web.method.support.InvocableHandlerMethod.doInvoke(InvocableHandlerMethod.java:205)
	at org.springframework.web.method.support.InvocableHandlerMethod.invokeForRequest(InvocableHandlerMethod.java:150)
	at org.springframework.web.servlet.mvc.method.annotation.ServletInvocableHandlerMethod.invokeAndHandle(ServletInvocableHandlerMethod.java:117)
	at org.springframework.web.servlet.mvc.method.annotation.RequestMappingHandlerAdapter.invokeHandlerMethod(RequestMappingHandlerAdapter.java:895)
	at org.springframework.web.servlet.mvc.method.annotation.RequestMappingHandlerAdapter.handleInternal(RequestMappingHandlerAdapter.java:808)
	at org.springframework.web.servlet.mvc.method.AbstractHandlerMethodAdapter.handle(AbstractHandlerMethodAdapter.java:87)
	at org.springframework.web.servlet.DispatcherServlet.doDispatch(DispatcherServlet.java:1072)
	at org.springframework.web.servlet.DispatcherServlet.doService(DispatcherServlet.java:965)
	at org.springframework.web.servlet.FrameworkServlet.processRequest(FrameworkServlet.java:1006)
	at org.springframework.web.servlet.FrameworkServlet.doGet(FrameworkServlet.java:898)
	at javax.servlet.http.HttpServlet.service(HttpServlet.java:529)
	at org.springframework.web.servlet.FrameworkServlet.service(FrameworkServlet.java:883)
	at javax.servlet.http.HttpServlet.service(HttpServlet.java:623)
	at org.apache.catalina.core.ApplicationFilterChain.internalDoFilter(ApplicationFilterChain.java:197)
	at org.apache.catalina.core.ApplicationFilterChain.doFilter(ApplicationFilterChain.java:142)
	at org.apache.tomcat.websocket.server.WsFilter.doFilter(WsFilter.java:51)
	at org.apache.catalina.core.ApplicationFilterChain.internalDoFilter(ApplicationFilterChain.java:166)
	at org.apache.catalina.core.ApplicationFilterChain.doFilter(ApplicationFilterChain.java:142)
	at org.springframework.web.filter.RequestContextFilter.doFilterInternal(RequestContextFilter.java:100)
	at org.springframework.web.filter.OncePerRequestFilter.doFilter(OncePerRequestFilter.java:117)
	at org.apache.catalina.core.ApplicationFilterChain.internalDoFilter(ApplicationFilterChain.java:166)
	at org.apache.catalina.core.ApplicationFilterChain.doFilter(ApplicationFilterChain.java:142)
	at org.springframework.web.filter.FormContentFilter.doFilterInternal(FormContentFilter.java:93)
	at org.springframework.web.filter.OncePerRequestFilter.doFilter(OncePerRequestFilter.java:117)
	at org.apache.catalina.core.ApplicationFilterChain.internalDoFilter(ApplicationFilterChain.java:166)
	at org.apache.catalina.core.ApplicationFilterChain.doFilter(ApplicationFilterChain.java:142)
	at org.springframework.boot.actuate.metrics.web.servlet.WebMvcMetricsFilter.doFilterInternal(WebMvcMetricsFilter.java:96)
	at org.springframework.web.filter.OncePerRequestFilter.doFilter(OncePerRequestFilter.java:117)
	at org.apache.catalina.core.ApplicationFilterChain.internalDoFilter(ApplicationFilterChain.java:166)
	at org.apache.catalina.core.ApplicationFilterChain.doFilter(ApplicationFilterChain.java:142)
	at org.springframework.web.filter.CharacterEncodingFilter.doFilterInternal(CharacterEncodingFilter.java:201)
	at org.springframework.web.filter.OncePerRequestFilter.doFilter(OncePerRequestFilter.java:117)
	at org.apache.catalina.core.ApplicationFilterChain.internalDoFilter(ApplicationFilterChain.java:166)
	at org.apache.catalina.core.ApplicationFilterChain.doFilter(ApplicationFilterChain.java:142)
	at org.apache.catalina.core.StandardWrapperValve.invoke(StandardWrapperValve.java:166)
	at org.apache.catalina.core.StandardContextValve.invoke(StandardContextValve.java:88)
	at org.apache.catalina.authenticator.AuthenticatorBase.invoke(AuthenticatorBase.java:491)
	at org.apache.catalina.core.StandardHostValve.invoke(StandardHostValve.java:127)
	at org.apache.catalina.valves.ErrorReportValve.invoke(ErrorReportValve.java:83)
	at org.apache.catalina.core.StandardEngineValve.invoke(StandardEngineValve.java:72)
	at org.apache.catalina.connector.CoyoteAdapter.service(CoyoteAdapter.java:344)
	at org.apache.coyote.http11.Http11Processor.service(Http11Processor.java:398)
	at org.apache.coyote.AbstractProcessorLight.process(AbstractProcessorLight.java:63)
	at org.apache.coyote.AbstractProtocol$ConnectionHandler.process(AbstractProtocol.java:939)
	at org.apache.tomcat.util.net.NioEndpoint$SocketProcessor.doRun(NioEndpoint.java:1854)
	at org.apache.tomcat.util.net.SocketProcessorBase.run(SocketProcessorBase.java:52)
	at org.apache.tomcat.util.threads.ThreadPoolExecutor.runWorker(ThreadPoolExecutor.java:973)
	at org.apache.tomcat.util.threads.ThreadPoolExecutor$Worker.run(ThreadPoolExecutor.java:491)
	at org.apache.tomcat.util.threads.TaskThread$WrappingRunnable.run(TaskThread.java:63)
	at java.base/java.lang.Thread.run(Thread.java:840)
Caused by: it.unibz.inf.ontop.exception.OntopReformulationException: it.unibz.inf.ontop.exception.MinorOntopInternalBugException: Was expecting a unique and known DB term type to be extracted for the SQL variable id1m1
	at it.unibz.inf.ontop.answering.reformulation.impl.QuestQueryProcessor.reformulateIntoNativeQuery(QuestQueryProcessor.java:154)
	at it.unibz.inf.ontop.answering.connection.impl.QuestStatement.executeBooleanQuery(QuestStatement.java:148)
	at it.unibz.inf.ontop.answering.connection.impl.QuestStatement.lambda$execute$3(QuestStatement.java:227)
	at it.unibz.inf.ontop.answering.connection.impl.QuestStatement$QueryExecutionThread.run(QuestStatement.java:108)
Caused by: it.unibz.inf.ontop.exception.MinorOntopInternalBugException: Was expecting a unique and known DB term type to be extracted for the SQL variable id1m1
	at it.unibz.inf.ontop.generation.DefaultSQLIQTree2NativeNodeGenerator.lambda$extractUniqueKnownType$6(DefaultSQLIQTree2NativeNodeGenerator.java:84)
	at java.base/java.util.Optional.orElseThrow(Optional.java:403)
	at it.unibz.inf.ontop.generation.DefaultSQLIQTree2NativeNodeGenerator.extractUniqueKnownType(DefaultSQLIQTree2NativeNodeGenerator.java:84)
	at it.unibz.inf.ontop.generation.DefaultSQLIQTree2NativeNodeGenerator.lambda$extractVariableTypeMap$2(DefaultSQLIQTree2NativeNodeGenerator.java:76)
	at it.unibz.inf.ontop.utils.ImmutableCollectors.lambda$toMap$0(ImmutableCollectors.java:110)
	at java.base/java.util.stream.ReduceOps$3ReducingSink.accept(ReduceOps.java:169)
	at java.base/java.util.Spliterators$ArraySpliterator.forEachRemaining(Spliterators.java:992)
	at java.base/java.util.stream.AbstractPipeline.copyInto(AbstractPipeline.java:509)
	at java.base/java.util.stream.AbstractPipeline.wrapAndCopyInto(AbstractPipeline.java:499)
	at java.base/java.util.stream.ReduceOps$ReduceOp.evaluateSequential(ReduceOps.java:921)
	at java.base/java.util.stream.AbstractPipeline.evaluate(AbstractPipeline.java:234)
	at java.base/java.util.stream.ReferencePipeline.collect(ReferencePipeline.java:682)
	at it.unibz.inf.ontop.generation.DefaultSQLIQTree2NativeNodeGenerator.extractVariableTypeMap(DefaultSQLIQTree2NativeNodeGenerator.java:74)
	at it.unibz.inf.ontop.generation.DefaultSQLIQTree2NativeNodeGenerator.generate(DefaultSQLIQTree2NativeNodeGenerator.java:61)
	at it.unibz.inf.ontop.answering.reformulation.generation.impl.SQLGeneratorImpl.generateSourceQuery(SQLGeneratorImpl.java:156)
	at it.unibz.inf.ontop.answering.reformulation.generation.impl.SQLGeneratorImpl.generateSourceQuery(SQLGeneratorImpl.java:131)
	at it.unibz.inf.ontop.answering.reformulation.generation.impl.SQLGeneratorImpl.generateSourceQuery(SQLGeneratorImpl.java:111)
	at it.unibz.inf.ontop.answering.reformulation.impl.QuestQueryProcessor.generateExecutableQuery(QuestQueryProcessor.java:163)
	at it.unibz.inf.ontop.answering.reformulation.impl.QuestQueryProcessor.reformulateIntoNativeQuery(QuestQueryProcessor.java:123)
	... 3 more
12:10:46.822 |-WARN  in i.u.i.o.a.r.impl.QuestQueryProcessor - Unexpected exception: Was expecting a unique and known DB term type to be extracted for the SQL variable id1m1
it.unibz.inf.ontop.exception.MinorOntopInternalBugException: Was expecting a unique and known DB term type to be extracted for the SQL variable id1m1
	at it.unibz.inf.ontop.generation.DefaultSQLIQTree2NativeNodeGenerator.lambda$extractUniqueKnownType$6(DefaultSQLIQTree2NativeNodeGenerator.java:84)
	at java.base/java.util.Optional.orElseThrow(Optional.java:403)
	at it.unibz.inf.ontop.generation.DefaultSQLIQTree2NativeNodeGenerator.extractUniqueKnownType(DefaultSQLIQTree2NativeNodeGenerator.java:84)
	at it.unibz.inf.ontop.generation.DefaultSQLIQTree2NativeNodeGenerator.lambda$extractVariableTypeMap$2(DefaultSQLIQTree2NativeNodeGenerator.java:76)
	at it.unibz.inf.ontop.utils.ImmutableCollectors.lambda$toMap$0(ImmutableCollectors.java:110)
	at java.base/java.util.stream.ReduceOps$3ReducingSink.accept(ReduceOps.java:169)
	at java.base/java.util.Spliterators$ArraySpliterator.forEachRemaining(Spliterators.java:992)
	at java.base/java.util.stream.AbstractPipeline.copyInto(AbstractPipeline.java:509)
	at java.base/java.util.stream.AbstractPipeline.wrapAndCopyInto(AbstractPipeline.java:499)
	at java.base/java.util.stream.ReduceOps$ReduceOp.evaluateSequential(ReduceOps.java:921)
	at java.base/java.util.stream.AbstractPipeline.evaluate(AbstractPipeline.java:234)
	at java.base/java.util.stream.ReferencePipeline.collect(ReferencePipeline.java:682)
	at it.unibz.inf.ontop.generation.DefaultSQLIQTree2NativeNodeGenerator.extractVariableTypeMap(DefaultSQLIQTree2NativeNodeGenerator.java:74)
	at it.unibz.inf.ontop.generation.DefaultSQLIQTree2NativeNodeGenerator.generate(DefaultSQLIQTree2NativeNodeGenerator.java:61)
	at it.unibz.inf.ontop.answering.reformulation.generation.impl.SQLGeneratorImpl.generateSourceQuery(SQLGeneratorImpl.java:156)
	at it.unibz.inf.ontop.answering.reformulation.generation.impl.SQLGeneratorImpl.generateSourceQuery(SQLGeneratorImpl.java:131)
	at it.unibz.inf.ontop.answering.reformulation.generation.impl.SQLGeneratorImpl.generateSourceQuery(SQLGeneratorImpl.java:111)
	at it.unibz.inf.ontop.answering.reformulation.impl.QuestQueryProcessor.generateExecutableQuery(QuestQueryProcessor.java:163)
	at it.unibz.inf.ontop.answering.reformulation.impl.QuestQueryProcessor.reformulateIntoNativeQuery(QuestQueryProcessor.java:123)
	at it.unibz.inf.ontop.answering.connection.impl.QuestStatement.executeBooleanQuery(QuestStatement.java:148)
	at it.unibz.inf.ontop.answering.connection.impl.QuestStatement.lambda$execute$3(QuestStatement.java:227)
	at it.unibz.inf.ontop.answering.connection.impl.QuestStatement$QueryExecutionThread.run(QuestStatement.java:108)
12:10:46.822 |-ERROR in i.u.i.o.a.c.impl.QuestStatement - it.unibz.inf.ontop.exception.MinorOntopInternalBugException: Was expecting a unique and known DB term type to be extracted for the SQL variable id1m1
it.unibz.inf.ontop.exception.OntopReformulationException: it.unibz.inf.ontop.exception.MinorOntopInternalBugException: Was expecting a unique and known DB term type to be extracted for the SQL variable id1m1
	at it.unibz.inf.ontop.answering.reformulation.impl.QuestQueryProcessor.reformulateIntoNativeQuery(QuestQueryProcessor.java:154)
	at it.unibz.inf.ontop.answering.connection.impl.QuestStatement.executeBooleanQuery(QuestStatement.java:148)
	at it.unibz.inf.ontop.answering.connection.impl.QuestStatement.lambda$execute$3(QuestStatement.java:227)
	at it.unibz.inf.ontop.answering.connection.impl.QuestStatement$QueryExecutionThread.run(QuestStatement.java:108)
Caused by: it.unibz.inf.ontop.exception.MinorOntopInternalBugException: Was expecting a unique and known DB term type to be extracted for the SQL variable id1m1
	at it.unibz.inf.ontop.generation.DefaultSQLIQTree2NativeNodeGenerator.lambda$extractUniqueKnownType$6(DefaultSQLIQTree2NativeNodeGenerator.java:84)
	at java.base/java.util.Optional.orElseThrow(Optional.java:403)
	at it.unibz.inf.ontop.generation.DefaultSQLIQTree2NativeNodeGenerator.extractUniqueKnownType(DefaultSQLIQTree2NativeNodeGenerator.java:84)
	at it.unibz.inf.ontop.generation.DefaultSQLIQTree2NativeNodeGenerator.lambda$extractVariableTypeMap$2(DefaultSQLIQTree2NativeNodeGenerator.java:76)
	at it.unibz.inf.ontop.utils.ImmutableCollectors.lambda$toMap$0(ImmutableCollectors.java:110)
	at java.base/java.util.stream.ReduceOps$3ReducingSink.accept(ReduceOps.java:169)
	at java.base/java.util.Spliterators$ArraySpliterator.forEachRemaining(Spliterators.java:992)
	at java.base/java.util.stream.AbstractPipeline.copyInto(AbstractPipeline.java:509)
	at java.base/java.util.stream.AbstractPipeline.wrapAndCopyInto(AbstractPipeline.java:499)
	at java.base/java.util.stream.ReduceOps$ReduceOp.evaluateSequential(ReduceOps.java:921)
	at java.base/java.util.stream.AbstractPipeline.evaluate(AbstractPipeline.java:234)
	at java.base/java.util.stream.ReferencePipeline.collect(ReferencePipeline.java:682)
	at it.unibz.inf.ontop.generation.DefaultSQLIQTree2NativeNodeGenerator.extractVariableTypeMap(DefaultSQLIQTree2NativeNodeGenerator.java:74)
	at it.unibz.inf.ontop.generation.DefaultSQLIQTree2NativeNodeGenerator.generate(DefaultSQLIQTree2NativeNodeGenerator.java:61)
	at it.unibz.inf.ontop.answering.reformulation.generation.impl.SQLGeneratorImpl.generateSourceQuery(SQLGeneratorImpl.java:156)
	at it.unibz.inf.ontop.answering.reformulation.generation.impl.SQLGeneratorImpl.generateSourceQuery(SQLGeneratorImpl.java:131)
	at it.unibz.inf.ontop.answering.reformulation.generation.impl.SQLGeneratorImpl.generateSourceQuery(SQLGeneratorImpl.java:111)
	at it.unibz.inf.ontop.answering.reformulation.impl.QuestQueryProcessor.generateExecutableQuery(QuestQueryProcessor.java:163)
	at it.unibz.inf.ontop.answering.reformulation.impl.QuestQueryProcessor.reformulateIntoNativeQuery(QuestQueryProcessor.java:123)
	... 3 common frames omitted
org.eclipse.rdf4j.query.QueryEvaluationException: it.unibz.inf.ontop.exception.OntopReformulationException: it.unibz.inf.ontop.exception.MinorOntopInternalBugException: Was expecting a unique and known DB term type to be extracted for the SQL variable id1m1
	at it.unibz.inf.ontop.rdf4j.query.impl.OntopBooleanQuery.evaluate(OntopBooleanQuery.java:40)
	at it.unibz.inf.ontop.endpoint.processor.SparqlQueryExecutor.executeQuery(SparqlQueryExecutor.java:77)
	at it.unibz.inf.ontop.endpoint.controllers.SparqlQueryController.query_get(SparqlQueryController.java:42)
	at java.base/jdk.internal.reflect.NativeMethodAccessorImpl.invoke0(Native Method)
	at java.base/jdk.internal.reflect.NativeMethodAccessorImpl.invoke(NativeMethodAccessorImpl.java:77)
	at java.base/jdk.internal.reflect.DelegatingMethodAccessorImpl.invoke(DelegatingMethodAccessorImpl.java:43)
	at java.base/java.lang.reflect.Method.invoke(Method.java:569)
	at org.springframework.web.method.support.InvocableHandlerMethod.doInvoke(InvocableHandlerMethod.java:205)
	at org.springframework.web.method.support.InvocableHandlerMethod.invokeForRequest(InvocableHandlerMethod.java:150)
	at org.springframework.web.servlet.mvc.method.annotation.ServletInvocableHandlerMethod.invokeAndHandle(ServletInvocableHandlerMethod.java:117)
	at org.springframework.web.servlet.mvc.method.annotation.RequestMappingHandlerAdapter.invokeHandlerMethod(RequestMappingHandlerAdapter.java:895)
	at org.springframework.web.servlet.mvc.method.annotation.RequestMappingHandlerAdapter.handleInternal(RequestMappingHandlerAdapter.java:808)
	at org.springframework.web.servlet.mvc.method.AbstractHandlerMethodAdapter.handle(AbstractHandlerMethodAdapter.java:87)
	at org.springframework.web.servlet.DispatcherServlet.doDispatch(DispatcherServlet.java:1072)
	at org.springframework.web.servlet.DispatcherServlet.doService(DispatcherServlet.java:965)
	at org.springframework.web.servlet.FrameworkServlet.processRequest(FrameworkServlet.java:1006)
	at org.springframework.web.servlet.FrameworkServlet.doGet(FrameworkServlet.java:898)
	at javax.servlet.http.HttpServlet.service(HttpServlet.java:529)
	at org.springframework.web.servlet.FrameworkServlet.service(FrameworkServlet.java:883)
	at javax.servlet.http.HttpServlet.service(HttpServlet.java:623)
	at org.apache.catalina.core.ApplicationFilterChain.internalDoFilter(ApplicationFilterChain.java:197)
	at org.apache.catalina.core.ApplicationFilterChain.doFilter(ApplicationFilterChain.java:142)
	at org.apache.tomcat.websocket.server.WsFilter.doFilter(WsFilter.java:51)
	at org.apache.catalina.core.ApplicationFilterChain.internalDoFilter(ApplicationFilterChain.java:166)
	at org.apache.catalina.core.ApplicationFilterChain.doFilter(ApplicationFilterChain.java:142)
	at org.springframework.web.filter.RequestContextFilter.doFilterInternal(RequestContextFilter.java:100)
	at org.springframework.web.filter.OncePerRequestFilter.doFilter(OncePerRequestFilter.java:117)
	at org.apache.catalina.core.ApplicationFilterChain.internalDoFilter(ApplicationFilterChain.java:166)
	at org.apache.catalina.core.ApplicationFilterChain.doFilter(ApplicationFilterChain.java:142)
	at org.springframework.web.filter.FormContentFilter.doFilterInternal(FormContentFilter.java:93)
	at org.springframework.web.filter.OncePerRequestFilter.doFilter(OncePerRequestFilter.java:117)
	at org.apache.catalina.core.ApplicationFilterChain.internalDoFilter(ApplicationFilterChain.java:166)
	at org.apache.catalina.core.ApplicationFilterChain.doFilter(ApplicationFilterChain.java:142)
	at org.springframework.boot.actuate.metrics.web.servlet.WebMvcMetricsFilter.doFilterInternal(WebMvcMetricsFilter.java:96)
	at org.springframework.web.filter.OncePerRequestFilter.doFilter(OncePerRequestFilter.java:117)
	at org.apache.catalina.core.ApplicationFilterChain.internalDoFilter(ApplicationFilterChain.java:166)
	at org.apache.catalina.core.ApplicationFilterChain.doFilter(ApplicationFilterChain.java:142)
	at org.springframework.web.filter.CharacterEncodingFilter.doFilterInternal(CharacterEncodingFilter.java:201)
	at org.springframework.web.filter.OncePerRequestFilter.doFilter(OncePerRequestFilter.java:117)
	at org.apache.catalina.core.ApplicationFilterChain.internalDoFilter(ApplicationFilterChain.java:166)
	at org.apache.catalina.core.ApplicationFilterChain.doFilter(ApplicationFilterChain.java:142)
	at org.apache.catalina.core.StandardWrapperValve.invoke(StandardWrapperValve.java:166)
	at org.apache.catalina.core.StandardContextValve.invoke(StandardContextValve.java:88)
	at org.apache.catalina.authenticator.AuthenticatorBase.invoke(AuthenticatorBase.java:491)
	at org.apache.catalina.core.StandardHostValve.invoke(StandardHostValve.java:127)
	at org.apache.catalina.valves.ErrorReportValve.invoke(ErrorReportValve.java:83)
	at org.apache.catalina.core.StandardEngineValve.invoke(StandardEngineValve.java:72)
	at org.apache.catalina.connector.CoyoteAdapter.service(CoyoteAdapter.java:344)
	at org.apache.coyote.http11.Http11Processor.service(Http11Processor.java:398)
	at org.apache.coyote.AbstractProcessorLight.process(AbstractProcessorLight.java:63)
	at org.apache.coyote.AbstractProtocol$ConnectionHandler.process(AbstractProtocol.java:939)
	at org.apache.tomcat.util.net.NioEndpoint$SocketProcessor.doRun(NioEndpoint.java:1854)
	at org.apache.tomcat.util.net.SocketProcessorBase.run(SocketProcessorBase.java:52)
	at org.apache.tomcat.util.threads.ThreadPoolExecutor.runWorker(ThreadPoolExecutor.java:973)
	at org.apache.tomcat.util.threads.ThreadPoolExecutor$Worker.run(ThreadPoolExecutor.java:491)
	at org.apache.tomcat.util.threads.TaskThread$WrappingRunnable.run(TaskThread.java:63)
	at java.base/java.lang.Thread.run(Thread.java:840)
Caused by: it.unibz.inf.ontop.exception.OntopReformulationException: it.unibz.inf.ontop.exception.MinorOntopInternalBugException: Was expecting a unique and known DB term type to be extracted for the SQL variable id1m1
	at it.unibz.inf.ontop.answering.reformulation.impl.QuestQueryProcessor.reformulateIntoNativeQuery(QuestQueryProcessor.java:154)
	at it.unibz.inf.ontop.answering.connection.impl.QuestStatement.executeBooleanQuery(QuestStatement.java:148)
	at it.unibz.inf.ontop.answering.connection.impl.QuestStatement.lambda$execute$3(QuestStatement.java:227)
	at it.unibz.inf.ontop.answering.connection.impl.QuestStatement$QueryExecutionThread.run(QuestStatement.java:108)
Caused by: it.unibz.inf.ontop.exception.MinorOntopInternalBugException: Was expecting a unique and known DB term type to be extracted for the SQL variable id1m1
	at it.unibz.inf.ontop.generation.DefaultSQLIQTree2NativeNodeGenerator.lambda$extractUniqueKnownType$6(DefaultSQLIQTree2NativeNodeGenerator.java:84)
	at java.base/java.util.Optional.orElseThrow(Optional.java:403)
	at it.unibz.inf.ontop.generation.DefaultSQLIQTree2NativeNodeGenerator.extractUniqueKnownType(DefaultSQLIQTree2NativeNodeGenerator.java:84)
	at it.unibz.inf.ontop.generation.DefaultSQLIQTree2NativeNodeGenerator.lambda$extractVariableTypeMap$2(DefaultSQLIQTree2NativeNodeGenerator.java:76)
	at it.unibz.inf.ontop.utils.ImmutableCollectors.lambda$toMap$0(ImmutableCollectors.java:110)
	at java.base/java.util.stream.ReduceOps$3ReducingSink.accept(ReduceOps.java:169)
	at java.base/java.util.Spliterators$ArraySpliterator.forEachRemaining(Spliterators.java:992)
	at java.base/java.util.stream.AbstractPipeline.copyInto(AbstractPipeline.java:509)
	at java.base/java.util.stream.AbstractPipeline.wrapAndCopyInto(AbstractPipeline.java:499)
	at java.base/java.util.stream.ReduceOps$ReduceOp.evaluateSequential(ReduceOps.java:921)
	at java.base/java.util.stream.AbstractPipeline.evaluate(AbstractPipeline.java:234)
	at java.base/java.util.stream.ReferencePipeline.collect(ReferencePipeline.java:682)
	at it.unibz.inf.ontop.generation.DefaultSQLIQTree2NativeNodeGenerator.extractVariableTypeMap(DefaultSQLIQTree2NativeNodeGenerator.java:74)
	at it.unibz.inf.ontop.generation.DefaultSQLIQTree2NativeNodeGenerator.generate(DefaultSQLIQTree2NativeNodeGenerator.java:61)
	at it.unibz.inf.ontop.answering.reformulation.generation.impl.SQLGeneratorImpl.generateSourceQuery(SQLGeneratorImpl.java:156)
	at it.unibz.inf.ontop.answering.reformulation.generation.impl.SQLGeneratorImpl.generateSourceQuery(SQLGeneratorImpl.java:131)
	at it.unibz.inf.ontop.answering.reformulation.generation.impl.SQLGeneratorImpl.generateSourceQuery(SQLGeneratorImpl.java:111)
	at it.unibz.inf.ontop.answering.reformulation.impl.QuestQueryProcessor.generateExecutableQuery(QuestQueryProcessor.java:163)
	at it.unibz.inf.ontop.answering.reformulation.impl.QuestQueryProcessor.reformulateIntoNativeQuery(QuestQueryProcessor.java:123)
	... 3 more
12:10:47.870 |-WARN  in i.u.i.o.a.r.impl.QuestQueryProcessor - Unexpected exception: Was expecting a unique and known DB term type to be extracted for the SQL variable id1m1
it.unibz.inf.ontop.exception.MinorOntopInternalBugException: Was expecting a unique and known DB term type to be extracted for the SQL variable id1m1
	at it.unibz.inf.ontop.generation.DefaultSQLIQTree2NativeNodeGenerator.lambda$extractUniqueKnownType$6(DefaultSQLIQTree2NativeNodeGenerator.java:84)
	at java.base/java.util.Optional.orElseThrow(Optional.java:403)
	at it.unibz.inf.ontop.generation.DefaultSQLIQTree2NativeNodeGenerator.extractUniqueKnownType(DefaultSQLIQTree2NativeNodeGenerator.java:84)
	at it.unibz.inf.ontop.generation.DefaultSQLIQTree2NativeNodeGenerator.lambda$extractVariableTypeMap$2(DefaultSQLIQTree2NativeNodeGenerator.java:76)
	at it.unibz.inf.ontop.utils.ImmutableCollectors.lambda$toMap$0(ImmutableCollectors.java:110)
	at java.base/java.util.stream.ReduceOps$3ReducingSink.accept(ReduceOps.java:169)
	at java.base/java.util.Spliterators$ArraySpliterator.forEachRemaining(Spliterators.java:992)
	at java.base/java.util.stream.AbstractPipeline.copyInto(AbstractPipeline.java:509)
	at java.base/java.util.stream.AbstractPipeline.wrapAndCopyInto(AbstractPipeline.java:499)
	at java.base/java.util.stream.ReduceOps$ReduceOp.evaluateSequential(ReduceOps.java:921)
	at java.base/java.util.stream.AbstractPipeline.evaluate(AbstractPipeline.java:234)
	at java.base/java.util.stream.ReferencePipeline.collect(ReferencePipeline.java:682)
	at it.unibz.inf.ontop.generation.DefaultSQLIQTree2NativeNodeGenerator.extractVariableTypeMap(DefaultSQLIQTree2NativeNodeGenerator.java:74)
	at it.unibz.inf.ontop.generation.DefaultSQLIQTree2NativeNodeGenerator.generate(DefaultSQLIQTree2NativeNodeGenerator.java:61)
	at it.unibz.inf.ontop.answering.reformulation.generation.impl.SQLGeneratorImpl.generateSourceQuery(SQLGeneratorImpl.java:156)
	at it.unibz.inf.ontop.answering.reformulation.generation.impl.SQLGeneratorImpl.generateSourceQuery(SQLGeneratorImpl.java:131)
	at it.unibz.inf.ontop.answering.reformulation.generation.impl.SQLGeneratorImpl.generateSourceQuery(SQLGeneratorImpl.java:111)
	at it.unibz.inf.ontop.answering.reformulation.impl.QuestQueryProcessor.generateExecutableQuery(QuestQueryProcessor.java:163)
	at it.unibz.inf.ontop.answering.reformulation.impl.QuestQueryProcessor.reformulateIntoNativeQuery(QuestQueryProcessor.java:123)
	at it.unibz.inf.ontop.answering.connection.impl.QuestStatement.executeBooleanQuery(QuestStatement.java:148)
	at it.unibz.inf.ontop.answering.connection.impl.QuestStatement.lambda$execute$3(QuestStatement.java:227)
	at it.unibz.inf.ontop.answering.connection.impl.QuestStatement$QueryExecutionThread.run(QuestStatement.java:108)
12:10:47.871 |-ERROR in i.u.i.o.a.c.impl.QuestStatement - it.unibz.inf.ontop.exception.MinorOntopInternalBugException: Was expecting a unique and known DB term type to be extracted for the SQL variable id1m1
it.unibz.inf.ontop.exception.OntopReformulationException: it.unibz.inf.ontop.exception.MinorOntopInternalBugException: Was expecting a unique and known DB term type to be extracted for the SQL variable id1m1
	at it.unibz.inf.ontop.answering.reformulation.impl.QuestQueryProcessor.reformulateIntoNativeQuery(QuestQueryProcessor.java:154)
	at it.unibz.inf.ontop.answering.connection.impl.QuestStatement.executeBooleanQuery(QuestStatement.java:148)
	at it.unibz.inf.ontop.answering.connection.impl.QuestStatement.lambda$execute$3(QuestStatement.java:227)
	at it.unibz.inf.ontop.answering.connection.impl.QuestStatement$QueryExecutionThread.run(QuestStatement.java:108)
Caused by: it.unibz.inf.ontop.exception.MinorOntopInternalBugException: Was expecting a unique and known DB term type to be extracted for the SQL variable id1m1
	at it.unibz.inf.ontop.generation.DefaultSQLIQTree2NativeNodeGenerator.lambda$extractUniqueKnownType$6(DefaultSQLIQTree2NativeNodeGenerator.java:84)
	at java.base/java.util.Optional.orElseThrow(Optional.java:403)
	at it.unibz.inf.ontop.generation.DefaultSQLIQTree2NativeNodeGenerator.extractUniqueKnownType(DefaultSQLIQTree2NativeNodeGenerator.java:84)
	at it.unibz.inf.ontop.generation.DefaultSQLIQTree2NativeNodeGenerator.lambda$extractVariableTypeMap$2(DefaultSQLIQTree2NativeNodeGenerator.java:76)
	at it.unibz.inf.ontop.utils.ImmutableCollectors.lambda$toMap$0(ImmutableCollectors.java:110)
	at java.base/java.util.stream.ReduceOps$3ReducingSink.accept(ReduceOps.java:169)
	at java.base/java.util.Spliterators$ArraySpliterator.forEachRemaining(Spliterators.java:992)
	at java.base/java.util.stream.AbstractPipeline.copyInto(AbstractPipeline.java:509)
	at java.base/java.util.stream.AbstractPipeline.wrapAndCopyInto(AbstractPipeline.java:499)
	at java.base/java.util.stream.ReduceOps$ReduceOp.evaluateSequential(ReduceOps.java:921)
	at java.base/java.util.stream.AbstractPipeline.evaluate(AbstractPipeline.java:234)
	at java.base/java.util.stream.ReferencePipeline.collect(ReferencePipeline.java:682)
	at it.unibz.inf.ontop.generation.DefaultSQLIQTree2NativeNodeGenerator.extractVariableTypeMap(DefaultSQLIQTree2NativeNodeGenerator.java:74)
	at it.unibz.inf.ontop.generation.DefaultSQLIQTree2NativeNodeGenerator.generate(DefaultSQLIQTree2NativeNodeGenerator.java:61)
	at it.unibz.inf.ontop.answering.reformulation.generation.impl.SQLGeneratorImpl.generateSourceQuery(SQLGeneratorImpl.java:156)
	at it.unibz.inf.ontop.answering.reformulation.generation.impl.SQLGeneratorImpl.generateSourceQuery(SQLGeneratorImpl.java:131)
	at it.unibz.inf.ontop.answering.reformulation.generation.impl.SQLGeneratorImpl.generateSourceQuery(SQLGeneratorImpl.java:111)
	at it.unibz.inf.ontop.answering.reformulation.impl.QuestQueryProcessor.generateExecutableQuery(QuestQueryProcessor.java:163)
	at it.unibz.inf.ontop.answering.reformulation.impl.QuestQueryProcessor.reformulateIntoNativeQuery(QuestQueryProcessor.java:123)
	... 3 common frames omitted
org.eclipse.rdf4j.query.QueryEvaluationException: it.unibz.inf.ontop.exception.OntopReformulationException: it.unibz.inf.ontop.exception.MinorOntopInternalBugException: Was expecting a unique and known DB term type to be extracted for the SQL variable id1m1
	at it.unibz.inf.ontop.rdf4j.query.impl.OntopBooleanQuery.evaluate(OntopBooleanQuery.java:40)
	at it.unibz.inf.ontop.endpoint.processor.SparqlQueryExecutor.executeQuery(SparqlQueryExecutor.java:77)
	at it.unibz.inf.ontop.endpoint.controllers.SparqlQueryController.query_get(SparqlQueryController.java:42)
	at java.base/jdk.internal.reflect.NativeMethodAccessorImpl.invoke0(Native Method)
	at java.base/jdk.internal.reflect.NativeMethodAccessorImpl.invoke(NativeMethodAccessorImpl.java:77)
	at java.base/jdk.internal.reflect.DelegatingMethodAccessorImpl.invoke(DelegatingMethodAccessorImpl.java:43)
	at java.base/java.lang.reflect.Method.invoke(Method.java:569)
	at org.springframework.web.method.support.InvocableHandlerMethod.doInvoke(InvocableHandlerMethod.java:205)
	at org.springframework.web.method.support.InvocableHandlerMethod.invokeForRequest(InvocableHandlerMethod.java:150)
	at org.springframework.web.servlet.mvc.method.annotation.ServletInvocableHandlerMethod.invokeAndHandle(ServletInvocableHandlerMethod.java:117)
	at org.springframework.web.servlet.mvc.method.annotation.RequestMappingHandlerAdapter.invokeHandlerMethod(RequestMappingHandlerAdapter.java:895)
	at org.springframework.web.servlet.mvc.method.annotation.RequestMappingHandlerAdapter.handleInternal(RequestMappingHandlerAdapter.java:808)
	at org.springframework.web.servlet.mvc.method.AbstractHandlerMethodAdapter.handle(AbstractHandlerMethodAdapter.java:87)
	at org.springframework.web.servlet.DispatcherServlet.doDispatch(DispatcherServlet.java:1072)
	at org.springframework.web.servlet.DispatcherServlet.doService(DispatcherServlet.java:965)
	at org.springframework.web.servlet.FrameworkServlet.processRequest(FrameworkServlet.java:1006)
	at org.springframework.web.servlet.FrameworkServlet.doGet(FrameworkServlet.java:898)
	at javax.servlet.http.HttpServlet.service(HttpServlet.java:529)
	at org.springframework.web.servlet.FrameworkServlet.service(FrameworkServlet.java:883)
	at javax.servlet.http.HttpServlet.service(HttpServlet.java:623)
	at org.apache.catalina.core.ApplicationFilterChain.internalDoFilter(ApplicationFilterChain.java:197)
	at org.apache.catalina.core.ApplicationFilterChain.doFilter(ApplicationFilterChain.java:142)
	at org.apache.tomcat.websocket.server.WsFilter.doFilter(WsFilter.java:51)
	at org.apache.catalina.core.ApplicationFilterChain.internalDoFilter(ApplicationFilterChain.java:166)
	at org.apache.catalina.core.ApplicationFilterChain.doFilter(ApplicationFilterChain.java:142)
	at org.springframework.web.filter.RequestContextFilter.doFilterInternal(RequestContextFilter.java:100)
	at org.springframework.web.filter.OncePerRequestFilter.doFilter(OncePerRequestFilter.java:117)
	at org.apache.catalina.core.ApplicationFilterChain.internalDoFilter(ApplicationFilterChain.java:166)
	at org.apache.catalina.core.ApplicationFilterChain.doFilter(ApplicationFilterChain.java:142)
	at org.springframework.web.filter.FormContentFilter.doFilterInternal(FormContentFilter.java:93)
	at org.springframework.web.filter.OncePerRequestFilter.doFilter(OncePerRequestFilter.java:117)
	at org.apache.catalina.core.ApplicationFilterChain.internalDoFilter(ApplicationFilterChain.java:166)
	at org.apache.catalina.core.ApplicationFilterChain.doFilter(ApplicationFilterChain.java:142)
	at org.springframework.boot.actuate.metrics.web.servlet.WebMvcMetricsFilter.doFilterInternal(WebMvcMetricsFilter.java:96)
	at org.springframework.web.filter.OncePerRequestFilter.doFilter(OncePerRequestFilter.java:117)
	at org.apache.catalina.core.ApplicationFilterChain.internalDoFilter(ApplicationFilterChain.java:166)
	at org.apache.catalina.core.ApplicationFilterChain.doFilter(ApplicationFilterChain.java:142)
	at org.springframework.web.filter.CharacterEncodingFilter.doFilterInternal(CharacterEncodingFilter.java:201)
	at org.springframework.web.filter.OncePerRequestFilter.doFilter(OncePerRequestFilter.java:117)
	at org.apache.catalina.core.ApplicationFilterChain.internalDoFilter(ApplicationFilterChain.java:166)
	at org.apache.catalina.core.ApplicationFilterChain.doFilter(ApplicationFilterChain.java:142)
	at org.apache.catalina.core.StandardWrapperValve.invoke(StandardWrapperValve.java:166)
	at org.apache.catalina.core.StandardContextValve.invoke(StandardContextValve.java:88)
	at org.apache.catalina.authenticator.AuthenticatorBase.invoke(AuthenticatorBase.java:491)
	at org.apache.catalina.core.StandardHostValve.invoke(StandardHostValve.java:127)
	at org.apache.catalina.valves.ErrorReportValve.invoke(ErrorReportValve.java:83)
	at org.apache.catalina.core.StandardEngineValve.invoke(StandardEngineValve.java:72)
	at org.apache.catalina.connector.CoyoteAdapter.service(CoyoteAdapter.java:344)
	at org.apache.coyote.http11.Http11Processor.service(Http11Processor.java:398)
	at org.apache.coyote.AbstractProcessorLight.process(AbstractProcessorLight.java:63)
	at org.apache.coyote.AbstractProtocol$ConnectionHandler.process(AbstractProtocol.java:939)
	at org.apache.tomcat.util.net.NioEndpoint$SocketProcessor.doRun(NioEndpoint.java:1854)
	at org.apache.tomcat.util.net.SocketProcessorBase.run(SocketProcessorBase.java:52)
	at org.apache.tomcat.util.threads.ThreadPoolExecutor.runWorker(ThreadPoolExecutor.java:973)
	at org.apache.tomcat.util.threads.ThreadPoolExecutor$Worker.run(ThreadPoolExecutor.java:491)
	at org.apache.tomcat.util.threads.TaskThread$WrappingRunnable.run(TaskThread.java:63)
	at java.base/java.lang.Thread.run(Thread.java:840)
Caused by: it.unibz.inf.ontop.exception.OntopReformulationException: it.unibz.inf.ontop.exception.MinorOntopInternalBugException: Was expecting a unique and known DB term type to be extracted for the SQL variable id1m1
	at it.unibz.inf.ontop.answering.reformulation.impl.QuestQueryProcessor.reformulateIntoNativeQuery(QuestQueryProcessor.java:154)
	at it.unibz.inf.ontop.answering.connection.impl.QuestStatement.executeBooleanQuery(QuestStatement.java:148)
	at it.unibz.inf.ontop.answering.connection.impl.QuestStatement.lambda$execute$3(QuestStatement.java:227)
	at it.unibz.inf.ontop.answering.connection.impl.QuestStatement$QueryExecutionThread.run(QuestStatement.java:108)
Caused by: it.unibz.inf.ontop.exception.MinorOntopInternalBugException: Was expecting a unique and known DB term type to be extracted for the SQL variable id1m1
	at it.unibz.inf.ontop.generation.DefaultSQLIQTree2NativeNodeGenerator.lambda$extractUniqueKnownType$6(DefaultSQLIQTree2NativeNodeGenerator.java:84)
	at java.base/java.util.Optional.orElseThrow(Optional.java:403)
	at it.unibz.inf.ontop.generation.DefaultSQLIQTree2NativeNodeGenerator.extractUniqueKnownType(DefaultSQLIQTree2NativeNodeGenerator.java:84)
	at it.unibz.inf.ontop.generation.DefaultSQLIQTree2NativeNodeGenerator.lambda$extractVariableTypeMap$2(DefaultSQLIQTree2NativeNodeGenerator.java:76)
	at it.unibz.inf.ontop.utils.ImmutableCollectors.lambda$toMap$0(ImmutableCollectors.java:110)
	at java.base/java.util.stream.ReduceOps$3ReducingSink.accept(ReduceOps.java:169)
	at java.base/java.util.Spliterators$ArraySpliterator.forEachRemaining(Spliterators.java:992)
	at java.base/java.util.stream.AbstractPipeline.copyInto(AbstractPipeline.java:509)
	at java.base/java.util.stream.AbstractPipeline.wrapAndCopyInto(AbstractPipeline.java:499)
	at java.base/java.util.stream.ReduceOps$ReduceOp.evaluateSequential(ReduceOps.java:921)
	at java.base/java.util.stream.AbstractPipeline.evaluate(AbstractPipeline.java:234)
	at java.base/java.util.stream.ReferencePipeline.collect(ReferencePipeline.java:682)
	at it.unibz.inf.ontop.generation.DefaultSQLIQTree2NativeNodeGenerator.extractVariableTypeMap(DefaultSQLIQTree2NativeNodeGenerator.java:74)
	at it.unibz.inf.ontop.generation.DefaultSQLIQTree2NativeNodeGenerator.generate(DefaultSQLIQTree2NativeNodeGenerator.java:61)
	at it.unibz.inf.ontop.answering.reformulation.generation.impl.SQLGeneratorImpl.generateSourceQuery(SQLGeneratorImpl.java:156)
	at it.unibz.inf.ontop.answering.reformulation.generation.impl.SQLGeneratorImpl.generateSourceQuery(SQLGeneratorImpl.java:131)
	at it.unibz.inf.ontop.answering.reformulation.generation.impl.SQLGeneratorImpl.generateSourceQuery(SQLGeneratorImpl.java:111)
	at it.unibz.inf.ontop.answering.reformulation.impl.QuestQueryProcessor.generateExecutableQuery(QuestQueryProcessor.java:163)
	at it.unibz.inf.ontop.answering.reformulation.impl.QuestQueryProcessor.reformulateIntoNativeQuery(QuestQueryProcessor.java:123)
	... 3 more
12:10:48.916 |-WARN  in i.u.i.o.a.r.impl.QuestQueryProcessor - Unexpected exception: Was expecting a unique and known DB term type to be extracted for the SQL variable id1m1
it.unibz.inf.ontop.exception.MinorOntopInternalBugException: Was expecting a unique and known DB term type to be extracted for the SQL variable id1m1
	at it.unibz.inf.ontop.generation.DefaultSQLIQTree2NativeNodeGenerator.lambda$extractUniqueKnownType$6(DefaultSQLIQTree2NativeNodeGenerator.java:84)
	at java.base/java.util.Optional.orElseThrow(Optional.java:403)
	at it.unibz.inf.ontop.generation.DefaultSQLIQTree2NativeNodeGenerator.extractUniqueKnownType(DefaultSQLIQTree2NativeNodeGenerator.java:84)
	at it.unibz.inf.ontop.generation.DefaultSQLIQTree2NativeNodeGenerator.lambda$extractVariableTypeMap$2(DefaultSQLIQTree2NativeNodeGenerator.java:76)
	at it.unibz.inf.ontop.utils.ImmutableCollectors.lambda$toMap$0(ImmutableCollectors.java:110)
	at java.base/java.util.stream.ReduceOps$3ReducingSink.accept(ReduceOps.java:169)
	at java.base/java.util.Spliterators$ArraySpliterator.forEachRemaining(Spliterators.java:992)
	at java.base/java.util.stream.AbstractPipeline.copyInto(AbstractPipeline.java:509)
	at java.base/java.util.stream.AbstractPipeline.wrapAndCopyInto(AbstractPipeline.java:499)
	at java.base/java.util.stream.ReduceOps$ReduceOp.evaluateSequential(ReduceOps.java:921)
	at java.base/java.util.stream.AbstractPipeline.evaluate(AbstractPipeline.java:234)
	at java.base/java.util.stream.ReferencePipeline.collect(ReferencePipeline.java:682)
	at it.unibz.inf.ontop.generation.DefaultSQLIQTree2NativeNodeGenerator.extractVariableTypeMap(DefaultSQLIQTree2NativeNodeGenerator.java:74)
	at it.unibz.inf.ontop.generation.DefaultSQLIQTree2NativeNodeGenerator.generate(DefaultSQLIQTree2NativeNodeGenerator.java:61)
	at it.unibz.inf.ontop.answering.reformulation.generation.impl.SQLGeneratorImpl.generateSourceQuery(SQLGeneratorImpl.java:156)
	at it.unibz.inf.ontop.answering.reformulation.generation.impl.SQLGeneratorImpl.generateSourceQuery(SQLGeneratorImpl.java:131)
	at it.unibz.inf.ontop.answering.reformulation.generation.impl.SQLGeneratorImpl.generateSourceQuery(SQLGeneratorImpl.java:111)
	at it.unibz.inf.ontop.answering.reformulation.impl.QuestQueryProcessor.generateExecutableQuery(QuestQueryProcessor.java:163)
	at it.unibz.inf.ontop.answering.reformulation.impl.QuestQueryProcessor.reformulateIntoNativeQuery(QuestQueryProcessor.java:123)
	at it.unibz.inf.ontop.answering.connection.impl.QuestStatement.executeBooleanQuery(QuestStatement.java:148)
	at it.unibz.inf.ontop.answering.connection.impl.QuestStatement.lambda$execute$3(QuestStatement.java:227)
	at it.unibz.inf.ontop.answering.connection.impl.QuestStatement$QueryExecutionThread.run(QuestStatement.java:108)
12:10:48.916 |-ERROR in i.u.i.o.a.c.impl.QuestStatement - it.unibz.inf.ontop.exception.MinorOntopInternalBugException: Was expecting a unique and known DB term type to be extracted for the SQL variable id1m1
it.unibz.inf.ontop.exception.OntopReformulationException: it.unibz.inf.ontop.exception.MinorOntopInternalBugException: Was expecting a unique and known DB term type to be extracted for the SQL variable id1m1
	at it.unibz.inf.ontop.answering.reformulation.impl.QuestQueryProcessor.reformulateIntoNativeQuery(QuestQueryProcessor.java:154)
	at it.unibz.inf.ontop.answering.connection.impl.QuestStatement.executeBooleanQuery(QuestStatement.java:148)
	at it.unibz.inf.ontop.answering.connection.impl.QuestStatement.lambda$execute$3(QuestStatement.java:227)
	at it.unibz.inf.ontop.answering.connection.impl.QuestStatement$QueryExecutionThread.run(QuestStatement.java:108)
Caused by: it.unibz.inf.ontop.exception.MinorOntopInternalBugException: Was expecting a unique and known DB term type to be extracted for the SQL variable id1m1
	at it.unibz.inf.ontop.generation.DefaultSQLIQTree2NativeNodeGenerator.lambda$extractUniqueKnownType$6(DefaultSQLIQTree2NativeNodeGenerator.java:84)
	at java.base/java.util.Optional.orElseThrow(Optional.java:403)
	at it.unibz.inf.ontop.generation.DefaultSQLIQTree2NativeNodeGenerator.extractUniqueKnownType(DefaultSQLIQTree2NativeNodeGenerator.java:84)
	at it.unibz.inf.ontop.generation.DefaultSQLIQTree2NativeNodeGenerator.lambda$extractVariableTypeMap$2(DefaultSQLIQTree2NativeNodeGenerator.java:76)
	at it.unibz.inf.ontop.utils.ImmutableCollectors.lambda$toMap$0(ImmutableCollectors.java:110)
	at java.base/java.util.stream.ReduceOps$3ReducingSink.accept(ReduceOps.java:169)
	at java.base/java.util.Spliterators$ArraySpliterator.forEachRemaining(Spliterators.java:992)
	at java.base/java.util.stream.AbstractPipeline.copyInto(AbstractPipeline.java:509)
	at java.base/java.util.stream.AbstractPipeline.wrapAndCopyInto(AbstractPipeline.java:499)
	at java.base/java.util.stream.ReduceOps$ReduceOp.evaluateSequential(ReduceOps.java:921)
	at java.base/java.util.stream.AbstractPipeline.evaluate(AbstractPipeline.java:234)
	at java.base/java.util.stream.ReferencePipeline.collect(ReferencePipeline.java:682)
	at it.unibz.inf.ontop.generation.DefaultSQLIQTree2NativeNodeGenerator.extractVariableTypeMap(DefaultSQLIQTree2NativeNodeGenerator.java:74)
	at it.unibz.inf.ontop.generation.DefaultSQLIQTree2NativeNodeGenerator.generate(DefaultSQLIQTree2NativeNodeGenerator.java:61)
	at it.unibz.inf.ontop.answering.reformulation.generation.impl.SQLGeneratorImpl.generateSourceQuery(SQLGeneratorImpl.java:156)
	at it.unibz.inf.ontop.answering.reformulation.generation.impl.SQLGeneratorImpl.generateSourceQuery(SQLGeneratorImpl.java:131)
	at it.unibz.inf.ontop.answering.reformulation.generation.impl.SQLGeneratorImpl.generateSourceQuery(SQLGeneratorImpl.java:111)
	at it.unibz.inf.ontop.answering.reformulation.impl.QuestQueryProcessor.generateExecutableQuery(QuestQueryProcessor.java:163)
	at it.unibz.inf.ontop.answering.reformulation.impl.QuestQueryProcessor.reformulateIntoNativeQuery(QuestQueryProcessor.java:123)
	... 3 common frames omitted
org.eclipse.rdf4j.query.QueryEvaluationException: it.unibz.inf.ontop.exception.OntopReformulationException: it.unibz.inf.ontop.exception.MinorOntopInternalBugException: Was expecting a unique and known DB term type to be extracted for the SQL variable id1m1
	at it.unibz.inf.ontop.rdf4j.query.impl.OntopBooleanQuery.evaluate(OntopBooleanQuery.java:40)
	at it.unibz.inf.ontop.endpoint.processor.SparqlQueryExecutor.executeQuery(SparqlQueryExecutor.java:77)
	at it.unibz.inf.ontop.endpoint.controllers.SparqlQueryController.query_get(SparqlQueryController.java:42)
	at java.base/jdk.internal.reflect.NativeMethodAccessorImpl.invoke0(Native Method)
	at java.base/jdk.internal.reflect.NativeMethodAccessorImpl.invoke(NativeMethodAccessorImpl.java:77)
	at java.base/jdk.internal.reflect.DelegatingMethodAccessorImpl.invoke(DelegatingMethodAccessorImpl.java:43)
	at java.base/java.lang.reflect.Method.invoke(Method.java:569)
	at org.springframework.web.method.support.InvocableHandlerMethod.doInvoke(InvocableHandlerMethod.java:205)
	at org.springframework.web.method.support.InvocableHandlerMethod.invokeForRequest(InvocableHandlerMethod.java:150)
	at org.springframework.web.servlet.mvc.method.annotation.ServletInvocableHandlerMethod.invokeAndHandle(ServletInvocableHandlerMethod.java:117)
	at org.springframework.web.servlet.mvc.method.annotation.RequestMappingHandlerAdapter.invokeHandlerMethod(RequestMappingHandlerAdapter.java:895)
	at org.springframework.web.servlet.mvc.method.annotation.RequestMappingHandlerAdapter.handleInternal(RequestMappingHandlerAdapter.java:808)
	at org.springframework.web.servlet.mvc.method.AbstractHandlerMethodAdapter.handle(AbstractHandlerMethodAdapter.java:87)
	at org.springframework.web.servlet.DispatcherServlet.doDispatch(DispatcherServlet.java:1072)
	at org.springframework.web.servlet.DispatcherServlet.doService(DispatcherServlet.java:965)
	at org.springframework.web.servlet.FrameworkServlet.processRequest(FrameworkServlet.java:1006)
	at org.springframework.web.servlet.FrameworkServlet.doGet(FrameworkServlet.java:898)
	at javax.servlet.http.HttpServlet.service(HttpServlet.java:529)
	at org.springframework.web.servlet.FrameworkServlet.service(FrameworkServlet.java:883)
	at javax.servlet.http.HttpServlet.service(HttpServlet.java:623)
	at org.apache.catalina.core.ApplicationFilterChain.internalDoFilter(ApplicationFilterChain.java:197)
	at org.apache.catalina.core.ApplicationFilterChain.doFilter(ApplicationFilterChain.java:142)
	at org.apache.tomcat.websocket.server.WsFilter.doFilter(WsFilter.java:51)
	at org.apache.catalina.core.ApplicationFilterChain.internalDoFilter(ApplicationFilterChain.java:166)
	at org.apache.catalina.core.ApplicationFilterChain.doFilter(ApplicationFilterChain.java:142)
	at org.springframework.web.filter.RequestContextFilter.doFilterInternal(RequestContextFilter.java:100)
	at org.springframework.web.filter.OncePerRequestFilter.doFilter(OncePerRequestFilter.java:117)
	at org.apache.catalina.core.ApplicationFilterChain.internalDoFilter(ApplicationFilterChain.java:166)
	at org.apache.catalina.core.ApplicationFilterChain.doFilter(ApplicationFilterChain.java:142)
	at org.springframework.web.filter.FormContentFilter.doFilterInternal(FormContentFilter.java:93)
	at org.springframework.web.filter.OncePerRequestFilter.doFilter(OncePerRequestFilter.java:117)
	at org.apache.catalina.core.ApplicationFilterChain.internalDoFilter(ApplicationFilterChain.java:166)
	at org.apache.catalina.core.ApplicationFilterChain.doFilter(ApplicationFilterChain.java:142)
	at org.springframework.boot.actuate.metrics.web.servlet.WebMvcMetricsFilter.doFilterInternal(WebMvcMetricsFilter.java:96)
	at org.springframework.web.filter.OncePerRequestFilter.doFilter(OncePerRequestFilter.java:117)
	at org.apache.catalina.core.ApplicationFilterChain.internalDoFilter(ApplicationFilterChain.java:166)
	at org.apache.catalina.core.ApplicationFilterChain.doFilter(ApplicationFilterChain.java:142)
	at org.springframework.web.filter.CharacterEncodingFilter.doFilterInternal(CharacterEncodingFilter.java:201)
	at org.springframework.web.filter.OncePerRequestFilter.doFilter(OncePerRequestFilter.java:117)
	at org.apache.catalina.core.ApplicationFilterChain.internalDoFilter(ApplicationFilterChain.java:166)
	at org.apache.catalina.core.ApplicationFilterChain.doFilter(ApplicationFilterChain.java:142)
	at org.apache.catalina.core.StandardWrapperValve.invoke(StandardWrapperValve.java:166)
	at org.apache.catalina.core.StandardContextValve.invoke(StandardContextValve.java:88)
	at org.apache.catalina.authenticator.AuthenticatorBase.invoke(AuthenticatorBase.java:491)
	at org.apache.catalina.core.StandardHostValve.invoke(StandardHostValve.java:127)
	at org.apache.catalina.valves.ErrorReportValve.invoke(ErrorReportValve.java:83)
	at org.apache.catalina.core.StandardEngineValve.invoke(StandardEngineValve.java:72)
	at org.apache.catalina.connector.CoyoteAdapter.service(CoyoteAdapter.java:344)
	at org.apache.coyote.http11.Http11Processor.service(Http11Processor.java:398)
	at org.apache.coyote.AbstractProcessorLight.process(AbstractProcessorLight.java:63)
	at org.apache.coyote.AbstractProtocol$ConnectionHandler.process(AbstractProtocol.java:939)
	at org.apache.tomcat.util.net.NioEndpoint$SocketProcessor.doRun(NioEndpoint.java:1854)
	at org.apache.tomcat.util.net.SocketProcessorBase.run(SocketProcessorBase.java:52)
	at org.apache.tomcat.util.threads.ThreadPoolExecutor.runWorker(ThreadPoolExecutor.java:973)
	at org.apache.tomcat.util.threads.ThreadPoolExecutor$Worker.run(ThreadPoolExecutor.java:491)
	at org.apache.tomcat.util.threads.TaskThread$WrappingRunnable.run(TaskThread.java:63)
	at java.base/java.lang.Thread.run(Thread.java:840)
Caused by: it.unibz.inf.ontop.exception.OntopReformulationException: it.unibz.inf.ontop.exception.MinorOntopInternalBugException: Was expecting a unique and known DB term type to be extracted for the SQL variable id1m1
	at it.unibz.inf.ontop.answering.reformulation.impl.QuestQueryProcessor.reformulateIntoNativeQuery(QuestQueryProcessor.java:154)
	at it.unibz.inf.ontop.answering.connection.impl.QuestStatement.executeBooleanQuery(QuestStatement.java:148)
	at it.unibz.inf.ontop.answering.connection.impl.QuestStatement.lambda$execute$3(QuestStatement.java:227)
	at it.unibz.inf.ontop.answering.connection.impl.QuestStatement$QueryExecutionThread.run(QuestStatement.java:108)
Caused by: it.unibz.inf.ontop.exception.MinorOntopInternalBugException: Was expecting a unique and known DB term type to be extracted for the SQL variable id1m1
	at it.unibz.inf.ontop.generation.DefaultSQLIQTree2NativeNodeGenerator.lambda$extractUniqueKnownType$6(DefaultSQLIQTree2NativeNodeGenerator.java:84)
	at java.base/java.util.Optional.orElseThrow(Optional.java:403)
	at it.unibz.inf.ontop.generation.DefaultSQLIQTree2NativeNodeGenerator.extractUniqueKnownType(DefaultSQLIQTree2NativeNodeGenerator.java:84)
	at it.unibz.inf.ontop.generation.DefaultSQLIQTree2NativeNodeGenerator.lambda$extractVariableTypeMap$2(DefaultSQLIQTree2NativeNodeGenerator.java:76)
	at it.unibz.inf.ontop.utils.ImmutableCollectors.lambda$toMap$0(ImmutableCollectors.java:110)
	at java.base/java.util.stream.ReduceOps$3ReducingSink.accept(ReduceOps.java:169)
	at java.base/java.util.Spliterators$ArraySpliterator.forEachRemaining(Spliterators.java:992)
	at java.base/java.util.stream.AbstractPipeline.copyInto(AbstractPipeline.java:509)
	at java.base/java.util.stream.AbstractPipeline.wrapAndCopyInto(AbstractPipeline.java:499)
	at java.base/java.util.stream.ReduceOps$ReduceOp.evaluateSequential(ReduceOps.java:921)
	at java.base/java.util.stream.AbstractPipeline.evaluate(AbstractPipeline.java:234)
	at java.base/java.util.stream.ReferencePipeline.collect(ReferencePipeline.java:682)
	at it.unibz.inf.ontop.generation.DefaultSQLIQTree2NativeNodeGenerator.extractVariableTypeMap(DefaultSQLIQTree2NativeNodeGenerator.java:74)
	at it.unibz.inf.ontop.generation.DefaultSQLIQTree2NativeNodeGenerator.generate(DefaultSQLIQTree2NativeNodeGenerator.java:61)
	at it.unibz.inf.ontop.answering.reformulation.generation.impl.SQLGeneratorImpl.generateSourceQuery(SQLGeneratorImpl.java:156)
	at it.unibz.inf.ontop.answering.reformulation.generation.impl.SQLGeneratorImpl.generateSourceQuery(SQLGeneratorImpl.java:131)
	at it.unibz.inf.ontop.answering.reformulation.generation.impl.SQLGeneratorImpl.generateSourceQuery(SQLGeneratorImpl.java:111)
	at it.unibz.inf.ontop.answering.reformulation.impl.QuestQueryProcessor.generateExecutableQuery(QuestQueryProcessor.java:163)
	at it.unibz.inf.ontop.answering.reformulation.impl.QuestQueryProcessor.reformulateIntoNativeQuery(QuestQueryProcessor.java:123)
	... 3 more
12:10:49.959 |-WARN  in i.u.i.o.a.r.impl.QuestQueryProcessor - Unexpected exception: Was expecting a unique and known DB term type to be extracted for the SQL variable id1m1
it.unibz.inf.ontop.exception.MinorOntopInternalBugException: Was expecting a unique and known DB term type to be extracted for the SQL variable id1m1
	at it.unibz.inf.ontop.generation.DefaultSQLIQTree2NativeNodeGenerator.lambda$extractUniqueKnownType$6(DefaultSQLIQTree2NativeNodeGenerator.java:84)
	at java.base/java.util.Optional.orElseThrow(Optional.java:403)
	at it.unibz.inf.ontop.generation.DefaultSQLIQTree2NativeNodeGenerator.extractUniqueKnownType(DefaultSQLIQTree2NativeNodeGenerator.java:84)
	at it.unibz.inf.ontop.generation.DefaultSQLIQTree2NativeNodeGenerator.lambda$extractVariableTypeMap$2(DefaultSQLIQTree2NativeNodeGenerator.java:76)
	at it.unibz.inf.ontop.utils.ImmutableCollectors.lambda$toMap$0(ImmutableCollectors.java:110)
	at java.base/java.util.stream.ReduceOps$3ReducingSink.accept(ReduceOps.java:169)
	at java.base/java.util.Spliterators$ArraySpliterator.forEachRemaining(Spliterators.java:992)
	at java.base/java.util.stream.AbstractPipeline.copyInto(AbstractPipeline.java:509)
	at java.base/java.util.stream.AbstractPipeline.wrapAndCopyInto(AbstractPipeline.java:499)
	at java.base/java.util.stream.ReduceOps$ReduceOp.evaluateSequential(ReduceOps.java:921)
	at java.base/java.util.stream.AbstractPipeline.evaluate(AbstractPipeline.java:234)
	at java.base/java.util.stream.ReferencePipeline.collect(ReferencePipeline.java:682)
	at it.unibz.inf.ontop.generation.DefaultSQLIQTree2NativeNodeGenerator.extractVariableTypeMap(DefaultSQLIQTree2NativeNodeGenerator.java:74)
	at it.unibz.inf.ontop.generation.DefaultSQLIQTree2NativeNodeGenerator.generate(DefaultSQLIQTree2NativeNodeGenerator.java:61)
	at it.unibz.inf.ontop.answering.reformulation.generation.impl.SQLGeneratorImpl.generateSourceQuery(SQLGeneratorImpl.java:156)
	at it.unibz.inf.ontop.answering.reformulation.generation.impl.SQLGeneratorImpl.generateSourceQuery(SQLGeneratorImpl.java:131)
	at it.unibz.inf.ontop.answering.reformulation.generation.impl.SQLGeneratorImpl.generateSourceQuery(SQLGeneratorImpl.java:111)
	at it.unibz.inf.ontop.answering.reformulation.impl.QuestQueryProcessor.generateExecutableQuery(QuestQueryProcessor.java:163)
	at it.unibz.inf.ontop.answering.reformulation.impl.QuestQueryProcessor.reformulateIntoNativeQuery(QuestQueryProcessor.java:123)
	at it.unibz.inf.ontop.answering.connection.impl.QuestStatement.executeBooleanQuery(QuestStatement.java:148)
	at it.unibz.inf.ontop.answering.connection.impl.QuestStatement.lambda$execute$3(QuestStatement.java:227)
	at it.unibz.inf.ontop.answering.connection.impl.QuestStatement$QueryExecutionThread.run(QuestStatement.java:108)
12:10:49.959 |-ERROR in i.u.i.o.a.c.impl.QuestStatement - it.unibz.inf.ontop.exception.MinorOntopInternalBugException: Was expecting a unique and known DB term type to be extracted for the SQL variable id1m1
it.unibz.inf.ontop.exception.OntopReformulationException: it.unibz.inf.ontop.exception.MinorOntopInternalBugException: Was expecting a unique and known DB term type to be extracted for the SQL variable id1m1
	at it.unibz.inf.ontop.answering.reformulation.impl.QuestQueryProcessor.reformulateIntoNativeQuery(QuestQueryProcessor.java:154)
	at it.unibz.inf.ontop.answering.connection.impl.QuestStatement.executeBooleanQuery(QuestStatement.java:148)
	at it.unibz.inf.ontop.answering.connection.impl.QuestStatement.lambda$execute$3(QuestStatement.java:227)
	at it.unibz.inf.ontop.answering.connection.impl.QuestStatement$QueryExecutionThread.run(QuestStatement.java:108)
Caused by: it.unibz.inf.ontop.exception.MinorOntopInternalBugException: Was expecting a unique and known DB term type to be extracted for the SQL variable id1m1
	at it.unibz.inf.ontop.generation.DefaultSQLIQTree2NativeNodeGenerator.lambda$extractUniqueKnownType$6(DefaultSQLIQTree2NativeNodeGenerator.java:84)
	at java.base/java.util.Optional.orElseThrow(Optional.java:403)
	at it.unibz.inf.ontop.generation.DefaultSQLIQTree2NativeNodeGenerator.extractUniqueKnownType(DefaultSQLIQTree2NativeNodeGenerator.java:84)
	at it.unibz.inf.ontop.generation.DefaultSQLIQTree2NativeNodeGenerator.lambda$extractVariableTypeMap$2(DefaultSQLIQTree2NativeNodeGenerator.java:76)
	at it.unibz.inf.ontop.utils.ImmutableCollectors.lambda$toMap$0(ImmutableCollectors.java:110)
	at java.base/java.util.stream.ReduceOps$3ReducingSink.accept(ReduceOps.java:169)
	at java.base/java.util.Spliterators$ArraySpliterator.forEachRemaining(Spliterators.java:992)
	at java.base/java.util.stream.AbstractPipeline.copyInto(AbstractPipeline.java:509)
	at java.base/java.util.stream.AbstractPipeline.wrapAndCopyInto(AbstractPipeline.java:499)
	at java.base/java.util.stream.ReduceOps$ReduceOp.evaluateSequential(ReduceOps.java:921)
	at java.base/java.util.stream.AbstractPipeline.evaluate(AbstractPipeline.java:234)
	at java.base/java.util.stream.ReferencePipeline.collect(ReferencePipeline.java:682)
	at it.unibz.inf.ontop.generation.DefaultSQLIQTree2NativeNodeGenerator.extractVariableTypeMap(DefaultSQLIQTree2NativeNodeGenerator.java:74)
	at it.unibz.inf.ontop.generation.DefaultSQLIQTree2NativeNodeGenerator.generate(DefaultSQLIQTree2NativeNodeGenerator.java:61)
	at it.unibz.inf.ontop.answering.reformulation.generation.impl.SQLGeneratorImpl.generateSourceQuery(SQLGeneratorImpl.java:156)
	at it.unibz.inf.ontop.answering.reformulation.generation.impl.SQLGeneratorImpl.generateSourceQuery(SQLGeneratorImpl.java:131)
	at it.unibz.inf.ontop.answering.reformulation.generation.impl.SQLGeneratorImpl.generateSourceQuery(SQLGeneratorImpl.java:111)
	at it.unibz.inf.ontop.answering.reformulation.impl.QuestQueryProcessor.generateExecutableQuery(QuestQueryProcessor.java:163)
	at it.unibz.inf.ontop.answering.reformulation.impl.QuestQueryProcessor.reformulateIntoNativeQuery(QuestQueryProcessor.java:123)
	... 3 common frames omitted
org.eclipse.rdf4j.query.QueryEvaluationException: it.unibz.inf.ontop.exception.OntopReformulationException: it.unibz.inf.ontop.exception.MinorOntopInternalBugException: Was expecting a unique and known DB term type to be extracted for the SQL variable id1m1
	at it.unibz.inf.ontop.rdf4j.query.impl.OntopBooleanQuery.evaluate(OntopBooleanQuery.java:40)
	at it.unibz.inf.ontop.endpoint.processor.SparqlQueryExecutor.executeQuery(SparqlQueryExecutor.java:77)
	at it.unibz.inf.ontop.endpoint.controllers.SparqlQueryController.query_get(SparqlQueryController.java:42)
	at java.base/jdk.internal.reflect.NativeMethodAccessorImpl.invoke0(Native Method)
	at java.base/jdk.internal.reflect.NativeMethodAccessorImpl.invoke(NativeMethodAccessorImpl.java:77)
	at java.base/jdk.internal.reflect.DelegatingMethodAccessorImpl.invoke(DelegatingMethodAccessorImpl.java:43)
	at java.base/java.lang.reflect.Method.invoke(Method.java:569)
	at org.springframework.web.method.support.InvocableHandlerMethod.doInvoke(InvocableHandlerMethod.java:205)
	at org.springframework.web.method.support.InvocableHandlerMethod.invokeForRequest(InvocableHandlerMethod.java:150)
	at org.springframework.web.servlet.mvc.method.annotation.ServletInvocableHandlerMethod.invokeAndHandle(ServletInvocableHandlerMethod.java:117)
	at org.springframework.web.servlet.mvc.method.annotation.RequestMappingHandlerAdapter.invokeHandlerMethod(RequestMappingHandlerAdapter.java:895)
	at org.springframework.web.servlet.mvc.method.annotation.RequestMappingHandlerAdapter.handleInternal(RequestMappingHandlerAdapter.java:808)
	at org.springframework.web.servlet.mvc.method.AbstractHandlerMethodAdapter.handle(AbstractHandlerMethodAdapter.java:87)
	at org.springframework.web.servlet.DispatcherServlet.doDispatch(DispatcherServlet.java:1072)
	at org.springframework.web.servlet.DispatcherServlet.doService(DispatcherServlet.java:965)
	at org.springframework.web.servlet.FrameworkServlet.processRequest(FrameworkServlet.java:1006)
	at org.springframework.web.servlet.FrameworkServlet.doGet(FrameworkServlet.java:898)
	at javax.servlet.http.HttpServlet.service(HttpServlet.java:529)
	at org.springframework.web.servlet.FrameworkServlet.service(FrameworkServlet.java:883)
	at javax.servlet.http.HttpServlet.service(HttpServlet.java:623)
	at org.apache.catalina.core.ApplicationFilterChain.internalDoFilter(ApplicationFilterChain.java:197)
	at org.apache.catalina.core.ApplicationFilterChain.doFilter(ApplicationFilterChain.java:142)
	at org.apache.tomcat.websocket.server.WsFilter.doFilter(WsFilter.java:51)
	at org.apache.catalina.core.ApplicationFilterChain.internalDoFilter(ApplicationFilterChain.java:166)
	at org.apache.catalina.core.ApplicationFilterChain.doFilter(ApplicationFilterChain.java:142)
	at org.springframework.web.filter.RequestContextFilter.doFilterInternal(RequestContextFilter.java:100)
	at org.springframework.web.filter.OncePerRequestFilter.doFilter(OncePerRequestFilter.java:117)
	at org.apache.catalina.core.ApplicationFilterChain.internalDoFilter(ApplicationFilterChain.java:166)
	at org.apache.catalina.core.ApplicationFilterChain.doFilter(ApplicationFilterChain.java:142)
	at org.springframework.web.filter.FormContentFilter.doFilterInternal(FormContentFilter.java:93)
	at org.springframework.web.filter.OncePerRequestFilter.doFilter(OncePerRequestFilter.java:117)
	at org.apache.catalina.core.ApplicationFilterChain.internalDoFilter(ApplicationFilterChain.java:166)
	at org.apache.catalina.core.ApplicationFilterChain.doFilter(ApplicationFilterChain.java:142)
	at org.springframework.boot.actuate.metrics.web.servlet.WebMvcMetricsFilter.doFilterInternal(WebMvcMetricsFilter.java:96)
	at org.springframework.web.filter.OncePerRequestFilter.doFilter(OncePerRequestFilter.java:117)
	at org.apache.catalina.core.ApplicationFilterChain.internalDoFilter(ApplicationFilterChain.java:166)
	at org.apache.catalina.core.ApplicationFilterChain.doFilter(ApplicationFilterChain.java:142)
	at org.springframework.web.filter.CharacterEncodingFilter.doFilterInternal(CharacterEncodingFilter.java:201)
	at org.springframework.web.filter.OncePerRequestFilter.doFilter(OncePerRequestFilter.java:117)
	at org.apache.catalina.core.ApplicationFilterChain.internalDoFilter(ApplicationFilterChain.java:166)
	at org.apache.catalina.core.ApplicationFilterChain.doFilter(ApplicationFilterChain.java:142)
	at org.apache.catalina.core.StandardWrapperValve.invoke(StandardWrapperValve.java:166)
	at org.apache.catalina.core.StandardContextValve.invoke(StandardContextValve.java:88)
	at org.apache.catalina.authenticator.AuthenticatorBase.invoke(AuthenticatorBase.java:491)
	at org.apache.catalina.core.StandardHostValve.invoke(StandardHostValve.java:127)
	at org.apache.catalina.valves.ErrorReportValve.invoke(ErrorReportValve.java:83)
	at org.apache.catalina.core.StandardEngineValve.invoke(StandardEngineValve.java:72)
	at org.apache.catalina.connector.CoyoteAdapter.service(CoyoteAdapter.java:344)
	at org.apache.coyote.http11.Http11Processor.service(Http11Processor.java:398)
	at org.apache.coyote.AbstractProcessorLight.process(AbstractProcessorLight.java:63)
	at org.apache.coyote.AbstractProtocol$ConnectionHandler.process(AbstractProtocol.java:939)
	at org.apache.tomcat.util.net.NioEndpoint$SocketProcessor.doRun(NioEndpoint.java:1854)
	at org.apache.tomcat.util.net.SocketProcessorBase.run(SocketProcessorBase.java:52)
	at org.apache.tomcat.util.threads.ThreadPoolExecutor.runWorker(ThreadPoolExecutor.java:973)
	at org.apache.tomcat.util.threads.ThreadPoolExecutor$Worker.run(ThreadPoolExecutor.java:491)
	at org.apache.tomcat.util.threads.TaskThread$WrappingRunnable.run(TaskThread.java:63)
	at java.base/java.lang.Thread.run(Thread.java:840)
Caused by: it.unibz.inf.ontop.exception.OntopReformulationException: it.unibz.inf.ontop.exception.MinorOntopInternalBugException: Was expecting a unique and known DB term type to be extracted for the SQL variable id1m1
	at it.unibz.inf.ontop.answering.reformulation.impl.QuestQueryProcessor.reformulateIntoNativeQuery(QuestQueryProcessor.java:154)
	at it.unibz.inf.ontop.answering.connection.impl.QuestStatement.executeBooleanQuery(QuestStatement.java:148)
	at it.unibz.inf.ontop.answering.connection.impl.QuestStatement.lambda$execute$3(QuestStatement.java:227)
	at it.unibz.inf.ontop.answering.connection.impl.QuestStatement$QueryExecutionThread.run(QuestStatement.java:108)
Caused by: it.unibz.inf.ontop.exception.MinorOntopInternalBugException: Was expecting a unique and known DB term type to be extracted for the SQL variable id1m1
	at it.unibz.inf.ontop.generation.DefaultSQLIQTree2NativeNodeGenerator.lambda$extractUniqueKnownType$6(DefaultSQLIQTree2NativeNodeGenerator.java:84)
	at java.base/java.util.Optional.orElseThrow(Optional.java:403)
	at it.unibz.inf.ontop.generation.DefaultSQLIQTree2NativeNodeGenerator.extractUniqueKnownType(DefaultSQLIQTree2NativeNodeGenerator.java:84)
	at it.unibz.inf.ontop.generation.DefaultSQLIQTree2NativeNodeGenerator.lambda$extractVariableTypeMap$2(DefaultSQLIQTree2NativeNodeGenerator.java:76)
	at it.unibz.inf.ontop.utils.ImmutableCollectors.lambda$toMap$0(ImmutableCollectors.java:110)
	at java.base/java.util.stream.ReduceOps$3ReducingSink.accept(ReduceOps.java:169)
	at java.base/java.util.Spliterators$ArraySpliterator.forEachRemaining(Spliterators.java:992)
	at java.base/java.util.stream.AbstractPipeline.copyInto(AbstractPipeline.java:509)
	at java.base/java.util.stream.AbstractPipeline.wrapAndCopyInto(AbstractPipeline.java:499)
	at java.base/java.util.stream.ReduceOps$ReduceOp.evaluateSequential(ReduceOps.java:921)
	at java.base/java.util.stream.AbstractPipeline.evaluate(AbstractPipeline.java:234)
	at java.base/java.util.stream.ReferencePipeline.collect(ReferencePipeline.java:682)
	at it.unibz.inf.ontop.generation.DefaultSQLIQTree2NativeNodeGenerator.extractVariableTypeMap(DefaultSQLIQTree2NativeNodeGenerator.java:74)
	at it.unibz.inf.ontop.generation.DefaultSQLIQTree2NativeNodeGenerator.generate(DefaultSQLIQTree2NativeNodeGenerator.java:61)
	at it.unibz.inf.ontop.answering.reformulation.generation.impl.SQLGeneratorImpl.generateSourceQuery(SQLGeneratorImpl.java:156)
	at it.unibz.inf.ontop.answering.reformulation.generation.impl.SQLGeneratorImpl.generateSourceQuery(SQLGeneratorImpl.java:131)
	at it.unibz.inf.ontop.answering.reformulation.generation.impl.SQLGeneratorImpl.generateSourceQuery(SQLGeneratorImpl.java:111)
	at it.unibz.inf.ontop.answering.reformulation.impl.QuestQueryProcessor.generateExecutableQuery(QuestQueryProcessor.java:163)
	at it.unibz.inf.ontop.answering.reformulation.impl.QuestQueryProcessor.reformulateIntoNativeQuery(QuestQueryProcessor.java:123)
	... 3 more
12:10:51.005 |-WARN  in i.u.i.o.a.r.impl.QuestQueryProcessor - Unexpected exception: Was expecting a unique and known DB term type to be extracted for the SQL variable id1m1
it.unibz.inf.ontop.exception.MinorOntopInternalBugException: Was expecting a unique and known DB term type to be extracted for the SQL variable id1m1
	at it.unibz.inf.ontop.generation.DefaultSQLIQTree2NativeNodeGenerator.lambda$extractUniqueKnownType$6(DefaultSQLIQTree2NativeNodeGenerator.java:84)
	at java.base/java.util.Optional.orElseThrow(Optional.java:403)
	at it.unibz.inf.ontop.generation.DefaultSQLIQTree2NativeNodeGenerator.extractUniqueKnownType(DefaultSQLIQTree2NativeNodeGenerator.java:84)
	at it.unibz.inf.ontop.generation.DefaultSQLIQTree2NativeNodeGenerator.lambda$extractVariableTypeMap$2(DefaultSQLIQTree2NativeNodeGenerator.java:76)
	at it.unibz.inf.ontop.utils.ImmutableCollectors.lambda$toMap$0(ImmutableCollectors.java:110)
	at java.base/java.util.stream.ReduceOps$3ReducingSink.accept(ReduceOps.java:169)
	at java.base/java.util.Spliterators$ArraySpliterator.forEachRemaining(Spliterators.java:992)
	at java.base/java.util.stream.AbstractPipeline.copyInto(AbstractPipeline.java:509)
	at java.base/java.util.stream.AbstractPipeline.wrapAndCopyInto(AbstractPipeline.java:499)
	at java.base/java.util.stream.ReduceOps$ReduceOp.evaluateSequential(ReduceOps.java:921)
	at java.base/java.util.stream.AbstractPipeline.evaluate(AbstractPipeline.java:234)
	at java.base/java.util.stream.ReferencePipeline.collect(ReferencePipeline.java:682)
	at it.unibz.inf.ontop.generation.DefaultSQLIQTree2NativeNodeGenerator.extractVariableTypeMap(DefaultSQLIQTree2NativeNodeGenerator.java:74)
	at it.unibz.inf.ontop.generation.DefaultSQLIQTree2NativeNodeGenerator.generate(DefaultSQLIQTree2NativeNodeGenerator.java:61)
	at it.unibz.inf.ontop.answering.reformulation.generation.impl.SQLGeneratorImpl.generateSourceQuery(SQLGeneratorImpl.java:156)
	at it.unibz.inf.ontop.answering.reformulation.generation.impl.SQLGeneratorImpl.generateSourceQuery(SQLGeneratorImpl.java:131)
	at it.unibz.inf.ontop.answering.reformulation.generation.impl.SQLGeneratorImpl.generateSourceQuery(SQLGeneratorImpl.java:111)
	at it.unibz.inf.ontop.answering.reformulation.impl.QuestQueryProcessor.generateExecutableQuery(QuestQueryProcessor.java:163)
	at it.unibz.inf.ontop.answering.reformulation.impl.QuestQueryProcessor.reformulateIntoNativeQuery(QuestQueryProcessor.java:123)
	at it.unibz.inf.ontop.answering.connection.impl.QuestStatement.executeBooleanQuery(QuestStatement.java:148)
	at it.unibz.inf.ontop.answering.connection.impl.QuestStatement.lambda$execute$3(QuestStatement.java:227)
	at it.unibz.inf.ontop.answering.connection.impl.QuestStatement$QueryExecutionThread.run(QuestStatement.java:108)
12:10:51.005 |-ERROR in i.u.i.o.a.c.impl.QuestStatement - it.unibz.inf.ontop.exception.MinorOntopInternalBugException: Was expecting a unique and known DB term type to be extracted for the SQL variable id1m1
it.unibz.inf.ontop.exception.OntopReformulationException: it.unibz.inf.ontop.exception.MinorOntopInternalBugException: Was expecting a unique and known DB term type to be extracted for the SQL variable id1m1
	at it.unibz.inf.ontop.answering.reformulation.impl.QuestQueryProcessor.reformulateIntoNativeQuery(QuestQueryProcessor.java:154)
	at it.unibz.inf.ontop.answering.connection.impl.QuestStatement.executeBooleanQuery(QuestStatement.java:148)
	at it.unibz.inf.ontop.answering.connection.impl.QuestStatement.lambda$execute$3(QuestStatement.java:227)
	at it.unibz.inf.ontop.answering.connection.impl.QuestStatement$QueryExecutionThread.run(QuestStatement.java:108)
Caused by: it.unibz.inf.ontop.exception.MinorOntopInternalBugException: Was expecting a unique and known DB term type to be extracted for the SQL variable id1m1
	at it.unibz.inf.ontop.generation.DefaultSQLIQTree2NativeNodeGenerator.lambda$extractUniqueKnownType$6(DefaultSQLIQTree2NativeNodeGenerator.java:84)
	at java.base/java.util.Optional.orElseThrow(Optional.java:403)
	at it.unibz.inf.ontop.generation.DefaultSQLIQTree2NativeNodeGenerator.extractUniqueKnownType(DefaultSQLIQTree2NativeNodeGenerator.java:84)
	at it.unibz.inf.ontop.generation.DefaultSQLIQTree2NativeNodeGenerator.lambda$extractVariableTypeMap$2(DefaultSQLIQTree2NativeNodeGenerator.java:76)
	at it.unibz.inf.ontop.utils.ImmutableCollectors.lambda$toMap$0(ImmutableCollectors.java:110)
	at java.base/java.util.stream.ReduceOps$3ReducingSink.accept(ReduceOps.java:169)
	at java.base/java.util.Spliterators$ArraySpliterator.forEachRemaining(Spliterators.java:992)
	at java.base/java.util.stream.AbstractPipeline.copyInto(AbstractPipeline.java:509)
	at java.base/java.util.stream.AbstractPipeline.wrapAndCopyInto(AbstractPipeline.java:499)
	at java.base/java.util.stream.ReduceOps$ReduceOp.evaluateSequential(ReduceOps.java:921)
	at java.base/java.util.stream.AbstractPipeline.evaluate(AbstractPipeline.java:234)
	at java.base/java.util.stream.ReferencePipeline.collect(ReferencePipeline.java:682)
	at it.unibz.inf.ontop.generation.DefaultSQLIQTree2NativeNodeGenerator.extractVariableTypeMap(DefaultSQLIQTree2NativeNodeGenerator.java:74)
	at it.unibz.inf.ontop.generation.DefaultSQLIQTree2NativeNodeGenerator.generate(DefaultSQLIQTree2NativeNodeGenerator.java:61)
	at it.unibz.inf.ontop.answering.reformulation.generation.impl.SQLGeneratorImpl.generateSourceQuery(SQLGeneratorImpl.java:156)
	at it.unibz.inf.ontop.answering.reformulation.generation.impl.SQLGeneratorImpl.generateSourceQuery(SQLGeneratorImpl.java:131)
	at it.unibz.inf.ontop.answering.reformulation.generation.impl.SQLGeneratorImpl.generateSourceQuery(SQLGeneratorImpl.java:111)
	at it.unibz.inf.ontop.answering.reformulation.impl.QuestQueryProcessor.generateExecutableQuery(QuestQueryProcessor.java:163)
	at it.unibz.inf.ontop.answering.reformulation.impl.QuestQueryProcessor.reformulateIntoNativeQuery(QuestQueryProcessor.java:123)
	... 3 common frames omitted
org.eclipse.rdf4j.query.QueryEvaluationException: it.unibz.inf.ontop.exception.OntopReformulationException: it.unibz.inf.ontop.exception.MinorOntopInternalBugException: Was expecting a unique and known DB term type to be extracted for the SQL variable id1m1
	at it.unibz.inf.ontop.rdf4j.query.impl.OntopBooleanQuery.evaluate(OntopBooleanQuery.java:40)
	at it.unibz.inf.ontop.endpoint.processor.SparqlQueryExecutor.executeQuery(SparqlQueryExecutor.java:77)
	at it.unibz.inf.ontop.endpoint.controllers.SparqlQueryController.query_get(SparqlQueryController.java:42)
	at jdk.internal.reflect.GeneratedMethodAccessor7.invoke(Unknown Source)
	at java.base/jdk.internal.reflect.DelegatingMethodAccessorImpl.invoke(DelegatingMethodAccessorImpl.java:43)
	at java.base/java.lang.reflect.Method.invoke(Method.java:569)
	at org.springframework.web.method.support.InvocableHandlerMethod.doInvoke(InvocableHandlerMethod.java:205)
	at org.springframework.web.method.support.InvocableHandlerMethod.invokeForRequest(InvocableHandlerMethod.java:150)
	at org.springframework.web.servlet.mvc.method.annotation.ServletInvocableHandlerMethod.invokeAndHandle(ServletInvocableHandlerMethod.java:117)
	at org.springframework.web.servlet.mvc.method.annotation.RequestMappingHandlerAdapter.invokeHandlerMethod(RequestMappingHandlerAdapter.java:895)
	at org.springframework.web.servlet.mvc.method.annotation.RequestMappingHandlerAdapter.handleInternal(RequestMappingHandlerAdapter.java:808)
	at org.springframework.web.servlet.mvc.method.AbstractHandlerMethodAdapter.handle(AbstractHandlerMethodAdapter.java:87)
	at org.springframework.web.servlet.DispatcherServlet.doDispatch(DispatcherServlet.java:1072)
	at org.springframework.web.servlet.DispatcherServlet.doService(DispatcherServlet.java:965)
	at org.springframework.web.servlet.FrameworkServlet.processRequest(FrameworkServlet.java:1006)
	at org.springframework.web.servlet.FrameworkServlet.doGet(FrameworkServlet.java:898)
	at javax.servlet.http.HttpServlet.service(HttpServlet.java:529)
	at org.springframework.web.servlet.FrameworkServlet.service(FrameworkServlet.java:883)
	at javax.servlet.http.HttpServlet.service(HttpServlet.java:623)
	at org.apache.catalina.core.ApplicationFilterChain.internalDoFilter(ApplicationFilterChain.java:197)
	at org.apache.catalina.core.ApplicationFilterChain.doFilter(ApplicationFilterChain.java:142)
	at org.apache.tomcat.websocket.server.WsFilter.doFilter(WsFilter.java:51)
	at org.apache.catalina.core.ApplicationFilterChain.internalDoFilter(ApplicationFilterChain.java:166)
	at org.apache.catalina.core.ApplicationFilterChain.doFilter(ApplicationFilterChain.java:142)
	at org.springframework.web.filter.RequestContextFilter.doFilterInternal(RequestContextFilter.java:100)
	at org.springframework.web.filter.OncePerRequestFilter.doFilter(OncePerRequestFilter.java:117)
	at org.apache.catalina.core.ApplicationFilterChain.internalDoFilter(ApplicationFilterChain.java:166)
	at org.apache.catalina.core.ApplicationFilterChain.doFilter(ApplicationFilterChain.java:142)
	at org.springframework.web.filter.FormContentFilter.doFilterInternal(FormContentFilter.java:93)
	at org.springframework.web.filter.OncePerRequestFilter.doFilter(OncePerRequestFilter.java:117)
	at org.apache.catalina.core.ApplicationFilterChain.internalDoFilter(ApplicationFilterChain.java:166)
	at org.apache.catalina.core.ApplicationFilterChain.doFilter(ApplicationFilterChain.java:142)
	at org.springframework.boot.actuate.metrics.web.servlet.WebMvcMetricsFilter.doFilterInternal(WebMvcMetricsFilter.java:96)
	at org.springframework.web.filter.OncePerRequestFilter.doFilter(OncePerRequestFilter.java:117)
	at org.apache.catalina.core.ApplicationFilterChain.internalDoFilter(ApplicationFilterChain.java:166)
	at org.apache.catalina.core.ApplicationFilterChain.doFilter(ApplicationFilterChain.java:142)
	at org.springframework.web.filter.CharacterEncodingFilter.doFilterInternal(CharacterEncodingFilter.java:201)
	at org.springframework.web.filter.OncePerRequestFilter.doFilter(OncePerRequestFilter.java:117)
	at org.apache.catalina.core.ApplicationFilterChain.internalDoFilter(ApplicationFilterChain.java:166)
	at org.apache.catalina.core.ApplicationFilterChain.doFilter(ApplicationFilterChain.java:142)
	at org.apache.catalina.core.StandardWrapperValve.invoke(StandardWrapperValve.java:166)
	at org.apache.catalina.core.StandardContextValve.invoke(StandardContextValve.java:88)
	at org.apache.catalina.authenticator.AuthenticatorBase.invoke(AuthenticatorBase.java:491)
	at org.apache.catalina.core.StandardHostValve.invoke(StandardHostValve.java:127)
	at org.apache.catalina.valves.ErrorReportValve.invoke(ErrorReportValve.java:83)
	at org.apache.catalina.core.StandardEngineValve.invoke(StandardEngineValve.java:72)
	at org.apache.catalina.connector.CoyoteAdapter.service(CoyoteAdapter.java:344)
	at org.apache.coyote.http11.Http11Processor.service(Http11Processor.java:398)
	at org.apache.coyote.AbstractProcessorLight.process(AbstractProcessorLight.java:63)
	at org.apache.coyote.AbstractProtocol$ConnectionHandler.process(AbstractProtocol.java:939)
	at org.apache.tomcat.util.net.NioEndpoint$SocketProcessor.doRun(NioEndpoint.java:1854)
	at org.apache.tomcat.util.net.SocketProcessorBase.run(SocketProcessorBase.java:52)
	at org.apache.tomcat.util.threads.ThreadPoolExecutor.runWorker(ThreadPoolExecutor.java:973)
	at org.apache.tomcat.util.threads.ThreadPoolExecutor$Worker.run(ThreadPoolExecutor.java:491)
	at org.apache.tomcat.util.threads.TaskThread$WrappingRunnable.run(TaskThread.java:63)
	at java.base/java.lang.Thread.run(Thread.java:840)
Caused by: it.unibz.inf.ontop.exception.OntopReformulationException: it.unibz.inf.ontop.exception.MinorOntopInternalBugException: Was expecting a unique and known DB term type to be extracted for the SQL variable id1m1
	at it.unibz.inf.ontop.answering.reformulation.impl.QuestQueryProcessor.reformulateIntoNativeQuery(QuestQueryProcessor.java:154)
	at it.unibz.inf.ontop.answering.connection.impl.QuestStatement.executeBooleanQuery(QuestStatement.java:148)
	at it.unibz.inf.ontop.answering.connection.impl.QuestStatement.lambda$execute$3(QuestStatement.java:227)
	at it.unibz.inf.ontop.answering.connection.impl.QuestStatement$QueryExecutionThread.run(QuestStatement.java:108)
Caused by: it.unibz.inf.ontop.exception.MinorOntopInternalBugException: Was expecting a unique and known DB term type to be extracted for the SQL variable id1m1
	at it.unibz.inf.ontop.generation.DefaultSQLIQTree2NativeNodeGenerator.lambda$extractUniqueKnownType$6(DefaultSQLIQTree2NativeNodeGenerator.java:84)
	at java.base/java.util.Optional.orElseThrow(Optional.java:403)
	at it.unibz.inf.ontop.generation.DefaultSQLIQTree2NativeNodeGenerator.extractUniqueKnownType(DefaultSQLIQTree2NativeNodeGenerator.java:84)
	at it.unibz.inf.ontop.generation.DefaultSQLIQTree2NativeNodeGenerator.lambda$extractVariableTypeMap$2(DefaultSQLIQTree2NativeNodeGenerator.java:76)
	at it.unibz.inf.ontop.utils.ImmutableCollectors.lambda$toMap$0(ImmutableCollectors.java:110)
	at java.base/java.util.stream.ReduceOps$3ReducingSink.accept(ReduceOps.java:169)
	at java.base/java.util.Spliterators$ArraySpliterator.forEachRemaining(Spliterators.java:992)
	at java.base/java.util.stream.AbstractPipeline.copyInto(AbstractPipeline.java:509)
	at java.base/java.util.stream.AbstractPipeline.wrapAndCopyInto(AbstractPipeline.java:499)
	at java.base/java.util.stream.ReduceOps$ReduceOp.evaluateSequential(ReduceOps.java:921)
	at java.base/java.util.stream.AbstractPipeline.evaluate(AbstractPipeline.java:234)
	at java.base/java.util.stream.ReferencePipeline.collect(ReferencePipeline.java:682)
	at it.unibz.inf.ontop.generation.DefaultSQLIQTree2NativeNodeGenerator.extractVariableTypeMap(DefaultSQLIQTree2NativeNodeGenerator.java:74)
	at it.unibz.inf.ontop.generation.DefaultSQLIQTree2NativeNodeGenerator.generate(DefaultSQLIQTree2NativeNodeGenerator.java:61)
	at it.unibz.inf.ontop.answering.reformulation.generation.impl.SQLGeneratorImpl.generateSourceQuery(SQLGeneratorImpl.java:156)
	at it.unibz.inf.ontop.answering.reformulation.generation.impl.SQLGeneratorImpl.generateSourceQuery(SQLGeneratorImpl.java:131)
	at it.unibz.inf.ontop.answering.reformulation.generation.impl.SQLGeneratorImpl.generateSourceQuery(SQLGeneratorImpl.java:111)
	at it.unibz.inf.ontop.answering.reformulation.impl.QuestQueryProcessor.generateExecutableQuery(QuestQueryProcessor.java:163)
	at it.unibz.inf.ontop.answering.reformulation.impl.QuestQueryProcessor.reformulateIntoNativeQuery(QuestQueryProcessor.java:123)
	... 3 more
12:10:52.042 |-WARN  in i.u.i.o.a.r.impl.QuestQueryProcessor - Unexpected exception: Was expecting a unique and known DB term type to be extracted for the SQL variable id1m1
it.unibz.inf.ontop.exception.MinorOntopInternalBugException: Was expecting a unique and known DB term type to be extracted for the SQL variable id1m1
	at it.unibz.inf.ontop.generation.DefaultSQLIQTree2NativeNodeGenerator.lambda$extractUniqueKnownType$6(DefaultSQLIQTree2NativeNodeGenerator.java:84)
	at java.base/java.util.Optional.orElseThrow(Optional.java:403)
	at it.unibz.inf.ontop.generation.DefaultSQLIQTree2NativeNodeGenerator.extractUniqueKnownType(DefaultSQLIQTree2NativeNodeGenerator.java:84)
	at it.unibz.inf.ontop.generation.DefaultSQLIQTree2NativeNodeGenerator.lambda$extractVariableTypeMap$2(DefaultSQLIQTree2NativeNodeGenerator.java:76)
	at it.unibz.inf.ontop.utils.ImmutableCollectors.lambda$toMap$0(ImmutableCollectors.java:110)
	at java.base/java.util.stream.ReduceOps$3ReducingSink.accept(ReduceOps.java:169)
	at java.base/java.util.Spliterators$ArraySpliterator.forEachRemaining(Spliterators.java:992)
	at java.base/java.util.stream.AbstractPipeline.copyInto(AbstractPipeline.java:509)
	at java.base/java.util.stream.AbstractPipeline.wrapAndCopyInto(AbstractPipeline.java:499)
	at java.base/java.util.stream.ReduceOps$ReduceOp.evaluateSequential(ReduceOps.java:921)
	at java.base/java.util.stream.AbstractPipeline.evaluate(AbstractPipeline.java:234)
	at java.base/java.util.stream.ReferencePipeline.collect(ReferencePipeline.java:682)
	at it.unibz.inf.ontop.generation.DefaultSQLIQTree2NativeNodeGenerator.extractVariableTypeMap(DefaultSQLIQTree2NativeNodeGenerator.java:74)
	at it.unibz.inf.ontop.generation.DefaultSQLIQTree2NativeNodeGenerator.generate(DefaultSQLIQTree2NativeNodeGenerator.java:61)
	at it.unibz.inf.ontop.answering.reformulation.generation.impl.SQLGeneratorImpl.generateSourceQuery(SQLGeneratorImpl.java:156)
	at it.unibz.inf.ontop.answering.reformulation.generation.impl.SQLGeneratorImpl.generateSourceQuery(SQLGeneratorImpl.java:131)
	at it.unibz.inf.ontop.answering.reformulation.generation.impl.SQLGeneratorImpl.generateSourceQuery(SQLGeneratorImpl.java:111)
	at it.unibz.inf.ontop.answering.reformulation.impl.QuestQueryProcessor.generateExecutableQuery(QuestQueryProcessor.java:163)
	at it.unibz.inf.ontop.answering.reformulation.impl.QuestQueryProcessor.reformulateIntoNativeQuery(QuestQueryProcessor.java:123)
	at it.unibz.inf.ontop.answering.connection.impl.QuestStatement.executeBooleanQuery(QuestStatement.java:148)
	at it.unibz.inf.ontop.answering.connection.impl.QuestStatement.lambda$execute$3(QuestStatement.java:227)
	at it.unibz.inf.ontop.answering.connection.impl.QuestStatement$QueryExecutionThread.run(QuestStatement.java:108)
12:10:52.042 |-ERROR in i.u.i.o.a.c.impl.QuestStatement - it.unibz.inf.ontop.exception.MinorOntopInternalBugException: Was expecting a unique and known DB term type to be extracted for the SQL variable id1m1
it.unibz.inf.ontop.exception.OntopReformulationException: it.unibz.inf.ontop.exception.MinorOntopInternalBugException: Was expecting a unique and known DB term type to be extracted for the SQL variable id1m1
	at it.unibz.inf.ontop.answering.reformulation.impl.QuestQueryProcessor.reformulateIntoNativeQuery(QuestQueryProcessor.java:154)
	at it.unibz.inf.ontop.answering.connection.impl.QuestStatement.executeBooleanQuery(QuestStatement.java:148)
	at it.unibz.inf.ontop.answering.connection.impl.QuestStatement.lambda$execute$3(QuestStatement.java:227)
	at it.unibz.inf.ontop.answering.connection.impl.QuestStatement$QueryExecutionThread.run(QuestStatement.java:108)
Caused by: it.unibz.inf.ontop.exception.MinorOntopInternalBugException: Was expecting a unique and known DB term type to be extracted for the SQL variable id1m1
	at it.unibz.inf.ontop.generation.DefaultSQLIQTree2NativeNodeGenerator.lambda$extractUniqueKnownType$6(DefaultSQLIQTree2NativeNodeGenerator.java:84)
	at java.base/java.util.Optional.orElseThrow(Optional.java:403)
	at it.unibz.inf.ontop.generation.DefaultSQLIQTree2NativeNodeGenerator.extractUniqueKnownType(DefaultSQLIQTree2NativeNodeGenerator.java:84)
	at it.unibz.inf.ontop.generation.DefaultSQLIQTree2NativeNodeGenerator.lambda$extractVariableTypeMap$2(DefaultSQLIQTree2NativeNodeGenerator.java:76)
	at it.unibz.inf.ontop.utils.ImmutableCollectors.lambda$toMap$0(ImmutableCollectors.java:110)
	at java.base/java.util.stream.ReduceOps$3ReducingSink.accept(ReduceOps.java:169)
	at java.base/java.util.Spliterators$ArraySpliterator.forEachRemaining(Spliterators.java:992)
	at java.base/java.util.stream.AbstractPipeline.copyInto(AbstractPipeline.java:509)
	at java.base/java.util.stream.AbstractPipeline.wrapAndCopyInto(AbstractPipeline.java:499)
	at java.base/java.util.stream.ReduceOps$ReduceOp.evaluateSequential(ReduceOps.java:921)
	at java.base/java.util.stream.AbstractPipeline.evaluate(AbstractPipeline.java:234)
	at java.base/java.util.stream.ReferencePipeline.collect(ReferencePipeline.java:682)
	at it.unibz.inf.ontop.generation.DefaultSQLIQTree2NativeNodeGenerator.extractVariableTypeMap(DefaultSQLIQTree2NativeNodeGenerator.java:74)
	at it.unibz.inf.ontop.generation.DefaultSQLIQTree2NativeNodeGenerator.generate(DefaultSQLIQTree2NativeNodeGenerator.java:61)
	at it.unibz.inf.ontop.answering.reformulation.generation.impl.SQLGeneratorImpl.generateSourceQuery(SQLGeneratorImpl.java:156)
	at it.unibz.inf.ontop.answering.reformulation.generation.impl.SQLGeneratorImpl.generateSourceQuery(SQLGeneratorImpl.java:131)
	at it.unibz.inf.ontop.answering.reformulation.generation.impl.SQLGeneratorImpl.generateSourceQuery(SQLGeneratorImpl.java:111)
	at it.unibz.inf.ontop.answering.reformulation.impl.QuestQueryProcessor.generateExecutableQuery(QuestQueryProcessor.java:163)
	at it.unibz.inf.ontop.answering.reformulation.impl.QuestQueryProcessor.reformulateIntoNativeQuery(QuestQueryProcessor.java:123)
	... 3 common frames omitted
org.eclipse.rdf4j.query.QueryEvaluationException: it.unibz.inf.ontop.exception.OntopReformulationException: it.unibz.inf.ontop.exception.MinorOntopInternalBugException: Was expecting a unique and known DB term type to be extracted for the SQL variable id1m1
	at it.unibz.inf.ontop.rdf4j.query.impl.OntopBooleanQuery.evaluate(OntopBooleanQuery.java:40)
	at it.unibz.inf.ontop.endpoint.processor.SparqlQueryExecutor.executeQuery(SparqlQueryExecutor.java:77)
	at it.unibz.inf.ontop.endpoint.controllers.SparqlQueryController.query_get(SparqlQueryController.java:42)
	at jdk.internal.reflect.GeneratedMethodAccessor7.invoke(Unknown Source)
	at java.base/jdk.internal.reflect.DelegatingMethodAccessorImpl.invoke(DelegatingMethodAccessorImpl.java:43)
	at java.base/java.lang.reflect.Method.invoke(Method.java:569)
	at org.springframework.web.method.support.InvocableHandlerMethod.doInvoke(InvocableHandlerMethod.java:205)
	at org.springframework.web.method.support.InvocableHandlerMethod.invokeForRequest(InvocableHandlerMethod.java:150)
	at org.springframework.web.servlet.mvc.method.annotation.ServletInvocableHandlerMethod.invokeAndHandle(ServletInvocableHandlerMethod.java:117)
	at org.springframework.web.servlet.mvc.method.annotation.RequestMappingHandlerAdapter.invokeHandlerMethod(RequestMappingHandlerAdapter.java:895)
	at org.springframework.web.servlet.mvc.method.annotation.RequestMappingHandlerAdapter.handleInternal(RequestMappingHandlerAdapter.java:808)
	at org.springframework.web.servlet.mvc.method.AbstractHandlerMethodAdapter.handle(AbstractHandlerMethodAdapter.java:87)
	at org.springframework.web.servlet.DispatcherServlet.doDispatch(DispatcherServlet.java:1072)
	at org.springframework.web.servlet.DispatcherServlet.doService(DispatcherServlet.java:965)
	at org.springframework.web.servlet.FrameworkServlet.processRequest(FrameworkServlet.java:1006)
	at org.springframework.web.servlet.FrameworkServlet.doGet(FrameworkServlet.java:898)
	at javax.servlet.http.HttpServlet.service(HttpServlet.java:529)
	at org.springframework.web.servlet.FrameworkServlet.service(FrameworkServlet.java:883)
	at javax.servlet.http.HttpServlet.service(HttpServlet.java:623)
	at org.apache.catalina.core.ApplicationFilterChain.internalDoFilter(ApplicationFilterChain.java:197)
	at org.apache.catalina.core.ApplicationFilterChain.doFilter(ApplicationFilterChain.java:142)
	at org.apache.tomcat.websocket.server.WsFilter.doFilter(WsFilter.java:51)
	at org.apache.catalina.core.ApplicationFilterChain.internalDoFilter(ApplicationFilterChain.java:166)
	at org.apache.catalina.core.ApplicationFilterChain.doFilter(ApplicationFilterChain.java:142)
	at org.springframework.web.filter.RequestContextFilter.doFilterInternal(RequestContextFilter.java:100)
	at org.springframework.web.filter.OncePerRequestFilter.doFilter(OncePerRequestFilter.java:117)
	at org.apache.catalina.core.ApplicationFilterChain.internalDoFilter(ApplicationFilterChain.java:166)
	at org.apache.catalina.core.ApplicationFilterChain.doFilter(ApplicationFilterChain.java:142)
	at org.springframework.web.filter.FormContentFilter.doFilterInternal(FormContentFilter.java:93)
	at org.springframework.web.filter.OncePerRequestFilter.doFilter(OncePerRequestFilter.java:117)
	at org.apache.catalina.core.ApplicationFilterChain.internalDoFilter(ApplicationFilterChain.java:166)
	at org.apache.catalina.core.ApplicationFilterChain.doFilter(ApplicationFilterChain.java:142)
	at org.springframework.boot.actuate.metrics.web.servlet.WebMvcMetricsFilter.doFilterInternal(WebMvcMetricsFilter.java:96)
	at org.springframework.web.filter.OncePerRequestFilter.doFilter(OncePerRequestFilter.java:117)
	at org.apache.catalina.core.ApplicationFilterChain.internalDoFilter(ApplicationFilterChain.java:166)
	at org.apache.catalina.core.ApplicationFilterChain.doFilter(ApplicationFilterChain.java:142)
	at org.springframework.web.filter.CharacterEncodingFilter.doFilterInternal(CharacterEncodingFilter.java:201)
	at org.springframework.web.filter.OncePerRequestFilter.doFilter(OncePerRequestFilter.java:117)
	at org.apache.catalina.core.ApplicationFilterChain.internalDoFilter(ApplicationFilterChain.java:166)
	at org.apache.catalina.core.ApplicationFilterChain.doFilter(ApplicationFilterChain.java:142)
	at org.apache.catalina.core.StandardWrapperValve.invoke(StandardWrapperValve.java:166)
	at org.apache.catalina.core.StandardContextValve.invoke(StandardContextValve.java:88)
	at org.apache.catalina.authenticator.AuthenticatorBase.invoke(AuthenticatorBase.java:491)
	at org.apache.catalina.core.StandardHostValve.invoke(StandardHostValve.java:127)
	at org.apache.catalina.valves.ErrorReportValve.invoke(ErrorReportValve.java:83)
	at org.apache.catalina.core.StandardEngineValve.invoke(StandardEngineValve.java:72)
	at org.apache.catalina.connector.CoyoteAdapter.service(CoyoteAdapter.java:344)
	at org.apache.coyote.http11.Http11Processor.service(Http11Processor.java:398)
	at org.apache.coyote.AbstractProcessorLight.process(AbstractProcessorLight.java:63)
	at org.apache.coyote.AbstractProtocol$ConnectionHandler.process(AbstractProtocol.java:939)
	at org.apache.tomcat.util.net.NioEndpoint$SocketProcessor.doRun(NioEndpoint.java:1854)
	at org.apache.tomcat.util.net.SocketProcessorBase.run(SocketProcessorBase.java:52)
	at org.apache.tomcat.util.threads.ThreadPoolExecutor.runWorker(ThreadPoolExecutor.java:973)
	at org.apache.tomcat.util.threads.ThreadPoolExecutor$Worker.run(ThreadPoolExecutor.java:491)
	at org.apache.tomcat.util.threads.TaskThread$WrappingRunnable.run(TaskThread.java:63)
	at java.base/java.lang.Thread.run(Thread.java:840)
Caused by: it.unibz.inf.ontop.exception.OntopReformulationException: it.unibz.inf.ontop.exception.MinorOntopInternalBugException: Was expecting a unique and known DB term type to be extracted for the SQL variable id1m1
	at it.unibz.inf.ontop.answering.reformulation.impl.QuestQueryProcessor.reformulateIntoNativeQuery(QuestQueryProcessor.java:154)
	at it.unibz.inf.ontop.answering.connection.impl.QuestStatement.executeBooleanQuery(QuestStatement.java:148)
	at it.unibz.inf.ontop.answering.connection.impl.QuestStatement.lambda$execute$3(QuestStatement.java:227)
	at it.unibz.inf.ontop.answering.connection.impl.QuestStatement$QueryExecutionThread.run(QuestStatement.java:108)
Caused by: it.unibz.inf.ontop.exception.MinorOntopInternalBugException: Was expecting a unique and known DB term type to be extracted for the SQL variable id1m1
	at it.unibz.inf.ontop.generation.DefaultSQLIQTree2NativeNodeGenerator.lambda$extractUniqueKnownType$6(DefaultSQLIQTree2NativeNodeGenerator.java:84)
	at java.base/java.util.Optional.orElseThrow(Optional.java:403)
	at it.unibz.inf.ontop.generation.DefaultSQLIQTree2NativeNodeGenerator.extractUniqueKnownType(DefaultSQLIQTree2NativeNodeGenerator.java:84)
	at it.unibz.inf.ontop.generation.DefaultSQLIQTree2NativeNodeGenerator.lambda$extractVariableTypeMap$2(DefaultSQLIQTree2NativeNodeGenerator.java:76)
	at it.unibz.inf.ontop.utils.ImmutableCollectors.lambda$toMap$0(ImmutableCollectors.java:110)
	at java.base/java.util.stream.ReduceOps$3ReducingSink.accept(ReduceOps.java:169)
	at java.base/java.util.Spliterators$ArraySpliterator.forEachRemaining(Spliterators.java:992)
	at java.base/java.util.stream.AbstractPipeline.copyInto(AbstractPipeline.java:509)
	at java.base/java.util.stream.AbstractPipeline.wrapAndCopyInto(AbstractPipeline.java:499)
	at java.base/java.util.stream.ReduceOps$ReduceOp.evaluateSequential(ReduceOps.java:921)
	at java.base/java.util.stream.AbstractPipeline.evaluate(AbstractPipeline.java:234)
	at java.base/java.util.stream.ReferencePipeline.collect(ReferencePipeline.java:682)
	at it.unibz.inf.ontop.generation.DefaultSQLIQTree2NativeNodeGenerator.extractVariableTypeMap(DefaultSQLIQTree2NativeNodeGenerator.java:74)
	at it.unibz.inf.ontop.generation.DefaultSQLIQTree2NativeNodeGenerator.generate(DefaultSQLIQTree2NativeNodeGenerator.java:61)
	at it.unibz.inf.ontop.answering.reformulation.generation.impl.SQLGeneratorImpl.generateSourceQuery(SQLGeneratorImpl.java:156)
	at it.unibz.inf.ontop.answering.reformulation.generation.impl.SQLGeneratorImpl.generateSourceQuery(SQLGeneratorImpl.java:131)
	at it.unibz.inf.ontop.answering.reformulation.generation.impl.SQLGeneratorImpl.generateSourceQuery(SQLGeneratorImpl.java:111)
	at it.unibz.inf.ontop.answering.reformulation.impl.QuestQueryProcessor.generateExecutableQuery(QuestQueryProcessor.java:163)
	at it.unibz.inf.ontop.answering.reformulation.impl.QuestQueryProcessor.reformulateIntoNativeQuery(QuestQueryProcessor.java:123)
	... 3 more
12:10:53.088 |-WARN  in i.u.i.o.a.r.impl.QuestQueryProcessor - Unexpected exception: Was expecting a unique and known DB term type to be extracted for the SQL variable id1m1
it.unibz.inf.ontop.exception.MinorOntopInternalBugException: Was expecting a unique and known DB term type to be extracted for the SQL variable id1m1
	at it.unibz.inf.ontop.generation.DefaultSQLIQTree2NativeNodeGenerator.lambda$extractUniqueKnownType$6(DefaultSQLIQTree2NativeNodeGenerator.java:84)
	at java.base/java.util.Optional.orElseThrow(Optional.java:403)
	at it.unibz.inf.ontop.generation.DefaultSQLIQTree2NativeNodeGenerator.extractUniqueKnownType(DefaultSQLIQTree2NativeNodeGenerator.java:84)
	at it.unibz.inf.ontop.generation.DefaultSQLIQTree2NativeNodeGenerator.lambda$extractVariableTypeMap$2(DefaultSQLIQTree2NativeNodeGenerator.java:76)
	at it.unibz.inf.ontop.utils.ImmutableCollectors.lambda$toMap$0(ImmutableCollectors.java:110)
	at java.base/java.util.stream.ReduceOps$3ReducingSink.accept(ReduceOps.java:169)
	at java.base/java.util.Spliterators$ArraySpliterator.forEachRemaining(Spliterators.java:992)
	at java.base/java.util.stream.AbstractPipeline.copyInto(AbstractPipeline.java:509)
	at java.base/java.util.stream.AbstractPipeline.wrapAndCopyInto(AbstractPipeline.java:499)
	at java.base/java.util.stream.ReduceOps$ReduceOp.evaluateSequential(ReduceOps.java:921)
	at java.base/java.util.stream.AbstractPipeline.evaluate(AbstractPipeline.java:234)
	at java.base/java.util.stream.ReferencePipeline.collect(ReferencePipeline.java:682)
	at it.unibz.inf.ontop.generation.DefaultSQLIQTree2NativeNodeGenerator.extractVariableTypeMap(DefaultSQLIQTree2NativeNodeGenerator.java:74)
	at it.unibz.inf.ontop.generation.DefaultSQLIQTree2NativeNodeGenerator.generate(DefaultSQLIQTree2NativeNodeGenerator.java:61)
	at it.unibz.inf.ontop.answering.reformulation.generation.impl.SQLGeneratorImpl.generateSourceQuery(SQLGeneratorImpl.java:156)
	at it.unibz.inf.ontop.answering.reformulation.generation.impl.SQLGeneratorImpl.generateSourceQuery(SQLGeneratorImpl.java:131)
	at it.unibz.inf.ontop.answering.reformulation.generation.impl.SQLGeneratorImpl.generateSourceQuery(SQLGeneratorImpl.java:111)
	at it.unibz.inf.ontop.answering.reformulation.impl.QuestQueryProcessor.generateExecutableQuery(QuestQueryProcessor.java:163)
	at it.unibz.inf.ontop.answering.reformulation.impl.QuestQueryProcessor.reformulateIntoNativeQuery(QuestQueryProcessor.java:123)
	at it.unibz.inf.ontop.answering.connection.impl.QuestStatement.executeBooleanQuery(QuestStatement.java:148)
	at it.unibz.inf.ontop.answering.connection.impl.QuestStatement.lambda$execute$3(QuestStatement.java:227)
	at it.unibz.inf.ontop.answering.connection.impl.QuestStatement$QueryExecutionThread.run(QuestStatement.java:108)
12:10:53.088 |-ERROR in i.u.i.o.a.c.impl.QuestStatement - it.unibz.inf.ontop.exception.MinorOntopInternalBugException: Was expecting a unique and known DB term type to be extracted for the SQL variable id1m1
it.unibz.inf.ontop.exception.OntopReformulationException: it.unibz.inf.ontop.exception.MinorOntopInternalBugException: Was expecting a unique and known DB term type to be extracted for the SQL variable id1m1
	at it.unibz.inf.ontop.answering.reformulation.impl.QuestQueryProcessor.reformulateIntoNativeQuery(QuestQueryProcessor.java:154)
	at it.unibz.inf.ontop.answering.connection.impl.QuestStatement.executeBooleanQuery(QuestStatement.java:148)
	at it.unibz.inf.ontop.answering.connection.impl.QuestStatement.lambda$execute$3(QuestStatement.java:227)
	at it.unibz.inf.ontop.answering.connection.impl.QuestStatement$QueryExecutionThread.run(QuestStatement.java:108)
Caused by: it.unibz.inf.ontop.exception.MinorOntopInternalBugException: Was expecting a unique and known DB term type to be extracted for the SQL variable id1m1
	at it.unibz.inf.ontop.generation.DefaultSQLIQTree2NativeNodeGenerator.lambda$extractUniqueKnownType$6(DefaultSQLIQTree2NativeNodeGenerator.java:84)
	at java.base/java.util.Optional.orElseThrow(Optional.java:403)
	at it.unibz.inf.ontop.generation.DefaultSQLIQTree2NativeNodeGenerator.extractUniqueKnownType(DefaultSQLIQTree2NativeNodeGenerator.java:84)
	at it.unibz.inf.ontop.generation.DefaultSQLIQTree2NativeNodeGenerator.lambda$extractVariableTypeMap$2(DefaultSQLIQTree2NativeNodeGenerator.java:76)
	at it.unibz.inf.ontop.utils.ImmutableCollectors.lambda$toMap$0(ImmutableCollectors.java:110)
	at java.base/java.util.stream.ReduceOps$3ReducingSink.accept(ReduceOps.java:169)
	at java.base/java.util.Spliterators$ArraySpliterator.forEachRemaining(Spliterators.java:992)
	at java.base/java.util.stream.AbstractPipeline.copyInto(AbstractPipeline.java:509)
	at java.base/java.util.stream.AbstractPipeline.wrapAndCopyInto(AbstractPipeline.java:499)
	at java.base/java.util.stream.ReduceOps$ReduceOp.evaluateSequential(ReduceOps.java:921)
	at java.base/java.util.stream.AbstractPipeline.evaluate(AbstractPipeline.java:234)
	at java.base/java.util.stream.ReferencePipeline.collect(ReferencePipeline.java:682)
	at it.unibz.inf.ontop.generation.DefaultSQLIQTree2NativeNodeGenerator.extractVariableTypeMap(DefaultSQLIQTree2NativeNodeGenerator.java:74)
	at it.unibz.inf.ontop.generation.DefaultSQLIQTree2NativeNodeGenerator.generate(DefaultSQLIQTree2NativeNodeGenerator.java:61)
	at it.unibz.inf.ontop.answering.reformulation.generation.impl.SQLGeneratorImpl.generateSourceQuery(SQLGeneratorImpl.java:156)
	at it.unibz.inf.ontop.answering.reformulation.generation.impl.SQLGeneratorImpl.generateSourceQuery(SQLGeneratorImpl.java:131)
	at it.unibz.inf.ontop.answering.reformulation.generation.impl.SQLGeneratorImpl.generateSourceQuery(SQLGeneratorImpl.java:111)
	at it.unibz.inf.ontop.answering.reformulation.impl.QuestQueryProcessor.generateExecutableQuery(QuestQueryProcessor.java:163)
	at it.unibz.inf.ontop.answering.reformulation.impl.QuestQueryProcessor.reformulateIntoNativeQuery(QuestQueryProcessor.java:123)
	... 3 common frames omitted
org.eclipse.rdf4j.query.QueryEvaluationException: it.unibz.inf.ontop.exception.OntopReformulationException: it.unibz.inf.ontop.exception.MinorOntopInternalBugException: Was expecting a unique and known DB term type to be extracted for the SQL variable id1m1
	at it.unibz.inf.ontop.rdf4j.query.impl.OntopBooleanQuery.evaluate(OntopBooleanQuery.java:40)
	at it.unibz.inf.ontop.endpoint.processor.SparqlQueryExecutor.executeQuery(SparqlQueryExecutor.java:77)
	at it.unibz.inf.ontop.endpoint.controllers.SparqlQueryController.query_get(SparqlQueryController.java:42)
	at jdk.internal.reflect.GeneratedMethodAccessor7.invoke(Unknown Source)
	at java.base/jdk.internal.reflect.DelegatingMethodAccessorImpl.invoke(DelegatingMethodAccessorImpl.java:43)
	at java.base/java.lang.reflect.Method.invoke(Method.java:569)
	at org.springframework.web.method.support.InvocableHandlerMethod.doInvoke(InvocableHandlerMethod.java:205)
	at org.springframework.web.method.support.InvocableHandlerMethod.invokeForRequest(InvocableHandlerMethod.java:150)
	at org.springframework.web.servlet.mvc.method.annotation.ServletInvocableHandlerMethod.invokeAndHandle(ServletInvocableHandlerMethod.java:117)
	at org.springframework.web.servlet.mvc.method.annotation.RequestMappingHandlerAdapter.invokeHandlerMethod(RequestMappingHandlerAdapter.java:895)
	at org.springframework.web.servlet.mvc.method.annotation.RequestMappingHandlerAdapter.handleInternal(RequestMappingHandlerAdapter.java:808)
	at org.springframework.web.servlet.mvc.method.AbstractHandlerMethodAdapter.handle(AbstractHandlerMethodAdapter.java:87)
	at org.springframework.web.servlet.DispatcherServlet.doDispatch(DispatcherServlet.java:1072)
	at org.springframework.web.servlet.DispatcherServlet.doService(DispatcherServlet.java:965)
	at org.springframework.web.servlet.FrameworkServlet.processRequest(FrameworkServlet.java:1006)
	at org.springframework.web.servlet.FrameworkServlet.doGet(FrameworkServlet.java:898)
	at javax.servlet.http.HttpServlet.service(HttpServlet.java:529)
	at org.springframework.web.servlet.FrameworkServlet.service(FrameworkServlet.java:883)
	at javax.servlet.http.HttpServlet.service(HttpServlet.java:623)
	at org.apache.catalina.core.ApplicationFilterChain.internalDoFilter(ApplicationFilterChain.java:197)
	at org.apache.catalina.core.ApplicationFilterChain.doFilter(ApplicationFilterChain.java:142)
	at org.apache.tomcat.websocket.server.WsFilter.doFilter(WsFilter.java:51)
	at org.apache.catalina.core.ApplicationFilterChain.internalDoFilter(ApplicationFilterChain.java:166)
	at org.apache.catalina.core.ApplicationFilterChain.doFilter(ApplicationFilterChain.java:142)
	at org.springframework.web.filter.RequestContextFilter.doFilterInternal(RequestContextFilter.java:100)
	at org.springframework.web.filter.OncePerRequestFilter.doFilter(OncePerRequestFilter.java:117)
	at org.apache.catalina.core.ApplicationFilterChain.internalDoFilter(ApplicationFilterChain.java:166)
	at org.apache.catalina.core.ApplicationFilterChain.doFilter(ApplicationFilterChain.java:142)
	at org.springframework.web.filter.FormContentFilter.doFilterInternal(FormContentFilter.java:93)
	at org.springframework.web.filter.OncePerRequestFilter.doFilter(OncePerRequestFilter.java:117)
	at org.apache.catalina.core.ApplicationFilterChain.internalDoFilter(ApplicationFilterChain.java:166)
	at org.apache.catalina.core.ApplicationFilterChain.doFilter(ApplicationFilterChain.java:142)
	at org.springframework.boot.actuate.metrics.web.servlet.WebMvcMetricsFilter.doFilterInternal(WebMvcMetricsFilter.java:96)
	at org.springframework.web.filter.OncePerRequestFilter.doFilter(OncePerRequestFilter.java:117)
	at org.apache.catalina.core.ApplicationFilterChain.internalDoFilter(ApplicationFilterChain.java:166)
	at org.apache.catalina.core.ApplicationFilterChain.doFilter(ApplicationFilterChain.java:142)
	at org.springframework.web.filter.CharacterEncodingFilter.doFilterInternal(CharacterEncodingFilter.java:201)
	at org.springframework.web.filter.OncePerRequestFilter.doFilter(OncePerRequestFilter.java:117)
	at org.apache.catalina.core.ApplicationFilterChain.internalDoFilter(ApplicationFilterChain.java:166)
	at org.apache.catalina.core.ApplicationFilterChain.doFilter(ApplicationFilterChain.java:142)
	at org.apache.catalina.core.StandardWrapperValve.invoke(StandardWrapperValve.java:166)
	at org.apache.catalina.core.StandardContextValve.invoke(StandardContextValve.java:88)
	at org.apache.catalina.authenticator.AuthenticatorBase.invoke(AuthenticatorBase.java:491)
	at org.apache.catalina.core.StandardHostValve.invoke(StandardHostValve.java:127)
	at org.apache.catalina.valves.ErrorReportValve.invoke(ErrorReportValve.java:83)
	at org.apache.catalina.core.StandardEngineValve.invoke(StandardEngineValve.java:72)
	at org.apache.catalina.connector.CoyoteAdapter.service(CoyoteAdapter.java:344)
	at org.apache.coyote.http11.Http11Processor.service(Http11Processor.java:398)
	at org.apache.coyote.AbstractProcessorLight.process(AbstractProcessorLight.java:63)
	at org.apache.coyote.AbstractProtocol$ConnectionHandler.process(AbstractProtocol.java:939)
	at org.apache.tomcat.util.net.NioEndpoint$SocketProcessor.doRun(NioEndpoint.java:1854)
	at org.apache.tomcat.util.net.SocketProcessorBase.run(SocketProcessorBase.java:52)
	at org.apache.tomcat.util.threads.ThreadPoolExecutor.runWorker(ThreadPoolExecutor.java:973)
	at org.apache.tomcat.util.threads.ThreadPoolExecutor$Worker.run(ThreadPoolExecutor.java:491)
	at org.apache.tomcat.util.threads.TaskThread$WrappingRunnable.run(TaskThread.java:63)
	at java.base/java.lang.Thread.run(Thread.java:840)
Caused by: it.unibz.inf.ontop.exception.OntopReformulationException: it.unibz.inf.ontop.exception.MinorOntopInternalBugException: Was expecting a unique and known DB term type to be extracted for the SQL variable id1m1
	at it.unibz.inf.ontop.answering.reformulation.impl.QuestQueryProcessor.reformulateIntoNativeQuery(QuestQueryProcessor.java:154)
	at it.unibz.inf.ontop.answering.connection.impl.QuestStatement.executeBooleanQuery(QuestStatement.java:148)
	at it.unibz.inf.ontop.answering.connection.impl.QuestStatement.lambda$execute$3(QuestStatement.java:227)
	at it.unibz.inf.ontop.answering.connection.impl.QuestStatement$QueryExecutionThread.run(QuestStatement.java:108)
Caused by: it.unibz.inf.ontop.exception.MinorOntopInternalBugException: Was expecting a unique and known DB term type to be extracted for the SQL variable id1m1
	at it.unibz.inf.ontop.generation.DefaultSQLIQTree2NativeNodeGenerator.lambda$extractUniqueKnownType$6(DefaultSQLIQTree2NativeNodeGenerator.java:84)
	at java.base/java.util.Optional.orElseThrow(Optional.java:403)
	at it.unibz.inf.ontop.generation.DefaultSQLIQTree2NativeNodeGenerator.extractUniqueKnownType(DefaultSQLIQTree2NativeNodeGenerator.java:84)
	at it.unibz.inf.ontop.generation.DefaultSQLIQTree2NativeNodeGenerator.lambda$extractVariableTypeMap$2(DefaultSQLIQTree2NativeNodeGenerator.java:76)
	at it.unibz.inf.ontop.utils.ImmutableCollectors.lambda$toMap$0(ImmutableCollectors.java:110)
	at java.base/java.util.stream.ReduceOps$3ReducingSink.accept(ReduceOps.java:169)
	at java.base/java.util.Spliterators$ArraySpliterator.forEachRemaining(Spliterators.java:992)
	at java.base/java.util.stream.AbstractPipeline.copyInto(AbstractPipeline.java:509)
	at java.base/java.util.stream.AbstractPipeline.wrapAndCopyInto(AbstractPipeline.java:499)
	at java.base/java.util.stream.ReduceOps$ReduceOp.evaluateSequential(ReduceOps.java:921)
	at java.base/java.util.stream.AbstractPipeline.evaluate(AbstractPipeline.java:234)
	at java.base/java.util.stream.ReferencePipeline.collect(ReferencePipeline.java:682)
	at it.unibz.inf.ontop.generation.DefaultSQLIQTree2NativeNodeGenerator.extractVariableTypeMap(DefaultSQLIQTree2NativeNodeGenerator.java:74)
	at it.unibz.inf.ontop.generation.DefaultSQLIQTree2NativeNodeGenerator.generate(DefaultSQLIQTree2NativeNodeGenerator.java:61)
	at it.unibz.inf.ontop.answering.reformulation.generation.impl.SQLGeneratorImpl.generateSourceQuery(SQLGeneratorImpl.java:156)
	at it.unibz.inf.ontop.answering.reformulation.generation.impl.SQLGeneratorImpl.generateSourceQuery(SQLGeneratorImpl.java:131)
	at it.unibz.inf.ontop.answering.reformulation.generation.impl.SQLGeneratorImpl.generateSourceQuery(SQLGeneratorImpl.java:111)
	at it.unibz.inf.ontop.answering.reformulation.impl.QuestQueryProcessor.generateExecutableQuery(QuestQueryProcessor.java:163)
	at it.unibz.inf.ontop.answering.reformulation.impl.QuestQueryProcessor.reformulateIntoNativeQuery(QuestQueryProcessor.java:123)
	... 3 more
12:10:54.130 |-WARN  in i.u.i.o.a.r.impl.QuestQueryProcessor - Unexpected exception: Was expecting a unique and known DB term type to be extracted for the SQL variable id1m1
it.unibz.inf.ontop.exception.MinorOntopInternalBugException: Was expecting a unique and known DB term type to be extracted for the SQL variable id1m1
	at it.unibz.inf.ontop.generation.DefaultSQLIQTree2NativeNodeGenerator.lambda$extractUniqueKnownType$6(DefaultSQLIQTree2NativeNodeGenerator.java:84)
	at java.base/java.util.Optional.orElseThrow(Optional.java:403)
	at it.unibz.inf.ontop.generation.DefaultSQLIQTree2NativeNodeGenerator.extractUniqueKnownType(DefaultSQLIQTree2NativeNodeGenerator.java:84)
	at it.unibz.inf.ontop.generation.DefaultSQLIQTree2NativeNodeGenerator.lambda$extractVariableTypeMap$2(DefaultSQLIQTree2NativeNodeGenerator.java:76)
	at it.unibz.inf.ontop.utils.ImmutableCollectors.lambda$toMap$0(ImmutableCollectors.java:110)
	at java.base/java.util.stream.ReduceOps$3ReducingSink.accept(ReduceOps.java:169)
	at java.base/java.util.Spliterators$ArraySpliterator.forEachRemaining(Spliterators.java:992)
	at java.base/java.util.stream.AbstractPipeline.copyInto(AbstractPipeline.java:509)
	at java.base/java.util.stream.AbstractPipeline.wrapAndCopyInto(AbstractPipeline.java:499)
	at java.base/java.util.stream.ReduceOps$ReduceOp.evaluateSequential(ReduceOps.java:921)
	at java.base/java.util.stream.AbstractPipeline.evaluate(AbstractPipeline.java:234)
	at java.base/java.util.stream.ReferencePipeline.collect(ReferencePipeline.java:682)
	at it.unibz.inf.ontop.generation.DefaultSQLIQTree2NativeNodeGenerator.extractVariableTypeMap(DefaultSQLIQTree2NativeNodeGenerator.java:74)
	at it.unibz.inf.ontop.generation.DefaultSQLIQTree2NativeNodeGenerator.generate(DefaultSQLIQTree2NativeNodeGenerator.java:61)
	at it.unibz.inf.ontop.answering.reformulation.generation.impl.SQLGeneratorImpl.generateSourceQuery(SQLGeneratorImpl.java:156)
	at it.unibz.inf.ontop.answering.reformulation.generation.impl.SQLGeneratorImpl.generateSourceQuery(SQLGeneratorImpl.java:131)
	at it.unibz.inf.ontop.answering.reformulation.generation.impl.SQLGeneratorImpl.generateSourceQuery(SQLGeneratorImpl.java:111)
	at it.unibz.inf.ontop.answering.reformulation.impl.QuestQueryProcessor.generateExecutableQuery(QuestQueryProcessor.java:163)
	at it.unibz.inf.ontop.answering.reformulation.impl.QuestQueryProcessor.reformulateIntoNativeQuery(QuestQueryProcessor.java:123)
	at it.unibz.inf.ontop.answering.connection.impl.QuestStatement.executeBooleanQuery(QuestStatement.java:148)
	at it.unibz.inf.ontop.answering.connection.impl.QuestStatement.lambda$execute$3(QuestStatement.java:227)
	at it.unibz.inf.ontop.answering.connection.impl.QuestStatement$QueryExecutionThread.run(QuestStatement.java:108)
12:10:54.130 |-ERROR in i.u.i.o.a.c.impl.QuestStatement - it.unibz.inf.ontop.exception.MinorOntopInternalBugException: Was expecting a unique and known DB term type to be extracted for the SQL variable id1m1
it.unibz.inf.ontop.exception.OntopReformulationException: it.unibz.inf.ontop.exception.MinorOntopInternalBugException: Was expecting a unique and known DB term type to be extracted for the SQL variable id1m1
	at it.unibz.inf.ontop.answering.reformulation.impl.QuestQueryProcessor.reformulateIntoNativeQuery(QuestQueryProcessor.java:154)
	at it.unibz.inf.ontop.answering.connection.impl.QuestStatement.executeBooleanQuery(QuestStatement.java:148)
	at it.unibz.inf.ontop.answering.connection.impl.QuestStatement.lambda$execute$3(QuestStatement.java:227)
	at it.unibz.inf.ontop.answering.connection.impl.QuestStatement$QueryExecutionThread.run(QuestStatement.java:108)
Caused by: it.unibz.inf.ontop.exception.MinorOntopInternalBugException: Was expecting a unique and known DB term type to be extracted for the SQL variable id1m1
	at it.unibz.inf.ontop.generation.DefaultSQLIQTree2NativeNodeGenerator.lambda$extractUniqueKnownType$6(DefaultSQLIQTree2NativeNodeGenerator.java:84)
	at java.base/java.util.Optional.orElseThrow(Optional.java:403)
	at it.unibz.inf.ontop.generation.DefaultSQLIQTree2NativeNodeGenerator.extractUniqueKnownType(DefaultSQLIQTree2NativeNodeGenerator.java:84)
	at it.unibz.inf.ontop.generation.DefaultSQLIQTree2NativeNodeGenerator.lambda$extractVariableTypeMap$2(DefaultSQLIQTree2NativeNodeGenerator.java:76)
	at it.unibz.inf.ontop.utils.ImmutableCollectors.lambda$toMap$0(ImmutableCollectors.java:110)
	at java.base/java.util.stream.ReduceOps$3ReducingSink.accept(ReduceOps.java:169)
	at java.base/java.util.Spliterators$ArraySpliterator.forEachRemaining(Spliterators.java:992)
	at java.base/java.util.stream.AbstractPipeline.copyInto(AbstractPipeline.java:509)
	at java.base/java.util.stream.AbstractPipeline.wrapAndCopyInto(AbstractPipeline.java:499)
	at java.base/java.util.stream.ReduceOps$ReduceOp.evaluateSequential(ReduceOps.java:921)
	at java.base/java.util.stream.AbstractPipeline.evaluate(AbstractPipeline.java:234)
	at java.base/java.util.stream.ReferencePipeline.collect(ReferencePipeline.java:682)
	at it.unibz.inf.ontop.generation.DefaultSQLIQTree2NativeNodeGenerator.extractVariableTypeMap(DefaultSQLIQTree2NativeNodeGenerator.java:74)
	at it.unibz.inf.ontop.generation.DefaultSQLIQTree2NativeNodeGenerator.generate(DefaultSQLIQTree2NativeNodeGenerator.java:61)
	at it.unibz.inf.ontop.answering.reformulation.generation.impl.SQLGeneratorImpl.generateSourceQuery(SQLGeneratorImpl.java:156)
	at it.unibz.inf.ontop.answering.reformulation.generation.impl.SQLGeneratorImpl.generateSourceQuery(SQLGeneratorImpl.java:131)
	at it.unibz.inf.ontop.answering.reformulation.generation.impl.SQLGeneratorImpl.generateSourceQuery(SQLGeneratorImpl.java:111)
	at it.unibz.inf.ontop.answering.reformulation.impl.QuestQueryProcessor.generateExecutableQuery(QuestQueryProcessor.java:163)
	at it.unibz.inf.ontop.answering.reformulation.impl.QuestQueryProcessor.reformulateIntoNativeQuery(QuestQueryProcessor.java:123)
	... 3 common frames omitted
org.eclipse.rdf4j.query.QueryEvaluationException: it.unibz.inf.ontop.exception.OntopReformulationException: it.unibz.inf.ontop.exception.MinorOntopInternalBugException: Was expecting a unique and known DB term type to be extracted for the SQL variable id1m1
	at it.unibz.inf.ontop.rdf4j.query.impl.OntopBooleanQuery.evaluate(OntopBooleanQuery.java:40)
	at it.unibz.inf.ontop.endpoint.processor.SparqlQueryExecutor.executeQuery(SparqlQueryExecutor.java:77)
	at it.unibz.inf.ontop.endpoint.controllers.SparqlQueryController.query_get(SparqlQueryController.java:42)
	at jdk.internal.reflect.GeneratedMethodAccessor7.invoke(Unknown Source)
	at java.base/jdk.internal.reflect.DelegatingMethodAccessorImpl.invoke(DelegatingMethodAccessorImpl.java:43)
	at java.base/java.lang.reflect.Method.invoke(Method.java:569)
	at org.springframework.web.method.support.InvocableHandlerMethod.doInvoke(InvocableHandlerMethod.java:205)
	at org.springframework.web.method.support.InvocableHandlerMethod.invokeForRequest(InvocableHandlerMethod.java:150)
	at org.springframework.web.servlet.mvc.method.annotation.ServletInvocableHandlerMethod.invokeAndHandle(ServletInvocableHandlerMethod.java:117)
	at org.springframework.web.servlet.mvc.method.annotation.RequestMappingHandlerAdapter.invokeHandlerMethod(RequestMappingHandlerAdapter.java:895)
	at org.springframework.web.servlet.mvc.method.annotation.RequestMappingHandlerAdapter.handleInternal(RequestMappingHandlerAdapter.java:808)
	at org.springframework.web.servlet.mvc.method.AbstractHandlerMethodAdapter.handle(AbstractHandlerMethodAdapter.java:87)
	at org.springframework.web.servlet.DispatcherServlet.doDispatch(DispatcherServlet.java:1072)
	at org.springframework.web.servlet.DispatcherServlet.doService(DispatcherServlet.java:965)
	at org.springframework.web.servlet.FrameworkServlet.processRequest(FrameworkServlet.java:1006)
	at org.springframework.web.servlet.FrameworkServlet.doGet(FrameworkServlet.java:898)
	at javax.servlet.http.HttpServlet.service(HttpServlet.java:529)
	at org.springframework.web.servlet.FrameworkServlet.service(FrameworkServlet.java:883)
	at javax.servlet.http.HttpServlet.service(HttpServlet.java:623)
	at org.apache.catalina.core.ApplicationFilterChain.internalDoFilter(ApplicationFilterChain.java:197)
	at org.apache.catalina.core.ApplicationFilterChain.doFilter(ApplicationFilterChain.java:142)
	at org.apache.tomcat.websocket.server.WsFilter.doFilter(WsFilter.java:51)
	at org.apache.catalina.core.ApplicationFilterChain.internalDoFilter(ApplicationFilterChain.java:166)
	at org.apache.catalina.core.ApplicationFilterChain.doFilter(ApplicationFilterChain.java:142)
	at org.springframework.web.filter.RequestContextFilter.doFilterInternal(RequestContextFilter.java:100)
	at org.springframework.web.filter.OncePerRequestFilter.doFilter(OncePerRequestFilter.java:117)
	at org.apache.catalina.core.ApplicationFilterChain.internalDoFilter(ApplicationFilterChain.java:166)
	at org.apache.catalina.core.ApplicationFilterChain.doFilter(ApplicationFilterChain.java:142)
	at org.springframework.web.filter.FormContentFilter.doFilterInternal(FormContentFilter.java:93)
	at org.springframework.web.filter.OncePerRequestFilter.doFilter(OncePerRequestFilter.java:117)
	at org.apache.catalina.core.ApplicationFilterChain.internalDoFilter(ApplicationFilterChain.java:166)
	at org.apache.catalina.core.ApplicationFilterChain.doFilter(ApplicationFilterChain.java:142)
	at org.springframework.boot.actuate.metrics.web.servlet.WebMvcMetricsFilter.doFilterInternal(WebMvcMetricsFilter.java:96)
	at org.springframework.web.filter.OncePerRequestFilter.doFilter(OncePerRequestFilter.java:117)
	at org.apache.catalina.core.ApplicationFilterChain.internalDoFilter(ApplicationFilterChain.java:166)
	at org.apache.catalina.core.ApplicationFilterChain.doFilter(ApplicationFilterChain.java:142)
	at org.springframework.web.filter.CharacterEncodingFilter.doFilterInternal(CharacterEncodingFilter.java:201)
	at org.springframework.web.filter.OncePerRequestFilter.doFilter(OncePerRequestFilter.java:117)
	at org.apache.catalina.core.ApplicationFilterChain.internalDoFilter(ApplicationFilterChain.java:166)
	at org.apache.catalina.core.ApplicationFilterChain.doFilter(ApplicationFilterChain.java:142)
	at org.apache.catalina.core.StandardWrapperValve.invoke(StandardWrapperValve.java:166)
	at org.apache.catalina.core.StandardContextValve.invoke(StandardContextValve.java:88)
	at org.apache.catalina.authenticator.AuthenticatorBase.invoke(AuthenticatorBase.java:491)
	at org.apache.catalina.core.StandardHostValve.invoke(StandardHostValve.java:127)
	at org.apache.catalina.valves.ErrorReportValve.invoke(ErrorReportValve.java:83)
	at org.apache.catalina.core.StandardEngineValve.invoke(StandardEngineValve.java:72)
	at org.apache.catalina.connector.CoyoteAdapter.service(CoyoteAdapter.java:344)
	at org.apache.coyote.http11.Http11Processor.service(Http11Processor.java:398)
	at org.apache.coyote.AbstractProcessorLight.process(AbstractProcessorLight.java:63)
	at org.apache.coyote.AbstractProtocol$ConnectionHandler.process(AbstractProtocol.java:939)
	at org.apache.tomcat.util.net.NioEndpoint$SocketProcessor.doRun(NioEndpoint.java:1854)
	at org.apache.tomcat.util.net.SocketProcessorBase.run(SocketProcessorBase.java:52)
	at org.apache.tomcat.util.threads.ThreadPoolExecutor.runWorker(ThreadPoolExecutor.java:973)
	at org.apache.tomcat.util.threads.ThreadPoolExecutor$Worker.run(ThreadPoolExecutor.java:491)
	at org.apache.tomcat.util.threads.TaskThread$WrappingRunnable.run(TaskThread.java:63)
	at java.base/java.lang.Thread.run(Thread.java:840)
Caused by: it.unibz.inf.ontop.exception.OntopReformulationException: it.unibz.inf.ontop.exception.MinorOntopInternalBugException: Was expecting a unique and known DB term type to be extracted for the SQL variable id1m1
	at it.unibz.inf.ontop.answering.reformulation.impl.QuestQueryProcessor.reformulateIntoNativeQuery(QuestQueryProcessor.java:154)
	at it.unibz.inf.ontop.answering.connection.impl.QuestStatement.executeBooleanQuery(QuestStatement.java:148)
	at it.unibz.inf.ontop.answering.connection.impl.QuestStatement.lambda$execute$3(QuestStatement.java:227)
	at it.unibz.inf.ontop.answering.connection.impl.QuestStatement$QueryExecutionThread.run(QuestStatement.java:108)
Caused by: it.unibz.inf.ontop.exception.MinorOntopInternalBugException: Was expecting a unique and known DB term type to be extracted for the SQL variable id1m1
	at it.unibz.inf.ontop.generation.DefaultSQLIQTree2NativeNodeGenerator.lambda$extractUniqueKnownType$6(DefaultSQLIQTree2NativeNodeGenerator.java:84)
	at java.base/java.util.Optional.orElseThrow(Optional.java:403)
	at it.unibz.inf.ontop.generation.DefaultSQLIQTree2NativeNodeGenerator.extractUniqueKnownType(DefaultSQLIQTree2NativeNodeGenerator.java:84)
	at it.unibz.inf.ontop.generation.DefaultSQLIQTree2NativeNodeGenerator.lambda$extractVariableTypeMap$2(DefaultSQLIQTree2NativeNodeGenerator.java:76)
	at it.unibz.inf.ontop.utils.ImmutableCollectors.lambda$toMap$0(ImmutableCollectors.java:110)
	at java.base/java.util.stream.ReduceOps$3ReducingSink.accept(ReduceOps.java:169)
	at java.base/java.util.Spliterators$ArraySpliterator.forEachRemaining(Spliterators.java:992)
	at java.base/java.util.stream.AbstractPipeline.copyInto(AbstractPipeline.java:509)
	at java.base/java.util.stream.AbstractPipeline.wrapAndCopyInto(AbstractPipeline.java:499)
	at java.base/java.util.stream.ReduceOps$ReduceOp.evaluateSequential(ReduceOps.java:921)
	at java.base/java.util.stream.AbstractPipeline.evaluate(AbstractPipeline.java:234)
	at java.base/java.util.stream.ReferencePipeline.collect(ReferencePipeline.java:682)
	at it.unibz.inf.ontop.generation.DefaultSQLIQTree2NativeNodeGenerator.extractVariableTypeMap(DefaultSQLIQTree2NativeNodeGenerator.java:74)
	at it.unibz.inf.ontop.generation.DefaultSQLIQTree2NativeNodeGenerator.generate(DefaultSQLIQTree2NativeNodeGenerator.java:61)
	at it.unibz.inf.ontop.answering.reformulation.generation.impl.SQLGeneratorImpl.generateSourceQuery(SQLGeneratorImpl.java:156)
	at it.unibz.inf.ontop.answering.reformulation.generation.impl.SQLGeneratorImpl.generateSourceQuery(SQLGeneratorImpl.java:131)
	at it.unibz.inf.ontop.answering.reformulation.generation.impl.SQLGeneratorImpl.generateSourceQuery(SQLGeneratorImpl.java:111)
	at it.unibz.inf.ontop.answering.reformulation.impl.QuestQueryProcessor.generateExecutableQuery(QuestQueryProcessor.java:163)
	at it.unibz.inf.ontop.answering.reformulation.impl.QuestQueryProcessor.reformulateIntoNativeQuery(QuestQueryProcessor.java:123)
	... 3 more
12:10:55.173 |-WARN  in i.u.i.o.a.r.impl.QuestQueryProcessor - Unexpected exception: Was expecting a unique and known DB term type to be extracted for the SQL variable id1m1
it.unibz.inf.ontop.exception.MinorOntopInternalBugException: Was expecting a unique and known DB term type to be extracted for the SQL variable id1m1
	at it.unibz.inf.ontop.generation.DefaultSQLIQTree2NativeNodeGenerator.lambda$extractUniqueKnownType$6(DefaultSQLIQTree2NativeNodeGenerator.java:84)
	at java.base/java.util.Optional.orElseThrow(Optional.java:403)
	at it.unibz.inf.ontop.generation.DefaultSQLIQTree2NativeNodeGenerator.extractUniqueKnownType(DefaultSQLIQTree2NativeNodeGenerator.java:84)
	at it.unibz.inf.ontop.generation.DefaultSQLIQTree2NativeNodeGenerator.lambda$extractVariableTypeMap$2(DefaultSQLIQTree2NativeNodeGenerator.java:76)
	at it.unibz.inf.ontop.utils.ImmutableCollectors.lambda$toMap$0(ImmutableCollectors.java:110)
	at java.base/java.util.stream.ReduceOps$3ReducingSink.accept(ReduceOps.java:169)
	at java.base/java.util.Spliterators$ArraySpliterator.forEachRemaining(Spliterators.java:992)
	at java.base/java.util.stream.AbstractPipeline.copyInto(AbstractPipeline.java:509)
	at java.base/java.util.stream.AbstractPipeline.wrapAndCopyInto(AbstractPipeline.java:499)
	at java.base/java.util.stream.ReduceOps$ReduceOp.evaluateSequential(ReduceOps.java:921)
	at java.base/java.util.stream.AbstractPipeline.evaluate(AbstractPipeline.java:234)
	at java.base/java.util.stream.ReferencePipeline.collect(ReferencePipeline.java:682)
	at it.unibz.inf.ontop.generation.DefaultSQLIQTree2NativeNodeGenerator.extractVariableTypeMap(DefaultSQLIQTree2NativeNodeGenerator.java:74)
	at it.unibz.inf.ontop.generation.DefaultSQLIQTree2NativeNodeGenerator.generate(DefaultSQLIQTree2NativeNodeGenerator.java:61)
	at it.unibz.inf.ontop.answering.reformulation.generation.impl.SQLGeneratorImpl.generateSourceQuery(SQLGeneratorImpl.java:156)
	at it.unibz.inf.ontop.answering.reformulation.generation.impl.SQLGeneratorImpl.generateSourceQuery(SQLGeneratorImpl.java:131)
	at it.unibz.inf.ontop.answering.reformulation.generation.impl.SQLGeneratorImpl.generateSourceQuery(SQLGeneratorImpl.java:111)
	at it.unibz.inf.ontop.answering.reformulation.impl.QuestQueryProcessor.generateExecutableQuery(QuestQueryProcessor.java:163)
	at it.unibz.inf.ontop.answering.reformulation.impl.QuestQueryProcessor.reformulateIntoNativeQuery(QuestQueryProcessor.java:123)
	at it.unibz.inf.ontop.answering.connection.impl.QuestStatement.executeBooleanQuery(QuestStatement.java:148)
	at it.unibz.inf.ontop.answering.connection.impl.QuestStatement.lambda$execute$3(QuestStatement.java:227)
	at it.unibz.inf.ontop.answering.connection.impl.QuestStatement$QueryExecutionThread.run(QuestStatement.java:108)
12:10:55.173 |-ERROR in i.u.i.o.a.c.impl.QuestStatement - it.unibz.inf.ontop.exception.MinorOntopInternalBugException: Was expecting a unique and known DB term type to be extracted for the SQL variable id1m1
it.unibz.inf.ontop.exception.OntopReformulationException: it.unibz.inf.ontop.exception.MinorOntopInternalBugException: Was expecting a unique and known DB term type to be extracted for the SQL variable id1m1
	at it.unibz.inf.ontop.answering.reformulation.impl.QuestQueryProcessor.reformulateIntoNativeQuery(QuestQueryProcessor.java:154)
	at it.unibz.inf.ontop.answering.connection.impl.QuestStatement.executeBooleanQuery(QuestStatement.java:148)
	at it.unibz.inf.ontop.answering.connection.impl.QuestStatement.lambda$execute$3(QuestStatement.java:227)
	at it.unibz.inf.ontop.answering.connection.impl.QuestStatement$QueryExecutionThread.run(QuestStatement.java:108)
Caused by: it.unibz.inf.ontop.exception.MinorOntopInternalBugException: Was expecting a unique and known DB term type to be extracted for the SQL variable id1m1
	at it.unibz.inf.ontop.generation.DefaultSQLIQTree2NativeNodeGenerator.lambda$extractUniqueKnownType$6(DefaultSQLIQTree2NativeNodeGenerator.java:84)
	at java.base/java.util.Optional.orElseThrow(Optional.java:403)
	at it.unibz.inf.ontop.generation.DefaultSQLIQTree2NativeNodeGenerator.extractUniqueKnownType(DefaultSQLIQTree2NativeNodeGenerator.java:84)
	at it.unibz.inf.ontop.generation.DefaultSQLIQTree2NativeNodeGenerator.lambda$extractVariableTypeMap$2(DefaultSQLIQTree2NativeNodeGenerator.java:76)
	at it.unibz.inf.ontop.utils.ImmutableCollectors.lambda$toMap$0(ImmutableCollectors.java:110)
	at java.base/java.util.stream.ReduceOps$3ReducingSink.accept(ReduceOps.java:169)
	at java.base/java.util.Spliterators$ArraySpliterator.forEachRemaining(Spliterators.java:992)
	at java.base/java.util.stream.AbstractPipeline.copyInto(AbstractPipeline.java:509)
	at java.base/java.util.stream.AbstractPipeline.wrapAndCopyInto(AbstractPipeline.java:499)
	at java.base/java.util.stream.ReduceOps$ReduceOp.evaluateSequential(ReduceOps.java:921)
	at java.base/java.util.stream.AbstractPipeline.evaluate(AbstractPipeline.java:234)
	at java.base/java.util.stream.ReferencePipeline.collect(ReferencePipeline.java:682)
	at it.unibz.inf.ontop.generation.DefaultSQLIQTree2NativeNodeGenerator.extractVariableTypeMap(DefaultSQLIQTree2NativeNodeGenerator.java:74)
	at it.unibz.inf.ontop.generation.DefaultSQLIQTree2NativeNodeGenerator.generate(DefaultSQLIQTree2NativeNodeGenerator.java:61)
	at it.unibz.inf.ontop.answering.reformulation.generation.impl.SQLGeneratorImpl.generateSourceQuery(SQLGeneratorImpl.java:156)
	at it.unibz.inf.ontop.answering.reformulation.generation.impl.SQLGeneratorImpl.generateSourceQuery(SQLGeneratorImpl.java:131)
	at it.unibz.inf.ontop.answering.reformulation.generation.impl.SQLGeneratorImpl.generateSourceQuery(SQLGeneratorImpl.java:111)
	at it.unibz.inf.ontop.answering.reformulation.impl.QuestQueryProcessor.generateExecutableQuery(QuestQueryProcessor.java:163)
	at it.unibz.inf.ontop.answering.reformulation.impl.QuestQueryProcessor.reformulateIntoNativeQuery(QuestQueryProcessor.java:123)
	... 3 common frames omitted
org.eclipse.rdf4j.query.QueryEvaluationException: it.unibz.inf.ontop.exception.OntopReformulationException: it.unibz.inf.ontop.exception.MinorOntopInternalBugException: Was expecting a unique and known DB term type to be extracted for the SQL variable id1m1
	at it.unibz.inf.ontop.rdf4j.query.impl.OntopBooleanQuery.evaluate(OntopBooleanQuery.java:40)
	at it.unibz.inf.ontop.endpoint.processor.SparqlQueryExecutor.executeQuery(SparqlQueryExecutor.java:77)
	at it.unibz.inf.ontop.endpoint.controllers.SparqlQueryController.query_get(SparqlQueryController.java:42)
	at jdk.internal.reflect.GeneratedMethodAccessor7.invoke(Unknown Source)
	at java.base/jdk.internal.reflect.DelegatingMethodAccessorImpl.invoke(DelegatingMethodAccessorImpl.java:43)
	at java.base/java.lang.reflect.Method.invoke(Method.java:569)
	at org.springframework.web.method.support.InvocableHandlerMethod.doInvoke(InvocableHandlerMethod.java:205)
	at org.springframework.web.method.support.InvocableHandlerMethod.invokeForRequest(InvocableHandlerMethod.java:150)
	at org.springframework.web.servlet.mvc.method.annotation.ServletInvocableHandlerMethod.invokeAndHandle(ServletInvocableHandlerMethod.java:117)
	at org.springframework.web.servlet.mvc.method.annotation.RequestMappingHandlerAdapter.invokeHandlerMethod(RequestMappingHandlerAdapter.java:895)
	at org.springframework.web.servlet.mvc.method.annotation.RequestMappingHandlerAdapter.handleInternal(RequestMappingHandlerAdapter.java:808)
	at org.springframework.web.servlet.mvc.method.AbstractHandlerMethodAdapter.handle(AbstractHandlerMethodAdapter.java:87)
	at org.springframework.web.servlet.DispatcherServlet.doDispatch(DispatcherServlet.java:1072)
	at org.springframework.web.servlet.DispatcherServlet.doService(DispatcherServlet.java:965)
	at org.springframework.web.servlet.FrameworkServlet.processRequest(FrameworkServlet.java:1006)
	at org.springframework.web.servlet.FrameworkServlet.doGet(FrameworkServlet.java:898)
	at javax.servlet.http.HttpServlet.service(HttpServlet.java:529)
	at org.springframework.web.servlet.FrameworkServlet.service(FrameworkServlet.java:883)
	at javax.servlet.http.HttpServlet.service(HttpServlet.java:623)
	at org.apache.catalina.core.ApplicationFilterChain.internalDoFilter(ApplicationFilterChain.java:197)
	at org.apache.catalina.core.ApplicationFilterChain.doFilter(ApplicationFilterChain.java:142)
	at org.apache.tomcat.websocket.server.WsFilter.doFilter(WsFilter.java:51)
	at org.apache.catalina.core.ApplicationFilterChain.internalDoFilter(ApplicationFilterChain.java:166)
	at org.apache.catalina.core.ApplicationFilterChain.doFilter(ApplicationFilterChain.java:142)
	at org.springframework.web.filter.RequestContextFilter.doFilterInternal(RequestContextFilter.java:100)
	at org.springframework.web.filter.OncePerRequestFilter.doFilter(OncePerRequestFilter.java:117)
	at org.apache.catalina.core.ApplicationFilterChain.internalDoFilter(ApplicationFilterChain.java:166)
	at org.apache.catalina.core.ApplicationFilterChain.doFilter(ApplicationFilterChain.java:142)
	at org.springframework.web.filter.FormContentFilter.doFilterInternal(FormContentFilter.java:93)
	at org.springframework.web.filter.OncePerRequestFilter.doFilter(OncePerRequestFilter.java:117)
	at org.apache.catalina.core.ApplicationFilterChain.internalDoFilter(ApplicationFilterChain.java:166)
	at org.apache.catalina.core.ApplicationFilterChain.doFilter(ApplicationFilterChain.java:142)
	at org.springframework.boot.actuate.metrics.web.servlet.WebMvcMetricsFilter.doFilterInternal(WebMvcMetricsFilter.java:96)
	at org.springframework.web.filter.OncePerRequestFilter.doFilter(OncePerRequestFilter.java:117)
	at org.apache.catalina.core.ApplicationFilterChain.internalDoFilter(ApplicationFilterChain.java:166)
	at org.apache.catalina.core.ApplicationFilterChain.doFilter(ApplicationFilterChain.java:142)
	at org.springframework.web.filter.CharacterEncodingFilter.doFilterInternal(CharacterEncodingFilter.java:201)
	at org.springframework.web.filter.OncePerRequestFilter.doFilter(OncePerRequestFilter.java:117)
	at org.apache.catalina.core.ApplicationFilterChain.internalDoFilter(ApplicationFilterChain.java:166)
	at org.apache.catalina.core.ApplicationFilterChain.doFilter(ApplicationFilterChain.java:142)
	at org.apache.catalina.core.StandardWrapperValve.invoke(StandardWrapperValve.java:166)
	at org.apache.catalina.core.StandardContextValve.invoke(StandardContextValve.java:88)
	at org.apache.catalina.authenticator.AuthenticatorBase.invoke(AuthenticatorBase.java:491)
	at org.apache.catalina.core.StandardHostValve.invoke(StandardHostValve.java:127)
	at org.apache.catalina.valves.ErrorReportValve.invoke(ErrorReportValve.java:83)
	at org.apache.catalina.core.StandardEngineValve.invoke(StandardEngineValve.java:72)
	at org.apache.catalina.connector.CoyoteAdapter.service(CoyoteAdapter.java:344)
	at org.apache.coyote.http11.Http11Processor.service(Http11Processor.java:398)
	at org.apache.coyote.AbstractProcessorLight.process(AbstractProcessorLight.java:63)
	at org.apache.coyote.AbstractProtocol$ConnectionHandler.process(AbstractProtocol.java:939)
	at org.apache.tomcat.util.net.NioEndpoint$SocketProcessor.doRun(NioEndpoint.java:1854)
	at org.apache.tomcat.util.net.SocketProcessorBase.run(SocketProcessorBase.java:52)
	at org.apache.tomcat.util.threads.ThreadPoolExecutor.runWorker(ThreadPoolExecutor.java:973)
	at org.apache.tomcat.util.threads.ThreadPoolExecutor$Worker.run(ThreadPoolExecutor.java:491)
	at org.apache.tomcat.util.threads.TaskThread$WrappingRunnable.run(TaskThread.java:63)
	at java.base/java.lang.Thread.run(Thread.java:840)
Caused by: it.unibz.inf.ontop.exception.OntopReformulationException: it.unibz.inf.ontop.exception.MinorOntopInternalBugException: Was expecting a unique and known DB term type to be extracted for the SQL variable id1m1
	at it.unibz.inf.ontop.answering.reformulation.impl.QuestQueryProcessor.reformulateIntoNativeQuery(QuestQueryProcessor.java:154)
	at it.unibz.inf.ontop.answering.connection.impl.QuestStatement.executeBooleanQuery(QuestStatement.java:148)
	at it.unibz.inf.ontop.answering.connection.impl.QuestStatement.lambda$execute$3(QuestStatement.java:227)
	at it.unibz.inf.ontop.answering.connection.impl.QuestStatement$QueryExecutionThread.run(QuestStatement.java:108)
Caused by: it.unibz.inf.ontop.exception.MinorOntopInternalBugException: Was expecting a unique and known DB term type to be extracted for the SQL variable id1m1
	at it.unibz.inf.ontop.generation.DefaultSQLIQTree2NativeNodeGenerator.lambda$extractUniqueKnownType$6(DefaultSQLIQTree2NativeNodeGenerator.java:84)
	at java.base/java.util.Optional.orElseThrow(Optional.java:403)
	at it.unibz.inf.ontop.generation.DefaultSQLIQTree2NativeNodeGenerator.extractUniqueKnownType(DefaultSQLIQTree2NativeNodeGenerator.java:84)
	at it.unibz.inf.ontop.generation.DefaultSQLIQTree2NativeNodeGenerator.lambda$extractVariableTypeMap$2(DefaultSQLIQTree2NativeNodeGenerator.java:76)
	at it.unibz.inf.ontop.utils.ImmutableCollectors.lambda$toMap$0(ImmutableCollectors.java:110)
	at java.base/java.util.stream.ReduceOps$3ReducingSink.accept(ReduceOps.java:169)
	at java.base/java.util.Spliterators$ArraySpliterator.forEachRemaining(Spliterators.java:992)
	at java.base/java.util.stream.AbstractPipeline.copyInto(AbstractPipeline.java:509)
	at java.base/java.util.stream.AbstractPipeline.wrapAndCopyInto(AbstractPipeline.java:499)
	at java.base/java.util.stream.ReduceOps$ReduceOp.evaluateSequential(ReduceOps.java:921)
	at java.base/java.util.stream.AbstractPipeline.evaluate(AbstractPipeline.java:234)
	at java.base/java.util.stream.ReferencePipeline.collect(ReferencePipeline.java:682)
	at it.unibz.inf.ontop.generation.DefaultSQLIQTree2NativeNodeGenerator.extractVariableTypeMap(DefaultSQLIQTree2NativeNodeGenerator.java:74)
	at it.unibz.inf.ontop.generation.DefaultSQLIQTree2NativeNodeGenerator.generate(DefaultSQLIQTree2NativeNodeGenerator.java:61)
	at it.unibz.inf.ontop.answering.reformulation.generation.impl.SQLGeneratorImpl.generateSourceQuery(SQLGeneratorImpl.java:156)
	at it.unibz.inf.ontop.answering.reformulation.generation.impl.SQLGeneratorImpl.generateSourceQuery(SQLGeneratorImpl.java:131)
	at it.unibz.inf.ontop.answering.reformulation.generation.impl.SQLGeneratorImpl.generateSourceQuery(SQLGeneratorImpl.java:111)
	at it.unibz.inf.ontop.answering.reformulation.impl.QuestQueryProcessor.generateExecutableQuery(QuestQueryProcessor.java:163)
	at it.unibz.inf.ontop.answering.reformulation.impl.QuestQueryProcessor.reformulateIntoNativeQuery(QuestQueryProcessor.java:123)
	... 3 more
12:10:56.202 |-WARN  in i.u.i.o.a.r.impl.QuestQueryProcessor - Unexpected exception: Was expecting a unique and known DB term type to be extracted for the SQL variable id1m1
it.unibz.inf.ontop.exception.MinorOntopInternalBugException: Was expecting a unique and known DB term type to be extracted for the SQL variable id1m1
	at it.unibz.inf.ontop.generation.DefaultSQLIQTree2NativeNodeGenerator.lambda$extractUniqueKnownType$6(DefaultSQLIQTree2NativeNodeGenerator.java:84)
	at java.base/java.util.Optional.orElseThrow(Optional.java:403)
	at it.unibz.inf.ontop.generation.DefaultSQLIQTree2NativeNodeGenerator.extractUniqueKnownType(DefaultSQLIQTree2NativeNodeGenerator.java:84)
	at it.unibz.inf.ontop.generation.DefaultSQLIQTree2NativeNodeGenerator.lambda$extractVariableTypeMap$2(DefaultSQLIQTree2NativeNodeGenerator.java:76)
	at it.unibz.inf.ontop.utils.ImmutableCollectors.lambda$toMap$0(ImmutableCollectors.java:110)
	at java.base/java.util.stream.ReduceOps$3ReducingSink.accept(ReduceOps.java:169)
	at java.base/java.util.Spliterators$ArraySpliterator.forEachRemaining(Spliterators.java:992)
	at java.base/java.util.stream.AbstractPipeline.copyInto(AbstractPipeline.java:509)
	at java.base/java.util.stream.AbstractPipeline.wrapAndCopyInto(AbstractPipeline.java:499)
	at java.base/java.util.stream.ReduceOps$ReduceOp.evaluateSequential(ReduceOps.java:921)
	at java.base/java.util.stream.AbstractPipeline.evaluate(AbstractPipeline.java:234)
	at java.base/java.util.stream.ReferencePipeline.collect(ReferencePipeline.java:682)
	at it.unibz.inf.ontop.generation.DefaultSQLIQTree2NativeNodeGenerator.extractVariableTypeMap(DefaultSQLIQTree2NativeNodeGenerator.java:74)
	at it.unibz.inf.ontop.generation.DefaultSQLIQTree2NativeNodeGenerator.generate(DefaultSQLIQTree2NativeNodeGenerator.java:61)
	at it.unibz.inf.ontop.answering.reformulation.generation.impl.SQLGeneratorImpl.generateSourceQuery(SQLGeneratorImpl.java:156)
	at it.unibz.inf.ontop.answering.reformulation.generation.impl.SQLGeneratorImpl.generateSourceQuery(SQLGeneratorImpl.java:131)
	at it.unibz.inf.ontop.answering.reformulation.generation.impl.SQLGeneratorImpl.generateSourceQuery(SQLGeneratorImpl.java:111)
	at it.unibz.inf.ontop.answering.reformulation.impl.QuestQueryProcessor.generateExecutableQuery(QuestQueryProcessor.java:163)
	at it.unibz.inf.ontop.answering.reformulation.impl.QuestQueryProcessor.reformulateIntoNativeQuery(QuestQueryProcessor.java:123)
	at it.unibz.inf.ontop.answering.connection.impl.QuestStatement.executeBooleanQuery(QuestStatement.java:148)
	at it.unibz.inf.ontop.answering.connection.impl.QuestStatement.lambda$execute$3(QuestStatement.java:227)
	at it.unibz.inf.ontop.answering.connection.impl.QuestStatement$QueryExecutionThread.run(QuestStatement.java:108)
12:10:56.202 |-ERROR in i.u.i.o.a.c.impl.QuestStatement - it.unibz.inf.ontop.exception.MinorOntopInternalBugException: Was expecting a unique and known DB term type to be extracted for the SQL variable id1m1
it.unibz.inf.ontop.exception.OntopReformulationException: it.unibz.inf.ontop.exception.MinorOntopInternalBugException: Was expecting a unique and known DB term type to be extracted for the SQL variable id1m1
	at it.unibz.inf.ontop.answering.reformulation.impl.QuestQueryProcessor.reformulateIntoNativeQuery(QuestQueryProcessor.java:154)
	at it.unibz.inf.ontop.answering.connection.impl.QuestStatement.executeBooleanQuery(QuestStatement.java:148)
	at it.unibz.inf.ontop.answering.connection.impl.QuestStatement.lambda$execute$3(QuestStatement.java:227)
	at it.unibz.inf.ontop.answering.connection.impl.QuestStatement$QueryExecutionThread.run(QuestStatement.java:108)
Caused by: it.unibz.inf.ontop.exception.MinorOntopInternalBugException: Was expecting a unique and known DB term type to be extracted for the SQL variable id1m1
	at it.unibz.inf.ontop.generation.DefaultSQLIQTree2NativeNodeGenerator.lambda$extractUniqueKnownType$6(DefaultSQLIQTree2NativeNodeGenerator.java:84)
	at java.base/java.util.Optional.orElseThrow(Optional.java:403)
	at it.unibz.inf.ontop.generation.DefaultSQLIQTree2NativeNodeGenerator.extractUniqueKnownType(DefaultSQLIQTree2NativeNodeGenerator.java:84)
	at it.unibz.inf.ontop.generation.DefaultSQLIQTree2NativeNodeGenerator.lambda$extractVariableTypeMap$2(DefaultSQLIQTree2NativeNodeGenerator.java:76)
	at it.unibz.inf.ontop.utils.ImmutableCollectors.lambda$toMap$0(ImmutableCollectors.java:110)
	at java.base/java.util.stream.ReduceOps$3ReducingSink.accept(ReduceOps.java:169)
	at java.base/java.util.Spliterators$ArraySpliterator.forEachRemaining(Spliterators.java:992)
	at java.base/java.util.stream.AbstractPipeline.copyInto(AbstractPipeline.java:509)
	at java.base/java.util.stream.AbstractPipeline.wrapAndCopyInto(AbstractPipeline.java:499)
	at java.base/java.util.stream.ReduceOps$ReduceOp.evaluateSequential(ReduceOps.java:921)
	at java.base/java.util.stream.AbstractPipeline.evaluate(AbstractPipeline.java:234)
	at java.base/java.util.stream.ReferencePipeline.collect(ReferencePipeline.java:682)
	at it.unibz.inf.ontop.generation.DefaultSQLIQTree2NativeNodeGenerator.extractVariableTypeMap(DefaultSQLIQTree2NativeNodeGenerator.java:74)
	at it.unibz.inf.ontop.generation.DefaultSQLIQTree2NativeNodeGenerator.generate(DefaultSQLIQTree2NativeNodeGenerator.java:61)
	at it.unibz.inf.ontop.answering.reformulation.generation.impl.SQLGeneratorImpl.generateSourceQuery(SQLGeneratorImpl.java:156)
	at it.unibz.inf.ontop.answering.reformulation.generation.impl.SQLGeneratorImpl.generateSourceQuery(SQLGeneratorImpl.java:131)
	at it.unibz.inf.ontop.answering.reformulation.generation.impl.SQLGeneratorImpl.generateSourceQuery(SQLGeneratorImpl.java:111)
	at it.unibz.inf.ontop.answering.reformulation.impl.QuestQueryProcessor.generateExecutableQuery(QuestQueryProcessor.java:163)
	at it.unibz.inf.ontop.answering.reformulation.impl.QuestQueryProcessor.reformulateIntoNativeQuery(QuestQueryProcessor.java:123)
	... 3 common frames omitted
org.eclipse.rdf4j.query.QueryEvaluationException: it.unibz.inf.ontop.exception.OntopReformulationException: it.unibz.inf.ontop.exception.MinorOntopInternalBugException: Was expecting a unique and known DB term type to be extracted for the SQL variable id1m1
	at it.unibz.inf.ontop.rdf4j.query.impl.OntopBooleanQuery.evaluate(OntopBooleanQuery.java:40)
	at it.unibz.inf.ontop.endpoint.processor.SparqlQueryExecutor.executeQuery(SparqlQueryExecutor.java:77)
	at it.unibz.inf.ontop.endpoint.controllers.SparqlQueryController.query_get(SparqlQueryController.java:42)
	at jdk.internal.reflect.GeneratedMethodAccessor7.invoke(Unknown Source)
	at java.base/jdk.internal.reflect.DelegatingMethodAccessorImpl.invoke(DelegatingMethodAccessorImpl.java:43)
	at java.base/java.lang.reflect.Method.invoke(Method.java:569)
	at org.springframework.web.method.support.InvocableHandlerMethod.doInvoke(InvocableHandlerMethod.java:205)
	at org.springframework.web.method.support.InvocableHandlerMethod.invokeForRequest(InvocableHandlerMethod.java:150)
	at org.springframework.web.servlet.mvc.method.annotation.ServletInvocableHandlerMethod.invokeAndHandle(ServletInvocableHandlerMethod.java:117)
	at org.springframework.web.servlet.mvc.method.annotation.RequestMappingHandlerAdapter.invokeHandlerMethod(RequestMappingHandlerAdapter.java:895)
	at org.springframework.web.servlet.mvc.method.annotation.RequestMappingHandlerAdapter.handleInternal(RequestMappingHandlerAdapter.java:808)
	at org.springframework.web.servlet.mvc.method.AbstractHandlerMethodAdapter.handle(AbstractHandlerMethodAdapter.java:87)
	at org.springframework.web.servlet.DispatcherServlet.doDispatch(DispatcherServlet.java:1072)
	at org.springframework.web.servlet.DispatcherServlet.doService(DispatcherServlet.java:965)
	at org.springframework.web.servlet.FrameworkServlet.processRequest(FrameworkServlet.java:1006)
	at org.springframework.web.servlet.FrameworkServlet.doGet(FrameworkServlet.java:898)
	at javax.servlet.http.HttpServlet.service(HttpServlet.java:529)
	at org.springframework.web.servlet.FrameworkServlet.service(FrameworkServlet.java:883)
	at javax.servlet.http.HttpServlet.service(HttpServlet.java:623)
	at org.apache.catalina.core.ApplicationFilterChain.internalDoFilter(ApplicationFilterChain.java:197)
	at org.apache.catalina.core.ApplicationFilterChain.doFilter(ApplicationFilterChain.java:142)
	at org.apache.tomcat.websocket.server.WsFilter.doFilter(WsFilter.java:51)
	at org.apache.catalina.core.ApplicationFilterChain.internalDoFilter(ApplicationFilterChain.java:166)
	at org.apache.catalina.core.ApplicationFilterChain.doFilter(ApplicationFilterChain.java:142)
	at org.springframework.web.filter.RequestContextFilter.doFilterInternal(RequestContextFilter.java:100)
	at org.springframework.web.filter.OncePerRequestFilter.doFilter(OncePerRequestFilter.java:117)
	at org.apache.catalina.core.ApplicationFilterChain.internalDoFilter(ApplicationFilterChain.java:166)
	at org.apache.catalina.core.ApplicationFilterChain.doFilter(ApplicationFilterChain.java:142)
	at org.springframework.web.filter.FormContentFilter.doFilterInternal(FormContentFilter.java:93)
	at org.springframework.web.filter.OncePerRequestFilter.doFilter(OncePerRequestFilter.java:117)
	at org.apache.catalina.core.ApplicationFilterChain.internalDoFilter(ApplicationFilterChain.java:166)
	at org.apache.catalina.core.ApplicationFilterChain.doFilter(ApplicationFilterChain.java:142)
	at org.springframework.boot.actuate.metrics.web.servlet.WebMvcMetricsFilter.doFilterInternal(WebMvcMetricsFilter.java:96)
	at org.springframework.web.filter.OncePerRequestFilter.doFilter(OncePerRequestFilter.java:117)
	at org.apache.catalina.core.ApplicationFilterChain.internalDoFilter(ApplicationFilterChain.java:166)
	at org.apache.catalina.core.ApplicationFilterChain.doFilter(ApplicationFilterChain.java:142)
	at org.springframework.web.filter.CharacterEncodingFilter.doFilterInternal(CharacterEncodingFilter.java:201)
	at org.springframework.web.filter.OncePerRequestFilter.doFilter(OncePerRequestFilter.java:117)
	at org.apache.catalina.core.ApplicationFilterChain.internalDoFilter(ApplicationFilterChain.java:166)
	at org.apache.catalina.core.ApplicationFilterChain.doFilter(ApplicationFilterChain.java:142)
	at org.apache.catalina.core.StandardWrapperValve.invoke(StandardWrapperValve.java:166)
	at org.apache.catalina.core.StandardContextValve.invoke(StandardContextValve.java:88)
	at org.apache.catalina.authenticator.AuthenticatorBase.invoke(AuthenticatorBase.java:491)
	at org.apache.catalina.core.StandardHostValve.invoke(StandardHostValve.java:127)
	at org.apache.catalina.valves.ErrorReportValve.invoke(ErrorReportValve.java:83)
	at org.apache.catalina.core.StandardEngineValve.invoke(StandardEngineValve.java:72)
	at org.apache.catalina.connector.CoyoteAdapter.service(CoyoteAdapter.java:344)
	at org.apache.coyote.http11.Http11Processor.service(Http11Processor.java:398)
	at org.apache.coyote.AbstractProcessorLight.process(AbstractProcessorLight.java:63)
	at org.apache.coyote.AbstractProtocol$ConnectionHandler.process(AbstractProtocol.java:939)
	at org.apache.tomcat.util.net.NioEndpoint$SocketProcessor.doRun(NioEndpoint.java:1854)
	at org.apache.tomcat.util.net.SocketProcessorBase.run(SocketProcessorBase.java:52)
	at org.apache.tomcat.util.threads.ThreadPoolExecutor.runWorker(ThreadPoolExecutor.java:973)
	at org.apache.tomcat.util.threads.ThreadPoolExecutor$Worker.run(ThreadPoolExecutor.java:491)
	at org.apache.tomcat.util.threads.TaskThread$WrappingRunnable.run(TaskThread.java:63)
	at java.base/java.lang.Thread.run(Thread.java:840)
Caused by: it.unibz.inf.ontop.exception.OntopReformulationException: it.unibz.inf.ontop.exception.MinorOntopInternalBugException: Was expecting a unique and known DB term type to be extracted for the SQL variable id1m1
	at it.unibz.inf.ontop.answering.reformulation.impl.QuestQueryProcessor.reformulateIntoNativeQuery(QuestQueryProcessor.java:154)
	at it.unibz.inf.ontop.answering.connection.impl.QuestStatement.executeBooleanQuery(QuestStatement.java:148)
	at it.unibz.inf.ontop.answering.connection.impl.QuestStatement.lambda$execute$3(QuestStatement.java:227)
	at it.unibz.inf.ontop.answering.connection.impl.QuestStatement$QueryExecutionThread.run(QuestStatement.java:108)
Caused by: it.unibz.inf.ontop.exception.MinorOntopInternalBugException: Was expecting a unique and known DB term type to be extracted for the SQL variable id1m1
	at it.unibz.inf.ontop.generation.DefaultSQLIQTree2NativeNodeGenerator.lambda$extractUniqueKnownType$6(DefaultSQLIQTree2NativeNodeGenerator.java:84)
	at java.base/java.util.Optional.orElseThrow(Optional.java:403)
	at it.unibz.inf.ontop.generation.DefaultSQLIQTree2NativeNodeGenerator.extractUniqueKnownType(DefaultSQLIQTree2NativeNodeGenerator.java:84)
	at it.unibz.inf.ontop.generation.DefaultSQLIQTree2NativeNodeGenerator.lambda$extractVariableTypeMap$2(DefaultSQLIQTree2NativeNodeGenerator.java:76)
	at it.unibz.inf.ontop.utils.ImmutableCollectors.lambda$toMap$0(ImmutableCollectors.java:110)
	at java.base/java.util.stream.ReduceOps$3ReducingSink.accept(ReduceOps.java:169)
	at java.base/java.util.Spliterators$ArraySpliterator.forEachRemaining(Spliterators.java:992)
	at java.base/java.util.stream.AbstractPipeline.copyInto(AbstractPipeline.java:509)
	at java.base/java.util.stream.AbstractPipeline.wrapAndCopyInto(AbstractPipeline.java:499)
	at java.base/java.util.stream.ReduceOps$ReduceOp.evaluateSequential(ReduceOps.java:921)
	at java.base/java.util.stream.AbstractPipeline.evaluate(AbstractPipeline.java:234)
	at java.base/java.util.stream.ReferencePipeline.collect(ReferencePipeline.java:682)
	at it.unibz.inf.ontop.generation.DefaultSQLIQTree2NativeNodeGenerator.extractVariableTypeMap(DefaultSQLIQTree2NativeNodeGenerator.java:74)
	at it.unibz.inf.ontop.generation.DefaultSQLIQTree2NativeNodeGenerator.generate(DefaultSQLIQTree2NativeNodeGenerator.java:61)
	at it.unibz.inf.ontop.answering.reformulation.generation.impl.SQLGeneratorImpl.generateSourceQuery(SQLGeneratorImpl.java:156)
	at it.unibz.inf.ontop.answering.reformulation.generation.impl.SQLGeneratorImpl.generateSourceQuery(SQLGeneratorImpl.java:131)
	at it.unibz.inf.ontop.answering.reformulation.generation.impl.SQLGeneratorImpl.generateSourceQuery(SQLGeneratorImpl.java:111)
	at it.unibz.inf.ontop.answering.reformulation.impl.QuestQueryProcessor.generateExecutableQuery(QuestQueryProcessor.java:163)
	at it.unibz.inf.ontop.answering.reformulation.impl.QuestQueryProcessor.reformulateIntoNativeQuery(QuestQueryProcessor.java:123)
	... 3 more
12:10:57.242 |-WARN  in i.u.i.o.a.r.impl.QuestQueryProcessor - Unexpected exception: Was expecting a unique and known DB term type to be extracted for the SQL variable id1m1
it.unibz.inf.ontop.exception.MinorOntopInternalBugException: Was expecting a unique and known DB term type to be extracted for the SQL variable id1m1
	at it.unibz.inf.ontop.generation.DefaultSQLIQTree2NativeNodeGenerator.lambda$extractUniqueKnownType$6(DefaultSQLIQTree2NativeNodeGenerator.java:84)
	at java.base/java.util.Optional.orElseThrow(Optional.java:403)
	at it.unibz.inf.ontop.generation.DefaultSQLIQTree2NativeNodeGenerator.extractUniqueKnownType(DefaultSQLIQTree2NativeNodeGenerator.java:84)
	at it.unibz.inf.ontop.generation.DefaultSQLIQTree2NativeNodeGenerator.lambda$extractVariableTypeMap$2(DefaultSQLIQTree2NativeNodeGenerator.java:76)
	at it.unibz.inf.ontop.utils.ImmutableCollectors.lambda$toMap$0(ImmutableCollectors.java:110)
	at java.base/java.util.stream.ReduceOps$3ReducingSink.accept(ReduceOps.java:169)
	at java.base/java.util.Spliterators$ArraySpliterator.forEachRemaining(Spliterators.java:992)
	at java.base/java.util.stream.AbstractPipeline.copyInto(AbstractPipeline.java:509)
	at java.base/java.util.stream.AbstractPipeline.wrapAndCopyInto(AbstractPipeline.java:499)
	at java.base/java.util.stream.ReduceOps$ReduceOp.evaluateSequential(ReduceOps.java:921)
	at java.base/java.util.stream.AbstractPipeline.evaluate(AbstractPipeline.java:234)
	at java.base/java.util.stream.ReferencePipeline.collect(ReferencePipeline.java:682)
	at it.unibz.inf.ontop.generation.DefaultSQLIQTree2NativeNodeGenerator.extractVariableTypeMap(DefaultSQLIQTree2NativeNodeGenerator.java:74)
	at it.unibz.inf.ontop.generation.DefaultSQLIQTree2NativeNodeGenerator.generate(DefaultSQLIQTree2NativeNodeGenerator.java:61)
	at it.unibz.inf.ontop.answering.reformulation.generation.impl.SQLGeneratorImpl.generateSourceQuery(SQLGeneratorImpl.java:156)
	at it.unibz.inf.ontop.answering.reformulation.generation.impl.SQLGeneratorImpl.generateSourceQuery(SQLGeneratorImpl.java:131)
	at it.unibz.inf.ontop.answering.reformulation.generation.impl.SQLGeneratorImpl.generateSourceQuery(SQLGeneratorImpl.java:111)
	at it.unibz.inf.ontop.answering.reformulation.impl.QuestQueryProcessor.generateExecutableQuery(QuestQueryProcessor.java:163)
	at it.unibz.inf.ontop.answering.reformulation.impl.QuestQueryProcessor.reformulateIntoNativeQuery(QuestQueryProcessor.java:123)
	at it.unibz.inf.ontop.answering.connection.impl.QuestStatement.executeBooleanQuery(QuestStatement.java:148)
	at it.unibz.inf.ontop.answering.connection.impl.QuestStatement.lambda$execute$3(QuestStatement.java:227)
	at it.unibz.inf.ontop.answering.connection.impl.QuestStatement$QueryExecutionThread.run(QuestStatement.java:108)
12:10:57.242 |-ERROR in i.u.i.o.a.c.impl.QuestStatement - it.unibz.inf.ontop.exception.MinorOntopInternalBugException: Was expecting a unique and known DB term type to be extracted for the SQL variable id1m1
it.unibz.inf.ontop.exception.OntopReformulationException: it.unibz.inf.ontop.exception.MinorOntopInternalBugException: Was expecting a unique and known DB term type to be extracted for the SQL variable id1m1
	at it.unibz.inf.ontop.answering.reformulation.impl.QuestQueryProcessor.reformulateIntoNativeQuery(QuestQueryProcessor.java:154)
	at it.unibz.inf.ontop.answering.connection.impl.QuestStatement.executeBooleanQuery(QuestStatement.java:148)
	at it.unibz.inf.ontop.answering.connection.impl.QuestStatement.lambda$execute$3(QuestStatement.java:227)
	at it.unibz.inf.ontop.answering.connection.impl.QuestStatement$QueryExecutionThread.run(QuestStatement.java:108)
Caused by: it.unibz.inf.ontop.exception.MinorOntopInternalBugException: Was expecting a unique and known DB term type to be extracted for the SQL variable id1m1
	at it.unibz.inf.ontop.generation.DefaultSQLIQTree2NativeNodeGenerator.lambda$extractUniqueKnownType$6(DefaultSQLIQTree2NativeNodeGenerator.java:84)
	at java.base/java.util.Optional.orElseThrow(Optional.java:403)
	at it.unibz.inf.ontop.generation.DefaultSQLIQTree2NativeNodeGenerator.extractUniqueKnownType(DefaultSQLIQTree2NativeNodeGenerator.java:84)
	at it.unibz.inf.ontop.generation.DefaultSQLIQTree2NativeNodeGenerator.lambda$extractVariableTypeMap$2(DefaultSQLIQTree2NativeNodeGenerator.java:76)
	at it.unibz.inf.ontop.utils.ImmutableCollectors.lambda$toMap$0(ImmutableCollectors.java:110)
	at java.base/java.util.stream.ReduceOps$3ReducingSink.accept(ReduceOps.java:169)
	at java.base/java.util.Spliterators$ArraySpliterator.forEachRemaining(Spliterators.java:992)
	at java.base/java.util.stream.AbstractPipeline.copyInto(AbstractPipeline.java:509)
	at java.base/java.util.stream.AbstractPipeline.wrapAndCopyInto(AbstractPipeline.java:499)
	at java.base/java.util.stream.ReduceOps$ReduceOp.evaluateSequential(ReduceOps.java:921)
	at java.base/java.util.stream.AbstractPipeline.evaluate(AbstractPipeline.java:234)
	at java.base/java.util.stream.ReferencePipeline.collect(ReferencePipeline.java:682)
	at it.unibz.inf.ontop.generation.DefaultSQLIQTree2NativeNodeGenerator.extractVariableTypeMap(DefaultSQLIQTree2NativeNodeGenerator.java:74)
	at it.unibz.inf.ontop.generation.DefaultSQLIQTree2NativeNodeGenerator.generate(DefaultSQLIQTree2NativeNodeGenerator.java:61)
	at it.unibz.inf.ontop.answering.reformulation.generation.impl.SQLGeneratorImpl.generateSourceQuery(SQLGeneratorImpl.java:156)
	at it.unibz.inf.ontop.answering.reformulation.generation.impl.SQLGeneratorImpl.generateSourceQuery(SQLGeneratorImpl.java:131)
	at it.unibz.inf.ontop.answering.reformulation.generation.impl.SQLGeneratorImpl.generateSourceQuery(SQLGeneratorImpl.java:111)
	at it.unibz.inf.ontop.answering.reformulation.impl.QuestQueryProcessor.generateExecutableQuery(QuestQueryProcessor.java:163)
	at it.unibz.inf.ontop.answering.reformulation.impl.QuestQueryProcessor.reformulateIntoNativeQuery(QuestQueryProcessor.java:123)
	... 3 common frames omitted
org.eclipse.rdf4j.query.QueryEvaluationException: it.unibz.inf.ontop.exception.OntopReformulationException: it.unibz.inf.ontop.exception.MinorOntopInternalBugException: Was expecting a unique and known DB term type to be extracted for the SQL variable id1m1
	at it.unibz.inf.ontop.rdf4j.query.impl.OntopBooleanQuery.evaluate(OntopBooleanQuery.java:40)
	at it.unibz.inf.ontop.endpoint.processor.SparqlQueryExecutor.executeQuery(SparqlQueryExecutor.java:77)
	at it.unibz.inf.ontop.endpoint.controllers.SparqlQueryController.query_get(SparqlQueryController.java:42)
	at jdk.internal.reflect.GeneratedMethodAccessor7.invoke(Unknown Source)
	at java.base/jdk.internal.reflect.DelegatingMethodAccessorImpl.invoke(DelegatingMethodAccessorImpl.java:43)
	at java.base/java.lang.reflect.Method.invoke(Method.java:569)
	at org.springframework.web.method.support.InvocableHandlerMethod.doInvoke(InvocableHandlerMethod.java:205)
	at org.springframework.web.method.support.InvocableHandlerMethod.invokeForRequest(InvocableHandlerMethod.java:150)
	at org.springframework.web.servlet.mvc.method.annotation.ServletInvocableHandlerMethod.invokeAndHandle(ServletInvocableHandlerMethod.java:117)
	at org.springframework.web.servlet.mvc.method.annotation.RequestMappingHandlerAdapter.invokeHandlerMethod(RequestMappingHandlerAdapter.java:895)
	at org.springframework.web.servlet.mvc.method.annotation.RequestMappingHandlerAdapter.handleInternal(RequestMappingHandlerAdapter.java:808)
	at org.springframework.web.servlet.mvc.method.AbstractHandlerMethodAdapter.handle(AbstractHandlerMethodAdapter.java:87)
	at org.springframework.web.servlet.DispatcherServlet.doDispatch(DispatcherServlet.java:1072)
	at org.springframework.web.servlet.DispatcherServlet.doService(DispatcherServlet.java:965)
	at org.springframework.web.servlet.FrameworkServlet.processRequest(FrameworkServlet.java:1006)
	at org.springframework.web.servlet.FrameworkServlet.doGet(FrameworkServlet.java:898)
	at javax.servlet.http.HttpServlet.service(HttpServlet.java:529)
	at org.springframework.web.servlet.FrameworkServlet.service(FrameworkServlet.java:883)
	at javax.servlet.http.HttpServlet.service(HttpServlet.java:623)
	at org.apache.catalina.core.ApplicationFilterChain.internalDoFilter(ApplicationFilterChain.java:197)
	at org.apache.catalina.core.ApplicationFilterChain.doFilter(ApplicationFilterChain.java:142)
	at org.apache.tomcat.websocket.server.WsFilter.doFilter(WsFilter.java:51)
	at org.apache.catalina.core.ApplicationFilterChain.internalDoFilter(ApplicationFilterChain.java:166)
	at org.apache.catalina.core.ApplicationFilterChain.doFilter(ApplicationFilterChain.java:142)
	at org.springframework.web.filter.RequestContextFilter.doFilterInternal(RequestContextFilter.java:100)
	at org.springframework.web.filter.OncePerRequestFilter.doFilter(OncePerRequestFilter.java:117)
	at org.apache.catalina.core.ApplicationFilterChain.internalDoFilter(ApplicationFilterChain.java:166)
	at org.apache.catalina.core.ApplicationFilterChain.doFilter(ApplicationFilterChain.java:142)
	at org.springframework.web.filter.FormContentFilter.doFilterInternal(FormContentFilter.java:93)
	at org.springframework.web.filter.OncePerRequestFilter.doFilter(OncePerRequestFilter.java:117)
	at org.apache.catalina.core.ApplicationFilterChain.internalDoFilter(ApplicationFilterChain.java:166)
	at org.apache.catalina.core.ApplicationFilterChain.doFilter(ApplicationFilterChain.java:142)
	at org.springframework.boot.actuate.metrics.web.servlet.WebMvcMetricsFilter.doFilterInternal(WebMvcMetricsFilter.java:96)
	at org.springframework.web.filter.OncePerRequestFilter.doFilter(OncePerRequestFilter.java:117)
	at org.apache.catalina.core.ApplicationFilterChain.internalDoFilter(ApplicationFilterChain.java:166)
	at org.apache.catalina.core.ApplicationFilterChain.doFilter(ApplicationFilterChain.java:142)
	at org.springframework.web.filter.CharacterEncodingFilter.doFilterInternal(CharacterEncodingFilter.java:201)
	at org.springframework.web.filter.OncePerRequestFilter.doFilter(OncePerRequestFilter.java:117)
	at org.apache.catalina.core.ApplicationFilterChain.internalDoFilter(ApplicationFilterChain.java:166)
	at org.apache.catalina.core.ApplicationFilterChain.doFilter(ApplicationFilterChain.java:142)
	at org.apache.catalina.core.StandardWrapperValve.invoke(StandardWrapperValve.java:166)
	at org.apache.catalina.core.StandardContextValve.invoke(StandardContextValve.java:88)
	at org.apache.catalina.authenticator.AuthenticatorBase.invoke(AuthenticatorBase.java:491)
	at org.apache.catalina.core.StandardHostValve.invoke(StandardHostValve.java:127)
	at org.apache.catalina.valves.ErrorReportValve.invoke(ErrorReportValve.java:83)
	at org.apache.catalina.core.StandardEngineValve.invoke(StandardEngineValve.java:72)
	at org.apache.catalina.connector.CoyoteAdapter.service(CoyoteAdapter.java:344)
	at org.apache.coyote.http11.Http11Processor.service(Http11Processor.java:398)
	at org.apache.coyote.AbstractProcessorLight.process(AbstractProcessorLight.java:63)
	at org.apache.coyote.AbstractProtocol$ConnectionHandler.process(AbstractProtocol.java:939)
	at org.apache.tomcat.util.net.NioEndpoint$SocketProcessor.doRun(NioEndpoint.java:1854)
	at org.apache.tomcat.util.net.SocketProcessorBase.run(SocketProcessorBase.java:52)
	at org.apache.tomcat.util.threads.ThreadPoolExecutor.runWorker(ThreadPoolExecutor.java:973)
	at org.apache.tomcat.util.threads.ThreadPoolExecutor$Worker.run(ThreadPoolExecutor.java:491)
	at org.apache.tomcat.util.threads.TaskThread$WrappingRunnable.run(TaskThread.java:63)
	at java.base/java.lang.Thread.run(Thread.java:840)
Caused by: it.unibz.inf.ontop.exception.OntopReformulationException: it.unibz.inf.ontop.exception.MinorOntopInternalBugException: Was expecting a unique and known DB term type to be extracted for the SQL variable id1m1
	at it.unibz.inf.ontop.answering.reformulation.impl.QuestQueryProcessor.reformulateIntoNativeQuery(QuestQueryProcessor.java:154)
	at it.unibz.inf.ontop.answering.connection.impl.QuestStatement.executeBooleanQuery(QuestStatement.java:148)
	at it.unibz.inf.ontop.answering.connection.impl.QuestStatement.lambda$execute$3(QuestStatement.java:227)
	at it.unibz.inf.ontop.answering.connection.impl.QuestStatement$QueryExecutionThread.run(QuestStatement.java:108)
Caused by: it.unibz.inf.ontop.exception.MinorOntopInternalBugException: Was expecting a unique and known DB term type to be extracted for the SQL variable id1m1
	at it.unibz.inf.ontop.generation.DefaultSQLIQTree2NativeNodeGenerator.lambda$extractUniqueKnownType$6(DefaultSQLIQTree2NativeNodeGenerator.java:84)
	at java.base/java.util.Optional.orElseThrow(Optional.java:403)
	at it.unibz.inf.ontop.generation.DefaultSQLIQTree2NativeNodeGenerator.extractUniqueKnownType(DefaultSQLIQTree2NativeNodeGenerator.java:84)
	at it.unibz.inf.ontop.generation.DefaultSQLIQTree2NativeNodeGenerator.lambda$extractVariableTypeMap$2(DefaultSQLIQTree2NativeNodeGenerator.java:76)
	at it.unibz.inf.ontop.utils.ImmutableCollectors.lambda$toMap$0(ImmutableCollectors.java:110)
	at java.base/java.util.stream.ReduceOps$3ReducingSink.accept(ReduceOps.java:169)
	at java.base/java.util.Spliterators$ArraySpliterator.forEachRemaining(Spliterators.java:992)
	at java.base/java.util.stream.AbstractPipeline.copyInto(AbstractPipeline.java:509)
	at java.base/java.util.stream.AbstractPipeline.wrapAndCopyInto(AbstractPipeline.java:499)
	at java.base/java.util.stream.ReduceOps$ReduceOp.evaluateSequential(ReduceOps.java:921)
	at java.base/java.util.stream.AbstractPipeline.evaluate(AbstractPipeline.java:234)
	at java.base/java.util.stream.ReferencePipeline.collect(ReferencePipeline.java:682)
	at it.unibz.inf.ontop.generation.DefaultSQLIQTree2NativeNodeGenerator.extractVariableTypeMap(DefaultSQLIQTree2NativeNodeGenerator.java:74)
	at it.unibz.inf.ontop.generation.DefaultSQLIQTree2NativeNodeGenerator.generate(DefaultSQLIQTree2NativeNodeGenerator.java:61)
	at it.unibz.inf.ontop.answering.reformulation.generation.impl.SQLGeneratorImpl.generateSourceQuery(SQLGeneratorImpl.java:156)
	at it.unibz.inf.ontop.answering.reformulation.generation.impl.SQLGeneratorImpl.generateSourceQuery(SQLGeneratorImpl.java:131)
	at it.unibz.inf.ontop.answering.reformulation.generation.impl.SQLGeneratorImpl.generateSourceQuery(SQLGeneratorImpl.java:111)
	at it.unibz.inf.ontop.answering.reformulation.impl.QuestQueryProcessor.generateExecutableQuery(QuestQueryProcessor.java:163)
	at it.unibz.inf.ontop.answering.reformulation.impl.QuestQueryProcessor.reformulateIntoNativeQuery(QuestQueryProcessor.java:123)
	... 3 more
12:10:58.288 |-WARN  in i.u.i.o.a.r.impl.QuestQueryProcessor - Unexpected exception: Was expecting a unique and known DB term type to be extracted for the SQL variable id1m1
it.unibz.inf.ontop.exception.MinorOntopInternalBugException: Was expecting a unique and known DB term type to be extracted for the SQL variable id1m1
	at it.unibz.inf.ontop.generation.DefaultSQLIQTree2NativeNodeGenerator.lambda$extractUniqueKnownType$6(DefaultSQLIQTree2NativeNodeGenerator.java:84)
	at java.base/java.util.Optional.orElseThrow(Optional.java:403)
	at it.unibz.inf.ontop.generation.DefaultSQLIQTree2NativeNodeGenerator.extractUniqueKnownType(DefaultSQLIQTree2NativeNodeGenerator.java:84)
	at it.unibz.inf.ontop.generation.DefaultSQLIQTree2NativeNodeGenerator.lambda$extractVariableTypeMap$2(DefaultSQLIQTree2NativeNodeGenerator.java:76)
	at it.unibz.inf.ontop.utils.ImmutableCollectors.lambda$toMap$0(ImmutableCollectors.java:110)
	at java.base/java.util.stream.ReduceOps$3ReducingSink.accept(ReduceOps.java:169)
	at java.base/java.util.Spliterators$ArraySpliterator.forEachRemaining(Spliterators.java:992)
	at java.base/java.util.stream.AbstractPipeline.copyInto(AbstractPipeline.java:509)
	at java.base/java.util.stream.AbstractPipeline.wrapAndCopyInto(AbstractPipeline.java:499)
	at java.base/java.util.stream.ReduceOps$ReduceOp.evaluateSequential(ReduceOps.java:921)
	at java.base/java.util.stream.AbstractPipeline.evaluate(AbstractPipeline.java:234)
	at java.base/java.util.stream.ReferencePipeline.collect(ReferencePipeline.java:682)
	at it.unibz.inf.ontop.generation.DefaultSQLIQTree2NativeNodeGenerator.extractVariableTypeMap(DefaultSQLIQTree2NativeNodeGenerator.java:74)
	at it.unibz.inf.ontop.generation.DefaultSQLIQTree2NativeNodeGenerator.generate(DefaultSQLIQTree2NativeNodeGenerator.java:61)
	at it.unibz.inf.ontop.answering.reformulation.generation.impl.SQLGeneratorImpl.generateSourceQuery(SQLGeneratorImpl.java:156)
	at it.unibz.inf.ontop.answering.reformulation.generation.impl.SQLGeneratorImpl.generateSourceQuery(SQLGeneratorImpl.java:131)
	at it.unibz.inf.ontop.answering.reformulation.generation.impl.SQLGeneratorImpl.generateSourceQuery(SQLGeneratorImpl.java:111)
	at it.unibz.inf.ontop.answering.reformulation.impl.QuestQueryProcessor.generateExecutableQuery(QuestQueryProcessor.java:163)
	at it.unibz.inf.ontop.answering.reformulation.impl.QuestQueryProcessor.reformulateIntoNativeQuery(QuestQueryProcessor.java:123)
	at it.unibz.inf.ontop.answering.connection.impl.QuestStatement.executeBooleanQuery(QuestStatement.java:148)
	at it.unibz.inf.ontop.answering.connection.impl.QuestStatement.lambda$execute$3(QuestStatement.java:227)
	at it.unibz.inf.ontop.answering.connection.impl.QuestStatement$QueryExecutionThread.run(QuestStatement.java:108)
12:10:58.288 |-ERROR in i.u.i.o.a.c.impl.QuestStatement - it.unibz.inf.ontop.exception.MinorOntopInternalBugException: Was expecting a unique and known DB term type to be extracted for the SQL variable id1m1
it.unibz.inf.ontop.exception.OntopReformulationException: it.unibz.inf.ontop.exception.MinorOntopInternalBugException: Was expecting a unique and known DB term type to be extracted for the SQL variable id1m1
	at it.unibz.inf.ontop.answering.reformulation.impl.QuestQueryProcessor.reformulateIntoNativeQuery(QuestQueryProcessor.java:154)
	at it.unibz.inf.ontop.answering.connection.impl.QuestStatement.executeBooleanQuery(QuestStatement.java:148)
	at it.unibz.inf.ontop.answering.connection.impl.QuestStatement.lambda$execute$3(QuestStatement.java:227)
	at it.unibz.inf.ontop.answering.connection.impl.QuestStatement$QueryExecutionThread.run(QuestStatement.java:108)
Caused by: it.unibz.inf.ontop.exception.MinorOntopInternalBugException: Was expecting a unique and known DB term type to be extracted for the SQL variable id1m1
	at it.unibz.inf.ontop.generation.DefaultSQLIQTree2NativeNodeGenerator.lambda$extractUniqueKnownType$6(DefaultSQLIQTree2NativeNodeGenerator.java:84)
	at java.base/java.util.Optional.orElseThrow(Optional.java:403)
	at it.unibz.inf.ontop.generation.DefaultSQLIQTree2NativeNodeGenerator.extractUniqueKnownType(DefaultSQLIQTree2NativeNodeGenerator.java:84)
	at it.unibz.inf.ontop.generation.DefaultSQLIQTree2NativeNodeGenerator.lambda$extractVariableTypeMap$2(DefaultSQLIQTree2NativeNodeGenerator.java:76)
	at it.unibz.inf.ontop.utils.ImmutableCollectors.lambda$toMap$0(ImmutableCollectors.java:110)
	at java.base/java.util.stream.ReduceOps$3ReducingSink.accept(ReduceOps.java:169)
	at java.base/java.util.Spliterators$ArraySpliterator.forEachRemaining(Spliterators.java:992)
	at java.base/java.util.stream.AbstractPipeline.copyInto(AbstractPipeline.java:509)
	at java.base/java.util.stream.AbstractPipeline.wrapAndCopyInto(AbstractPipeline.java:499)
	at java.base/java.util.stream.ReduceOps$ReduceOp.evaluateSequential(ReduceOps.java:921)
	at java.base/java.util.stream.AbstractPipeline.evaluate(AbstractPipeline.java:234)
	at java.base/java.util.stream.ReferencePipeline.collect(ReferencePipeline.java:682)
	at it.unibz.inf.ontop.generation.DefaultSQLIQTree2NativeNodeGenerator.extractVariableTypeMap(DefaultSQLIQTree2NativeNodeGenerator.java:74)
	at it.unibz.inf.ontop.generation.DefaultSQLIQTree2NativeNodeGenerator.generate(DefaultSQLIQTree2NativeNodeGenerator.java:61)
	at it.unibz.inf.ontop.answering.reformulation.generation.impl.SQLGeneratorImpl.generateSourceQuery(SQLGeneratorImpl.java:156)
	at it.unibz.inf.ontop.answering.reformulation.generation.impl.SQLGeneratorImpl.generateSourceQuery(SQLGeneratorImpl.java:131)
	at it.unibz.inf.ontop.answering.reformulation.generation.impl.SQLGeneratorImpl.generateSourceQuery(SQLGeneratorImpl.java:111)
	at it.unibz.inf.ontop.answering.reformulation.impl.QuestQueryProcessor.generateExecutableQuery(QuestQueryProcessor.java:163)
	at it.unibz.inf.ontop.answering.reformulation.impl.QuestQueryProcessor.reformulateIntoNativeQuery(QuestQueryProcessor.java:123)
	... 3 common frames omitted
org.eclipse.rdf4j.query.QueryEvaluationException: it.unibz.inf.ontop.exception.OntopReformulationException: it.unibz.inf.ontop.exception.MinorOntopInternalBugException: Was expecting a unique and known DB term type to be extracted for the SQL variable id1m1
	at it.unibz.inf.ontop.rdf4j.query.impl.OntopBooleanQuery.evaluate(OntopBooleanQuery.java:40)
	at it.unibz.inf.ontop.endpoint.processor.SparqlQueryExecutor.executeQuery(SparqlQueryExecutor.java:77)
	at it.unibz.inf.ontop.endpoint.controllers.SparqlQueryController.query_get(SparqlQueryController.java:42)
	at jdk.internal.reflect.GeneratedMethodAccessor7.invoke(Unknown Source)
	at java.base/jdk.internal.reflect.DelegatingMethodAccessorImpl.invoke(DelegatingMethodAccessorImpl.java:43)
	at java.base/java.lang.reflect.Method.invoke(Method.java:569)
	at org.springframework.web.method.support.InvocableHandlerMethod.doInvoke(InvocableHandlerMethod.java:205)
	at org.springframework.web.method.support.InvocableHandlerMethod.invokeForRequest(InvocableHandlerMethod.java:150)
	at org.springframework.web.servlet.mvc.method.annotation.ServletInvocableHandlerMethod.invokeAndHandle(ServletInvocableHandlerMethod.java:117)
	at org.springframework.web.servlet.mvc.method.annotation.RequestMappingHandlerAdapter.invokeHandlerMethod(RequestMappingHandlerAdapter.java:895)
	at org.springframework.web.servlet.mvc.method.annotation.RequestMappingHandlerAdapter.handleInternal(RequestMappingHandlerAdapter.java:808)
	at org.springframework.web.servlet.mvc.method.AbstractHandlerMethodAdapter.handle(AbstractHandlerMethodAdapter.java:87)
	at org.springframework.web.servlet.DispatcherServlet.doDispatch(DispatcherServlet.java:1072)
	at org.springframework.web.servlet.DispatcherServlet.doService(DispatcherServlet.java:965)
	at org.springframework.web.servlet.FrameworkServlet.processRequest(FrameworkServlet.java:1006)
	at org.springframework.web.servlet.FrameworkServlet.doGet(FrameworkServlet.java:898)
	at javax.servlet.http.HttpServlet.service(HttpServlet.java:529)
	at org.springframework.web.servlet.FrameworkServlet.service(FrameworkServlet.java:883)
	at javax.servlet.http.HttpServlet.service(HttpServlet.java:623)
	at org.apache.catalina.core.ApplicationFilterChain.internalDoFilter(ApplicationFilterChain.java:197)
	at org.apache.catalina.core.ApplicationFilterChain.doFilter(ApplicationFilterChain.java:142)
	at org.apache.tomcat.websocket.server.WsFilter.doFilter(WsFilter.java:51)
	at org.apache.catalina.core.ApplicationFilterChain.internalDoFilter(ApplicationFilterChain.java:166)
	at org.apache.catalina.core.ApplicationFilterChain.doFilter(ApplicationFilterChain.java:142)
	at org.springframework.web.filter.RequestContextFilter.doFilterInternal(RequestContextFilter.java:100)
	at org.springframework.web.filter.OncePerRequestFilter.doFilter(OncePerRequestFilter.java:117)
	at org.apache.catalina.core.ApplicationFilterChain.internalDoFilter(ApplicationFilterChain.java:166)
	at org.apache.catalina.core.ApplicationFilterChain.doFilter(ApplicationFilterChain.java:142)
	at org.springframework.web.filter.FormContentFilter.doFilterInternal(FormContentFilter.java:93)
	at org.springframework.web.filter.OncePerRequestFilter.doFilter(OncePerRequestFilter.java:117)
	at org.apache.catalina.core.ApplicationFilterChain.internalDoFilter(ApplicationFilterChain.java:166)
	at org.apache.catalina.core.ApplicationFilterChain.doFilter(ApplicationFilterChain.java:142)
	at org.springframework.boot.actuate.metrics.web.servlet.WebMvcMetricsFilter.doFilterInternal(WebMvcMetricsFilter.java:96)
	at org.springframework.web.filter.OncePerRequestFilter.doFilter(OncePerRequestFilter.java:117)
	at org.apache.catalina.core.ApplicationFilterChain.internalDoFilter(ApplicationFilterChain.java:166)
	at org.apache.catalina.core.ApplicationFilterChain.doFilter(ApplicationFilterChain.java:142)
	at org.springframework.web.filter.CharacterEncodingFilter.doFilterInternal(CharacterEncodingFilter.java:201)
	at org.springframework.web.filter.OncePerRequestFilter.doFilter(OncePerRequestFilter.java:117)
	at org.apache.catalina.core.ApplicationFilterChain.internalDoFilter(ApplicationFilterChain.java:166)
	at org.apache.catalina.core.ApplicationFilterChain.doFilter(ApplicationFilterChain.java:142)
	at org.apache.catalina.core.StandardWrapperValve.invoke(StandardWrapperValve.java:166)
	at org.apache.catalina.core.StandardContextValve.invoke(StandardContextValve.java:88)
	at org.apache.catalina.authenticator.AuthenticatorBase.invoke(AuthenticatorBase.java:491)
	at org.apache.catalina.core.StandardHostValve.invoke(StandardHostValve.java:127)
	at org.apache.catalina.valves.ErrorReportValve.invoke(ErrorReportValve.java:83)
	at org.apache.catalina.core.StandardEngineValve.invoke(StandardEngineValve.java:72)
	at org.apache.catalina.connector.CoyoteAdapter.service(CoyoteAdapter.java:344)
	at org.apache.coyote.http11.Http11Processor.service(Http11Processor.java:398)
	at org.apache.coyote.AbstractProcessorLight.process(AbstractProcessorLight.java:63)
	at org.apache.coyote.AbstractProtocol$ConnectionHandler.process(AbstractProtocol.java:939)
	at org.apache.tomcat.util.net.NioEndpoint$SocketProcessor.doRun(NioEndpoint.java:1854)
	at org.apache.tomcat.util.net.SocketProcessorBase.run(SocketProcessorBase.java:52)
	at org.apache.tomcat.util.threads.ThreadPoolExecutor.runWorker(ThreadPoolExecutor.java:973)
	at org.apache.tomcat.util.threads.ThreadPoolExecutor$Worker.run(ThreadPoolExecutor.java:491)
	at org.apache.tomcat.util.threads.TaskThread$WrappingRunnable.run(TaskThread.java:63)
	at java.base/java.lang.Thread.run(Thread.java:840)
Caused by: it.unibz.inf.ontop.exception.OntopReformulationException: it.unibz.inf.ontop.exception.MinorOntopInternalBugException: Was expecting a unique and known DB term type to be extracted for the SQL variable id1m1
	at it.unibz.inf.ontop.answering.reformulation.impl.QuestQueryProcessor.reformulateIntoNativeQuery(QuestQueryProcessor.java:154)
	at it.unibz.inf.ontop.answering.connection.impl.QuestStatement.executeBooleanQuery(QuestStatement.java:148)
	at it.unibz.inf.ontop.answering.connection.impl.QuestStatement.lambda$execute$3(QuestStatement.java:227)
	at it.unibz.inf.ontop.answering.connection.impl.QuestStatement$QueryExecutionThread.run(QuestStatement.java:108)
Caused by: it.unibz.inf.ontop.exception.MinorOntopInternalBugException: Was expecting a unique and known DB term type to be extracted for the SQL variable id1m1
	at it.unibz.inf.ontop.generation.DefaultSQLIQTree2NativeNodeGenerator.lambda$extractUniqueKnownType$6(DefaultSQLIQTree2NativeNodeGenerator.java:84)
	at java.base/java.util.Optional.orElseThrow(Optional.java:403)
	at it.unibz.inf.ontop.generation.DefaultSQLIQTree2NativeNodeGenerator.extractUniqueKnownType(DefaultSQLIQTree2NativeNodeGenerator.java:84)
	at it.unibz.inf.ontop.generation.DefaultSQLIQTree2NativeNodeGenerator.lambda$extractVariableTypeMap$2(DefaultSQLIQTree2NativeNodeGenerator.java:76)
	at it.unibz.inf.ontop.utils.ImmutableCollectors.lambda$toMap$0(ImmutableCollectors.java:110)
	at java.base/java.util.stream.ReduceOps$3ReducingSink.accept(ReduceOps.java:169)
	at java.base/java.util.Spliterators$ArraySpliterator.forEachRemaining(Spliterators.java:992)
	at java.base/java.util.stream.AbstractPipeline.copyInto(AbstractPipeline.java:509)
	at java.base/java.util.stream.AbstractPipeline.wrapAndCopyInto(AbstractPipeline.java:499)
	at java.base/java.util.stream.ReduceOps$ReduceOp.evaluateSequential(ReduceOps.java:921)
	at java.base/java.util.stream.AbstractPipeline.evaluate(AbstractPipeline.java:234)
	at java.base/java.util.stream.ReferencePipeline.collect(ReferencePipeline.java:682)
	at it.unibz.inf.ontop.generation.DefaultSQLIQTree2NativeNodeGenerator.extractVariableTypeMap(DefaultSQLIQTree2NativeNodeGenerator.java:74)
	at it.unibz.inf.ontop.generation.DefaultSQLIQTree2NativeNodeGenerator.generate(DefaultSQLIQTree2NativeNodeGenerator.java:61)
	at it.unibz.inf.ontop.answering.reformulation.generation.impl.SQLGeneratorImpl.generateSourceQuery(SQLGeneratorImpl.java:156)
	at it.unibz.inf.ontop.answering.reformulation.generation.impl.SQLGeneratorImpl.generateSourceQuery(SQLGeneratorImpl.java:131)
	at it.unibz.inf.ontop.answering.reformulation.generation.impl.SQLGeneratorImpl.generateSourceQuery(SQLGeneratorImpl.java:111)
	at it.unibz.inf.ontop.answering.reformulation.impl.QuestQueryProcessor.generateExecutableQuery(QuestQueryProcessor.java:163)
	at it.unibz.inf.ontop.answering.reformulation.impl.QuestQueryProcessor.reformulateIntoNativeQuery(QuestQueryProcessor.java:123)
	... 3 more
12:10:59.339 |-WARN  in i.u.i.o.a.r.impl.QuestQueryProcessor - Unexpected exception: Was expecting a unique and known DB term type to be extracted for the SQL variable id1m1
it.unibz.inf.ontop.exception.MinorOntopInternalBugException: Was expecting a unique and known DB term type to be extracted for the SQL variable id1m1
	at it.unibz.inf.ontop.generation.DefaultSQLIQTree2NativeNodeGenerator.lambda$extractUniqueKnownType$6(DefaultSQLIQTree2NativeNodeGenerator.java:84)
	at java.base/java.util.Optional.orElseThrow(Optional.java:403)
	at it.unibz.inf.ontop.generation.DefaultSQLIQTree2NativeNodeGenerator.extractUniqueKnownType(DefaultSQLIQTree2NativeNodeGenerator.java:84)
	at it.unibz.inf.ontop.generation.DefaultSQLIQTree2NativeNodeGenerator.lambda$extractVariableTypeMap$2(DefaultSQLIQTree2NativeNodeGenerator.java:76)
	at it.unibz.inf.ontop.utils.ImmutableCollectors.lambda$toMap$0(ImmutableCollectors.java:110)
	at java.base/java.util.stream.ReduceOps$3ReducingSink.accept(ReduceOps.java:169)
	at java.base/java.util.Spliterators$ArraySpliterator.forEachRemaining(Spliterators.java:992)
	at java.base/java.util.stream.AbstractPipeline.copyInto(AbstractPipeline.java:509)
	at java.base/java.util.stream.AbstractPipeline.wrapAndCopyInto(AbstractPipeline.java:499)
	at java.base/java.util.stream.ReduceOps$ReduceOp.evaluateSequential(ReduceOps.java:921)
	at java.base/java.util.stream.AbstractPipeline.evaluate(AbstractPipeline.java:234)
	at java.base/java.util.stream.ReferencePipeline.collect(ReferencePipeline.java:682)
	at it.unibz.inf.ontop.generation.DefaultSQLIQTree2NativeNodeGenerator.extractVariableTypeMap(DefaultSQLIQTree2NativeNodeGenerator.java:74)
	at it.unibz.inf.ontop.generation.DefaultSQLIQTree2NativeNodeGenerator.generate(DefaultSQLIQTree2NativeNodeGenerator.java:61)
	at it.unibz.inf.ontop.answering.reformulation.generation.impl.SQLGeneratorImpl.generateSourceQuery(SQLGeneratorImpl.java:156)
	at it.unibz.inf.ontop.answering.reformulation.generation.impl.SQLGeneratorImpl.generateSourceQuery(SQLGeneratorImpl.java:131)
	at it.unibz.inf.ontop.answering.reformulation.generation.impl.SQLGeneratorImpl.generateSourceQuery(SQLGeneratorImpl.java:111)
	at it.unibz.inf.ontop.answering.reformulation.impl.QuestQueryProcessor.generateExecutableQuery(QuestQueryProcessor.java:163)
	at it.unibz.inf.ontop.answering.reformulation.impl.QuestQueryProcessor.reformulateIntoNativeQuery(QuestQueryProcessor.java:123)
	at it.unibz.inf.ontop.answering.connection.impl.QuestStatement.executeBooleanQuery(QuestStatement.java:148)
	at it.unibz.inf.ontop.answering.connection.impl.QuestStatement.lambda$execute$3(QuestStatement.java:227)
	at it.unibz.inf.ontop.answering.connection.impl.QuestStatement$QueryExecutionThread.run(QuestStatement.java:108)
12:10:59.339 |-ERROR in i.u.i.o.a.c.impl.QuestStatement - it.unibz.inf.ontop.exception.MinorOntopInternalBugException: Was expecting a unique and known DB term type to be extracted for the SQL variable id1m1
it.unibz.inf.ontop.exception.OntopReformulationException: it.unibz.inf.ontop.exception.MinorOntopInternalBugException: Was expecting a unique and known DB term type to be extracted for the SQL variable id1m1
	at it.unibz.inf.ontop.answering.reformulation.impl.QuestQueryProcessor.reformulateIntoNativeQuery(QuestQueryProcessor.java:154)
	at it.unibz.inf.ontop.answering.connection.impl.QuestStatement.executeBooleanQuery(QuestStatement.java:148)
	at it.unibz.inf.ontop.answering.connection.impl.QuestStatement.lambda$execute$3(QuestStatement.java:227)
	at it.unibz.inf.ontop.answering.connection.impl.QuestStatement$QueryExecutionThread.run(QuestStatement.java:108)
Caused by: it.unibz.inf.ontop.exception.MinorOntopInternalBugException: Was expecting a unique and known DB term type to be extracted for the SQL variable id1m1
	at it.unibz.inf.ontop.generation.DefaultSQLIQTree2NativeNodeGenerator.lambda$extractUniqueKnownType$6(DefaultSQLIQTree2NativeNodeGenerator.java:84)
	at java.base/java.util.Optional.orElseThrow(Optional.java:403)
	at it.unibz.inf.ontop.generation.DefaultSQLIQTree2NativeNodeGenerator.extractUniqueKnownType(DefaultSQLIQTree2NativeNodeGenerator.java:84)
	at it.unibz.inf.ontop.generation.DefaultSQLIQTree2NativeNodeGenerator.lambda$extractVariableTypeMap$2(DefaultSQLIQTree2NativeNodeGenerator.java:76)
	at it.unibz.inf.ontop.utils.ImmutableCollectors.lambda$toMap$0(ImmutableCollectors.java:110)
	at java.base/java.util.stream.ReduceOps$3ReducingSink.accept(ReduceOps.java:169)
	at java.base/java.util.Spliterators$ArraySpliterator.forEachRemaining(Spliterators.java:992)
	at java.base/java.util.stream.AbstractPipeline.copyInto(AbstractPipeline.java:509)
	at java.base/java.util.stream.AbstractPipeline.wrapAndCopyInto(AbstractPipeline.java:499)
	at java.base/java.util.stream.ReduceOps$ReduceOp.evaluateSequential(ReduceOps.java:921)
	at java.base/java.util.stream.AbstractPipeline.evaluate(AbstractPipeline.java:234)
	at java.base/java.util.stream.ReferencePipeline.collect(ReferencePipeline.java:682)
	at it.unibz.inf.ontop.generation.DefaultSQLIQTree2NativeNodeGenerator.extractVariableTypeMap(DefaultSQLIQTree2NativeNodeGenerator.java:74)
	at it.unibz.inf.ontop.generation.DefaultSQLIQTree2NativeNodeGenerator.generate(DefaultSQLIQTree2NativeNodeGenerator.java:61)
	at it.unibz.inf.ontop.answering.reformulation.generation.impl.SQLGeneratorImpl.generateSourceQuery(SQLGeneratorImpl.java:156)
	at it.unibz.inf.ontop.answering.reformulation.generation.impl.SQLGeneratorImpl.generateSourceQuery(SQLGeneratorImpl.java:131)
	at it.unibz.inf.ontop.answering.reformulation.generation.impl.SQLGeneratorImpl.generateSourceQuery(SQLGeneratorImpl.java:111)
	at it.unibz.inf.ontop.answering.reformulation.impl.QuestQueryProcessor.generateExecutableQuery(QuestQueryProcessor.java:163)
	at it.unibz.inf.ontop.answering.reformulation.impl.QuestQueryProcessor.reformulateIntoNativeQuery(QuestQueryProcessor.java:123)
	... 3 common frames omitted
org.eclipse.rdf4j.query.QueryEvaluationException: it.unibz.inf.ontop.exception.OntopReformulationException: it.unibz.inf.ontop.exception.MinorOntopInternalBugException: Was expecting a unique and known DB term type to be extracted for the SQL variable id1m1
	at it.unibz.inf.ontop.rdf4j.query.impl.OntopBooleanQuery.evaluate(OntopBooleanQuery.java:40)
	at it.unibz.inf.ontop.endpoint.processor.SparqlQueryExecutor.executeQuery(SparqlQueryExecutor.java:77)
	at it.unibz.inf.ontop.endpoint.controllers.SparqlQueryController.query_get(SparqlQueryController.java:42)
	at jdk.internal.reflect.GeneratedMethodAccessor7.invoke(Unknown Source)
	at java.base/jdk.internal.reflect.DelegatingMethodAccessorImpl.invoke(DelegatingMethodAccessorImpl.java:43)
	at java.base/java.lang.reflect.Method.invoke(Method.java:569)
	at org.springframework.web.method.support.InvocableHandlerMethod.doInvoke(InvocableHandlerMethod.java:205)
	at org.springframework.web.method.support.InvocableHandlerMethod.invokeForRequest(InvocableHandlerMethod.java:150)
	at org.springframework.web.servlet.mvc.method.annotation.ServletInvocableHandlerMethod.invokeAndHandle(ServletInvocableHandlerMethod.java:117)
	at org.springframework.web.servlet.mvc.method.annotation.RequestMappingHandlerAdapter.invokeHandlerMethod(RequestMappingHandlerAdapter.java:895)
	at org.springframework.web.servlet.mvc.method.annotation.RequestMappingHandlerAdapter.handleInternal(RequestMappingHandlerAdapter.java:808)
	at org.springframework.web.servlet.mvc.method.AbstractHandlerMethodAdapter.handle(AbstractHandlerMethodAdapter.java:87)
	at org.springframework.web.servlet.DispatcherServlet.doDispatch(DispatcherServlet.java:1072)
	at org.springframework.web.servlet.DispatcherServlet.doService(DispatcherServlet.java:965)
	at org.springframework.web.servlet.FrameworkServlet.processRequest(FrameworkServlet.java:1006)
	at org.springframework.web.servlet.FrameworkServlet.doGet(FrameworkServlet.java:898)
	at javax.servlet.http.HttpServlet.service(HttpServlet.java:529)
	at org.springframework.web.servlet.FrameworkServlet.service(FrameworkServlet.java:883)
	at javax.servlet.http.HttpServlet.service(HttpServlet.java:623)
	at org.apache.catalina.core.ApplicationFilterChain.internalDoFilter(ApplicationFilterChain.java:197)
	at org.apache.catalina.core.ApplicationFilterChain.doFilter(ApplicationFilterChain.java:142)
	at org.apache.tomcat.websocket.server.WsFilter.doFilter(WsFilter.java:51)
	at org.apache.catalina.core.ApplicationFilterChain.internalDoFilter(ApplicationFilterChain.java:166)
	at org.apache.catalina.core.ApplicationFilterChain.doFilter(ApplicationFilterChain.java:142)
	at org.springframework.web.filter.RequestContextFilter.doFilterInternal(RequestContextFilter.java:100)
	at org.springframework.web.filter.OncePerRequestFilter.doFilter(OncePerRequestFilter.java:117)
	at org.apache.catalina.core.ApplicationFilterChain.internalDoFilter(ApplicationFilterChain.java:166)
	at org.apache.catalina.core.ApplicationFilterChain.doFilter(ApplicationFilterChain.java:142)
	at org.springframework.web.filter.FormContentFilter.doFilterInternal(FormContentFilter.java:93)
	at org.springframework.web.filter.OncePerRequestFilter.doFilter(OncePerRequestFilter.java:117)
	at org.apache.catalina.core.ApplicationFilterChain.internalDoFilter(ApplicationFilterChain.java:166)
	at org.apache.catalina.core.ApplicationFilterChain.doFilter(ApplicationFilterChain.java:142)
	at org.springframework.boot.actuate.metrics.web.servlet.WebMvcMetricsFilter.doFilterInternal(WebMvcMetricsFilter.java:96)
	at org.springframework.web.filter.OncePerRequestFilter.doFilter(OncePerRequestFilter.java:117)
	at org.apache.catalina.core.ApplicationFilterChain.internalDoFilter(ApplicationFilterChain.java:166)
	at org.apache.catalina.core.ApplicationFilterChain.doFilter(ApplicationFilterChain.java:142)
	at org.springframework.web.filter.CharacterEncodingFilter.doFilterInternal(CharacterEncodingFilter.java:201)
	at org.springframework.web.filter.OncePerRequestFilter.doFilter(OncePerRequestFilter.java:117)
	at org.apache.catalina.core.ApplicationFilterChain.internalDoFilter(ApplicationFilterChain.java:166)
	at org.apache.catalina.core.ApplicationFilterChain.doFilter(ApplicationFilterChain.java:142)
	at org.apache.catalina.core.StandardWrapperValve.invoke(StandardWrapperValve.java:166)
	at org.apache.catalina.core.StandardContextValve.invoke(StandardContextValve.java:88)
	at org.apache.catalina.authenticator.AuthenticatorBase.invoke(AuthenticatorBase.java:491)
	at org.apache.catalina.core.StandardHostValve.invoke(StandardHostValve.java:127)
	at org.apache.catalina.valves.ErrorReportValve.invoke(ErrorReportValve.java:83)
	at org.apache.catalina.core.StandardEngineValve.invoke(StandardEngineValve.java:72)
	at org.apache.catalina.connector.CoyoteAdapter.service(CoyoteAdapter.java:344)
	at org.apache.coyote.http11.Http11Processor.service(Http11Processor.java:398)
	at org.apache.coyote.AbstractProcessorLight.process(AbstractProcessorLight.java:63)
	at org.apache.coyote.AbstractProtocol$ConnectionHandler.process(AbstractProtocol.java:939)
	at org.apache.tomcat.util.net.NioEndpoint$SocketProcessor.doRun(NioEndpoint.java:1854)
	at org.apache.tomcat.util.net.SocketProcessorBase.run(SocketProcessorBase.java:52)
	at org.apache.tomcat.util.threads.ThreadPoolExecutor.runWorker(ThreadPoolExecutor.java:973)
	at org.apache.tomcat.util.threads.ThreadPoolExecutor$Worker.run(ThreadPoolExecutor.java:491)
	at org.apache.tomcat.util.threads.TaskThread$WrappingRunnable.run(TaskThread.java:63)
	at java.base/java.lang.Thread.run(Thread.java:840)
Caused by: it.unibz.inf.ontop.exception.OntopReformulationException: it.unibz.inf.ontop.exception.MinorOntopInternalBugException: Was expecting a unique and known DB term type to be extracted for the SQL variable id1m1
	at it.unibz.inf.ontop.answering.reformulation.impl.QuestQueryProcessor.reformulateIntoNativeQuery(QuestQueryProcessor.java:154)
	at it.unibz.inf.ontop.answering.connection.impl.QuestStatement.executeBooleanQuery(QuestStatement.java:148)
	at it.unibz.inf.ontop.answering.connection.impl.QuestStatement.lambda$execute$3(QuestStatement.java:227)
	at it.unibz.inf.ontop.answering.connection.impl.QuestStatement$QueryExecutionThread.run(QuestStatement.java:108)
Caused by: it.unibz.inf.ontop.exception.MinorOntopInternalBugException: Was expecting a unique and known DB term type to be extracted for the SQL variable id1m1
	at it.unibz.inf.ontop.generation.DefaultSQLIQTree2NativeNodeGenerator.lambda$extractUniqueKnownType$6(DefaultSQLIQTree2NativeNodeGenerator.java:84)
	at java.base/java.util.Optional.orElseThrow(Optional.java:403)
	at it.unibz.inf.ontop.generation.DefaultSQLIQTree2NativeNodeGenerator.extractUniqueKnownType(DefaultSQLIQTree2NativeNodeGenerator.java:84)
	at it.unibz.inf.ontop.generation.DefaultSQLIQTree2NativeNodeGenerator.lambda$extractVariableTypeMap$2(DefaultSQLIQTree2NativeNodeGenerator.java:76)
	at it.unibz.inf.ontop.utils.ImmutableCollectors.lambda$toMap$0(ImmutableCollectors.java:110)
	at java.base/java.util.stream.ReduceOps$3ReducingSink.accept(ReduceOps.java:169)
	at java.base/java.util.Spliterators$ArraySpliterator.forEachRemaining(Spliterators.java:992)
	at java.base/java.util.stream.AbstractPipeline.copyInto(AbstractPipeline.java:509)
	at java.base/java.util.stream.AbstractPipeline.wrapAndCopyInto(AbstractPipeline.java:499)
	at java.base/java.util.stream.ReduceOps$ReduceOp.evaluateSequential(ReduceOps.java:921)
	at java.base/java.util.stream.AbstractPipeline.evaluate(AbstractPipeline.java:234)
	at java.base/java.util.stream.ReferencePipeline.collect(ReferencePipeline.java:682)
	at it.unibz.inf.ontop.generation.DefaultSQLIQTree2NativeNodeGenerator.extractVariableTypeMap(DefaultSQLIQTree2NativeNodeGenerator.java:74)
	at it.unibz.inf.ontop.generation.DefaultSQLIQTree2NativeNodeGenerator.generate(DefaultSQLIQTree2NativeNodeGenerator.java:61)
	at it.unibz.inf.ontop.answering.reformulation.generation.impl.SQLGeneratorImpl.generateSourceQuery(SQLGeneratorImpl.java:156)
	at it.unibz.inf.ontop.answering.reformulation.generation.impl.SQLGeneratorImpl.generateSourceQuery(SQLGeneratorImpl.java:131)
	at it.unibz.inf.ontop.answering.reformulation.generation.impl.SQLGeneratorImpl.generateSourceQuery(SQLGeneratorImpl.java:111)
	at it.unibz.inf.ontop.answering.reformulation.impl.QuestQueryProcessor.generateExecutableQuery(QuestQueryProcessor.java:163)
	at it.unibz.inf.ontop.answering.reformulation.impl.QuestQueryProcessor.reformulateIntoNativeQuery(QuestQueryProcessor.java:123)
	... 3 more
12:11:00.372 |-WARN  in i.u.i.o.a.r.impl.QuestQueryProcessor - Unexpected exception: Was expecting a unique and known DB term type to be extracted for the SQL variable id1m1
it.unibz.inf.ontop.exception.MinorOntopInternalBugException: Was expecting a unique and known DB term type to be extracted for the SQL variable id1m1
	at it.unibz.inf.ontop.generation.DefaultSQLIQTree2NativeNodeGenerator.lambda$extractUniqueKnownType$6(DefaultSQLIQTree2NativeNodeGenerator.java:84)
	at java.base/java.util.Optional.orElseThrow(Optional.java:403)
	at it.unibz.inf.ontop.generation.DefaultSQLIQTree2NativeNodeGenerator.extractUniqueKnownType(DefaultSQLIQTree2NativeNodeGenerator.java:84)
	at it.unibz.inf.ontop.generation.DefaultSQLIQTree2NativeNodeGenerator.lambda$extractVariableTypeMap$2(DefaultSQLIQTree2NativeNodeGenerator.java:76)
	at it.unibz.inf.ontop.utils.ImmutableCollectors.lambda$toMap$0(ImmutableCollectors.java:110)
	at java.base/java.util.stream.ReduceOps$3ReducingSink.accept(ReduceOps.java:169)
	at java.base/java.util.Spliterators$ArraySpliterator.forEachRemaining(Spliterators.java:992)
	at java.base/java.util.stream.AbstractPipeline.copyInto(AbstractPipeline.java:509)
	at java.base/java.util.stream.AbstractPipeline.wrapAndCopyInto(AbstractPipeline.java:499)
	at java.base/java.util.stream.ReduceOps$ReduceOp.evaluateSequential(ReduceOps.java:921)
	at java.base/java.util.stream.AbstractPipeline.evaluate(AbstractPipeline.java:234)
	at java.base/java.util.stream.ReferencePipeline.collect(ReferencePipeline.java:682)
	at it.unibz.inf.ontop.generation.DefaultSQLIQTree2NativeNodeGenerator.extractVariableTypeMap(DefaultSQLIQTree2NativeNodeGenerator.java:74)
	at it.unibz.inf.ontop.generation.DefaultSQLIQTree2NativeNodeGenerator.generate(DefaultSQLIQTree2NativeNodeGenerator.java:61)
	at it.unibz.inf.ontop.answering.reformulation.generation.impl.SQLGeneratorImpl.generateSourceQuery(SQLGeneratorImpl.java:156)
	at it.unibz.inf.ontop.answering.reformulation.generation.impl.SQLGeneratorImpl.generateSourceQuery(SQLGeneratorImpl.java:131)
	at it.unibz.inf.ontop.answering.reformulation.generation.impl.SQLGeneratorImpl.generateSourceQuery(SQLGeneratorImpl.java:111)
	at it.unibz.inf.ontop.answering.reformulation.impl.QuestQueryProcessor.generateExecutableQuery(QuestQueryProcessor.java:163)
	at it.unibz.inf.ontop.answering.reformulation.impl.QuestQueryProcessor.reformulateIntoNativeQuery(QuestQueryProcessor.java:123)
	at it.unibz.inf.ontop.answering.connection.impl.QuestStatement.executeBooleanQuery(QuestStatement.java:148)
	at it.unibz.inf.ontop.answering.connection.impl.QuestStatement.lambda$execute$3(QuestStatement.java:227)
	at it.unibz.inf.ontop.answering.connection.impl.QuestStatement$QueryExecutionThread.run(QuestStatement.java:108)
12:11:00.373 |-ERROR in i.u.i.o.a.c.impl.QuestStatement - it.unibz.inf.ontop.exception.MinorOntopInternalBugException: Was expecting a unique and known DB term type to be extracted for the SQL variable id1m1
it.unibz.inf.ontop.exception.OntopReformulationException: it.unibz.inf.ontop.exception.MinorOntopInternalBugException: Was expecting a unique and known DB term type to be extracted for the SQL variable id1m1
	at it.unibz.inf.ontop.answering.reformulation.impl.QuestQueryProcessor.reformulateIntoNativeQuery(QuestQueryProcessor.java:154)
	at it.unibz.inf.ontop.answering.connection.impl.QuestStatement.executeBooleanQuery(QuestStatement.java:148)
	at it.unibz.inf.ontop.answering.connection.impl.QuestStatement.lambda$execute$3(QuestStatement.java:227)
	at it.unibz.inf.ontop.answering.connection.impl.QuestStatement$QueryExecutionThread.run(QuestStatement.java:108)
Caused by: it.unibz.inf.ontop.exception.MinorOntopInternalBugException: Was expecting a unique and known DB term type to be extracted for the SQL variable id1m1
	at it.unibz.inf.ontop.generation.DefaultSQLIQTree2NativeNodeGenerator.lambda$extractUniqueKnownType$6(DefaultSQLIQTree2NativeNodeGenerator.java:84)
	at java.base/java.util.Optional.orElseThrow(Optional.java:403)
	at it.unibz.inf.ontop.generation.DefaultSQLIQTree2NativeNodeGenerator.extractUniqueKnownType(DefaultSQLIQTree2NativeNodeGenerator.java:84)
	at it.unibz.inf.ontop.generation.DefaultSQLIQTree2NativeNodeGenerator.lambda$extractVariableTypeMap$2(DefaultSQLIQTree2NativeNodeGenerator.java:76)
	at it.unibz.inf.ontop.utils.ImmutableCollectors.lambda$toMap$0(ImmutableCollectors.java:110)
	at java.base/java.util.stream.ReduceOps$3ReducingSink.accept(ReduceOps.java:169)
	at java.base/java.util.Spliterators$ArraySpliterator.forEachRemaining(Spliterators.java:992)
	at java.base/java.util.stream.AbstractPipeline.copyInto(AbstractPipeline.java:509)
	at java.base/java.util.stream.AbstractPipeline.wrapAndCopyInto(AbstractPipeline.java:499)
	at java.base/java.util.stream.ReduceOps$ReduceOp.evaluateSequential(ReduceOps.java:921)
	at java.base/java.util.stream.AbstractPipeline.evaluate(AbstractPipeline.java:234)
	at java.base/java.util.stream.ReferencePipeline.collect(ReferencePipeline.java:682)
	at it.unibz.inf.ontop.generation.DefaultSQLIQTree2NativeNodeGenerator.extractVariableTypeMap(DefaultSQLIQTree2NativeNodeGenerator.java:74)
	at it.unibz.inf.ontop.generation.DefaultSQLIQTree2NativeNodeGenerator.generate(DefaultSQLIQTree2NativeNodeGenerator.java:61)
	at it.unibz.inf.ontop.answering.reformulation.generation.impl.SQLGeneratorImpl.generateSourceQuery(SQLGeneratorImpl.java:156)
	at it.unibz.inf.ontop.answering.reformulation.generation.impl.SQLGeneratorImpl.generateSourceQuery(SQLGeneratorImpl.java:131)
	at it.unibz.inf.ontop.answering.reformulation.generation.impl.SQLGeneratorImpl.generateSourceQuery(SQLGeneratorImpl.java:111)
	at it.unibz.inf.ontop.answering.reformulation.impl.QuestQueryProcessor.generateExecutableQuery(QuestQueryProcessor.java:163)
	at it.unibz.inf.ontop.answering.reformulation.impl.QuestQueryProcessor.reformulateIntoNativeQuery(QuestQueryProcessor.java:123)
	... 3 common frames omitted
org.eclipse.rdf4j.query.QueryEvaluationException: it.unibz.inf.ontop.exception.OntopReformulationException: it.unibz.inf.ontop.exception.MinorOntopInternalBugException: Was expecting a unique and known DB term type to be extracted for the SQL variable id1m1
	at it.unibz.inf.ontop.rdf4j.query.impl.OntopBooleanQuery.evaluate(OntopBooleanQuery.java:40)
	at it.unibz.inf.ontop.endpoint.processor.SparqlQueryExecutor.executeQuery(SparqlQueryExecutor.java:77)
	at it.unibz.inf.ontop.endpoint.controllers.SparqlQueryController.query_get(SparqlQueryController.java:42)
	at jdk.internal.reflect.GeneratedMethodAccessor7.invoke(Unknown Source)
	at java.base/jdk.internal.reflect.DelegatingMethodAccessorImpl.invoke(DelegatingMethodAccessorImpl.java:43)
	at java.base/java.lang.reflect.Method.invoke(Method.java:569)
	at org.springframework.web.method.support.InvocableHandlerMethod.doInvoke(InvocableHandlerMethod.java:205)
	at org.springframework.web.method.support.InvocableHandlerMethod.invokeForRequest(InvocableHandlerMethod.java:150)
	at org.springframework.web.servlet.mvc.method.annotation.ServletInvocableHandlerMethod.invokeAndHandle(ServletInvocableHandlerMethod.java:117)
	at org.springframework.web.servlet.mvc.method.annotation.RequestMappingHandlerAdapter.invokeHandlerMethod(RequestMappingHandlerAdapter.java:895)
	at org.springframework.web.servlet.mvc.method.annotation.RequestMappingHandlerAdapter.handleInternal(RequestMappingHandlerAdapter.java:808)
	at org.springframework.web.servlet.mvc.method.AbstractHandlerMethodAdapter.handle(AbstractHandlerMethodAdapter.java:87)
	at org.springframework.web.servlet.DispatcherServlet.doDispatch(DispatcherServlet.java:1072)
	at org.springframework.web.servlet.DispatcherServlet.doService(DispatcherServlet.java:965)
	at org.springframework.web.servlet.FrameworkServlet.processRequest(FrameworkServlet.java:1006)
	at org.springframework.web.servlet.FrameworkServlet.doGet(FrameworkServlet.java:898)
	at javax.servlet.http.HttpServlet.service(HttpServlet.java:529)
	at org.springframework.web.servlet.FrameworkServlet.service(FrameworkServlet.java:883)
	at javax.servlet.http.HttpServlet.service(HttpServlet.java:623)
	at org.apache.catalina.core.ApplicationFilterChain.internalDoFilter(ApplicationFilterChain.java:197)
	at org.apache.catalina.core.ApplicationFilterChain.doFilter(ApplicationFilterChain.java:142)
	at org.apache.tomcat.websocket.server.WsFilter.doFilter(WsFilter.java:51)
	at org.apache.catalina.core.ApplicationFilterChain.internalDoFilter(ApplicationFilterChain.java:166)
	at org.apache.catalina.core.ApplicationFilterChain.doFilter(ApplicationFilterChain.java:142)
	at org.springframework.web.filter.RequestContextFilter.doFilterInternal(RequestContextFilter.java:100)
	at org.springframework.web.filter.OncePerRequestFilter.doFilter(OncePerRequestFilter.java:117)
	at org.apache.catalina.core.ApplicationFilterChain.internalDoFilter(ApplicationFilterChain.java:166)
	at org.apache.catalina.core.ApplicationFilterChain.doFilter(ApplicationFilterChain.java:142)
	at org.springframework.web.filter.FormContentFilter.doFilterInternal(FormContentFilter.java:93)
	at org.springframework.web.filter.OncePerRequestFilter.doFilter(OncePerRequestFilter.java:117)
	at org.apache.catalina.core.ApplicationFilterChain.internalDoFilter(ApplicationFilterChain.java:166)
	at org.apache.catalina.core.ApplicationFilterChain.doFilter(ApplicationFilterChain.java:142)
	at org.springframework.boot.actuate.metrics.web.servlet.WebMvcMetricsFilter.doFilterInternal(WebMvcMetricsFilter.java:96)
	at org.springframework.web.filter.OncePerRequestFilter.doFilter(OncePerRequestFilter.java:117)
	at org.apache.catalina.core.ApplicationFilterChain.internalDoFilter(ApplicationFilterChain.java:166)
	at org.apache.catalina.core.ApplicationFilterChain.doFilter(ApplicationFilterChain.java:142)
	at org.springframework.web.filter.CharacterEncodingFilter.doFilterInternal(CharacterEncodingFilter.java:201)
	at org.springframework.web.filter.OncePerRequestFilter.doFilter(OncePerRequestFilter.java:117)
	at org.apache.catalina.core.ApplicationFilterChain.internalDoFilter(ApplicationFilterChain.java:166)
	at org.apache.catalina.core.ApplicationFilterChain.doFilter(ApplicationFilterChain.java:142)
	at org.apache.catalina.core.StandardWrapperValve.invoke(StandardWrapperValve.java:166)
	at org.apache.catalina.core.StandardContextValve.invoke(StandardContextValve.java:88)
	at org.apache.catalina.authenticator.AuthenticatorBase.invoke(AuthenticatorBase.java:491)
	at org.apache.catalina.core.StandardHostValve.invoke(StandardHostValve.java:127)
	at org.apache.catalina.valves.ErrorReportValve.invoke(ErrorReportValve.java:83)
	at org.apache.catalina.core.StandardEngineValve.invoke(StandardEngineValve.java:72)
	at org.apache.catalina.connector.CoyoteAdapter.service(CoyoteAdapter.java:344)
	at org.apache.coyote.http11.Http11Processor.service(Http11Processor.java:398)
	at org.apache.coyote.AbstractProcessorLight.process(AbstractProcessorLight.java:63)
	at org.apache.coyote.AbstractProtocol$ConnectionHandler.process(AbstractProtocol.java:939)
	at org.apache.tomcat.util.net.NioEndpoint$SocketProcessor.doRun(NioEndpoint.java:1854)
	at org.apache.tomcat.util.net.SocketProcessorBase.run(SocketProcessorBase.java:52)
	at org.apache.tomcat.util.threads.ThreadPoolExecutor.runWorker(ThreadPoolExecutor.java:973)
	at org.apache.tomcat.util.threads.ThreadPoolExecutor$Worker.run(ThreadPoolExecutor.java:491)
	at org.apache.tomcat.util.threads.TaskThread$WrappingRunnable.run(TaskThread.java:63)
	at java.base/java.lang.Thread.run(Thread.java:840)
Caused by: it.unibz.inf.ontop.exception.OntopReformulationException: it.unibz.inf.ontop.exception.MinorOntopInternalBugException: Was expecting a unique and known DB term type to be extracted for the SQL variable id1m1
	at it.unibz.inf.ontop.answering.reformulation.impl.QuestQueryProcessor.reformulateIntoNativeQuery(QuestQueryProcessor.java:154)
	at it.unibz.inf.ontop.answering.connection.impl.QuestStatement.executeBooleanQuery(QuestStatement.java:148)
	at it.unibz.inf.ontop.answering.connection.impl.QuestStatement.lambda$execute$3(QuestStatement.java:227)
	at it.unibz.inf.ontop.answering.connection.impl.QuestStatement$QueryExecutionThread.run(QuestStatement.java:108)
Caused by: it.unibz.inf.ontop.exception.MinorOntopInternalBugException: Was expecting a unique and known DB term type to be extracted for the SQL variable id1m1
	at it.unibz.inf.ontop.generation.DefaultSQLIQTree2NativeNodeGenerator.lambda$extractUniqueKnownType$6(DefaultSQLIQTree2NativeNodeGenerator.java:84)
	at java.base/java.util.Optional.orElseThrow(Optional.java:403)
	at it.unibz.inf.ontop.generation.DefaultSQLIQTree2NativeNodeGenerator.extractUniqueKnownType(DefaultSQLIQTree2NativeNodeGenerator.java:84)
	at it.unibz.inf.ontop.generation.DefaultSQLIQTree2NativeNodeGenerator.lambda$extractVariableTypeMap$2(DefaultSQLIQTree2NativeNodeGenerator.java:76)
	at it.unibz.inf.ontop.utils.ImmutableCollectors.lambda$toMap$0(ImmutableCollectors.java:110)
	at java.base/java.util.stream.ReduceOps$3ReducingSink.accept(ReduceOps.java:169)
	at java.base/java.util.Spliterators$ArraySpliterator.forEachRemaining(Spliterators.java:992)
	at java.base/java.util.stream.AbstractPipeline.copyInto(AbstractPipeline.java:509)
	at java.base/java.util.stream.AbstractPipeline.wrapAndCopyInto(AbstractPipeline.java:499)
	at java.base/java.util.stream.ReduceOps$ReduceOp.evaluateSequential(ReduceOps.java:921)
	at java.base/java.util.stream.AbstractPipeline.evaluate(AbstractPipeline.java:234)
	at java.base/java.util.stream.ReferencePipeline.collect(ReferencePipeline.java:682)
	at it.unibz.inf.ontop.generation.DefaultSQLIQTree2NativeNodeGenerator.extractVariableTypeMap(DefaultSQLIQTree2NativeNodeGenerator.java:74)
	at it.unibz.inf.ontop.generation.DefaultSQLIQTree2NativeNodeGenerator.generate(DefaultSQLIQTree2NativeNodeGenerator.java:61)
	at it.unibz.inf.ontop.answering.reformulation.generation.impl.SQLGeneratorImpl.generateSourceQuery(SQLGeneratorImpl.java:156)
	at it.unibz.inf.ontop.answering.reformulation.generation.impl.SQLGeneratorImpl.generateSourceQuery(SQLGeneratorImpl.java:131)
	at it.unibz.inf.ontop.answering.reformulation.generation.impl.SQLGeneratorImpl.generateSourceQuery(SQLGeneratorImpl.java:111)
	at it.unibz.inf.ontop.answering.reformulation.impl.QuestQueryProcessor.generateExecutableQuery(QuestQueryProcessor.java:163)
	at it.unibz.inf.ontop.answering.reformulation.impl.QuestQueryProcessor.reformulateIntoNativeQuery(QuestQueryProcessor.java:123)
	... 3 more
12:11:01.406 |-WARN  in i.u.i.o.a.r.impl.QuestQueryProcessor - Unexpected exception: Was expecting a unique and known DB term type to be extracted for the SQL variable id1m1
it.unibz.inf.ontop.exception.MinorOntopInternalBugException: Was expecting a unique and known DB term type to be extracted for the SQL variable id1m1
	at it.unibz.inf.ontop.generation.DefaultSQLIQTree2NativeNodeGenerator.lambda$extractUniqueKnownType$6(DefaultSQLIQTree2NativeNodeGenerator.java:84)
	at java.base/java.util.Optional.orElseThrow(Optional.java:403)
	at it.unibz.inf.ontop.generation.DefaultSQLIQTree2NativeNodeGenerator.extractUniqueKnownType(DefaultSQLIQTree2NativeNodeGenerator.java:84)
	at it.unibz.inf.ontop.generation.DefaultSQLIQTree2NativeNodeGenerator.lambda$extractVariableTypeMap$2(DefaultSQLIQTree2NativeNodeGenerator.java:76)
	at it.unibz.inf.ontop.utils.ImmutableCollectors.lambda$toMap$0(ImmutableCollectors.java:110)
	at java.base/java.util.stream.ReduceOps$3ReducingSink.accept(ReduceOps.java:169)
	at java.base/java.util.Spliterators$ArraySpliterator.forEachRemaining(Spliterators.java:992)
	at java.base/java.util.stream.AbstractPipeline.copyInto(AbstractPipeline.java:509)
	at java.base/java.util.stream.AbstractPipeline.wrapAndCopyInto(AbstractPipeline.java:499)
	at java.base/java.util.stream.ReduceOps$ReduceOp.evaluateSequential(ReduceOps.java:921)
	at java.base/java.util.stream.AbstractPipeline.evaluate(AbstractPipeline.java:234)
	at java.base/java.util.stream.ReferencePipeline.collect(ReferencePipeline.java:682)
	at it.unibz.inf.ontop.generation.DefaultSQLIQTree2NativeNodeGenerator.extractVariableTypeMap(DefaultSQLIQTree2NativeNodeGenerator.java:74)
	at it.unibz.inf.ontop.generation.DefaultSQLIQTree2NativeNodeGenerator.generate(DefaultSQLIQTree2NativeNodeGenerator.java:61)
	at it.unibz.inf.ontop.answering.reformulation.generation.impl.SQLGeneratorImpl.generateSourceQuery(SQLGeneratorImpl.java:156)
	at it.unibz.inf.ontop.answering.reformulation.generation.impl.SQLGeneratorImpl.generateSourceQuery(SQLGeneratorImpl.java:131)
	at it.unibz.inf.ontop.answering.reformulation.generation.impl.SQLGeneratorImpl.generateSourceQuery(SQLGeneratorImpl.java:111)
	at it.unibz.inf.ontop.answering.reformulation.impl.QuestQueryProcessor.generateExecutableQuery(QuestQueryProcessor.java:163)
	at it.unibz.inf.ontop.answering.reformulation.impl.QuestQueryProcessor.reformulateIntoNativeQuery(QuestQueryProcessor.java:123)
	at it.unibz.inf.ontop.answering.connection.impl.QuestStatement.executeBooleanQuery(QuestStatement.java:148)
	at it.unibz.inf.ontop.answering.connection.impl.QuestStatement.lambda$execute$3(QuestStatement.java:227)
	at it.unibz.inf.ontop.answering.connection.impl.QuestStatement$QueryExecutionThread.run(QuestStatement.java:108)
12:11:01.406 |-ERROR in i.u.i.o.a.c.impl.QuestStatement - it.unibz.inf.ontop.exception.MinorOntopInternalBugException: Was expecting a unique and known DB term type to be extracted for the SQL variable id1m1
it.unibz.inf.ontop.exception.OntopReformulationException: it.unibz.inf.ontop.exception.MinorOntopInternalBugException: Was expecting a unique and known DB term type to be extracted for the SQL variable id1m1
	at it.unibz.inf.ontop.answering.reformulation.impl.QuestQueryProcessor.reformulateIntoNativeQuery(QuestQueryProcessor.java:154)
	at it.unibz.inf.ontop.answering.connection.impl.QuestStatement.executeBooleanQuery(QuestStatement.java:148)
	at it.unibz.inf.ontop.answering.connection.impl.QuestStatement.lambda$execute$3(QuestStatement.java:227)
	at it.unibz.inf.ontop.answering.connection.impl.QuestStatement$QueryExecutionThread.run(QuestStatement.java:108)
Caused by: it.unibz.inf.ontop.exception.MinorOntopInternalBugException: Was expecting a unique and known DB term type to be extracted for the SQL variable id1m1
	at it.unibz.inf.ontop.generation.DefaultSQLIQTree2NativeNodeGenerator.lambda$extractUniqueKnownType$6(DefaultSQLIQTree2NativeNodeGenerator.java:84)
	at java.base/java.util.Optional.orElseThrow(Optional.java:403)
	at it.unibz.inf.ontop.generation.DefaultSQLIQTree2NativeNodeGenerator.extractUniqueKnownType(DefaultSQLIQTree2NativeNodeGenerator.java:84)
	at it.unibz.inf.ontop.generation.DefaultSQLIQTree2NativeNodeGenerator.lambda$extractVariableTypeMap$2(DefaultSQLIQTree2NativeNodeGenerator.java:76)
	at it.unibz.inf.ontop.utils.ImmutableCollectors.lambda$toMap$0(ImmutableCollectors.java:110)
	at java.base/java.util.stream.ReduceOps$3ReducingSink.accept(ReduceOps.java:169)
	at java.base/java.util.Spliterators$ArraySpliterator.forEachRemaining(Spliterators.java:992)
	at java.base/java.util.stream.AbstractPipeline.copyInto(AbstractPipeline.java:509)
	at java.base/java.util.stream.AbstractPipeline.wrapAndCopyInto(AbstractPipeline.java:499)
	at java.base/java.util.stream.ReduceOps$ReduceOp.evaluateSequential(ReduceOps.java:921)
	at java.base/java.util.stream.AbstractPipeline.evaluate(AbstractPipeline.java:234)
	at java.base/java.util.stream.ReferencePipeline.collect(ReferencePipeline.java:682)
	at it.unibz.inf.ontop.generation.DefaultSQLIQTree2NativeNodeGenerator.extractVariableTypeMap(DefaultSQLIQTree2NativeNodeGenerator.java:74)
	at it.unibz.inf.ontop.generation.DefaultSQLIQTree2NativeNodeGenerator.generate(DefaultSQLIQTree2NativeNodeGenerator.java:61)
	at it.unibz.inf.ontop.answering.reformulation.generation.impl.SQLGeneratorImpl.generateSourceQuery(SQLGeneratorImpl.java:156)
	at it.unibz.inf.ontop.answering.reformulation.generation.impl.SQLGeneratorImpl.generateSourceQuery(SQLGeneratorImpl.java:131)
	at it.unibz.inf.ontop.answering.reformulation.generation.impl.SQLGeneratorImpl.generateSourceQuery(SQLGeneratorImpl.java:111)
	at it.unibz.inf.ontop.answering.reformulation.impl.QuestQueryProcessor.generateExecutableQuery(QuestQueryProcessor.java:163)
	at it.unibz.inf.ontop.answering.reformulation.impl.QuestQueryProcessor.reformulateIntoNativeQuery(QuestQueryProcessor.java:123)
	... 3 common frames omitted
org.eclipse.rdf4j.query.QueryEvaluationException: it.unibz.inf.ontop.exception.OntopReformulationException: it.unibz.inf.ontop.exception.MinorOntopInternalBugException: Was expecting a unique and known DB term type to be extracted for the SQL variable id1m1
	at it.unibz.inf.ontop.rdf4j.query.impl.OntopBooleanQuery.evaluate(OntopBooleanQuery.java:40)
	at it.unibz.inf.ontop.endpoint.processor.SparqlQueryExecutor.executeQuery(SparqlQueryExecutor.java:77)
	at it.unibz.inf.ontop.endpoint.controllers.SparqlQueryController.query_get(SparqlQueryController.java:42)
	at jdk.internal.reflect.GeneratedMethodAccessor7.invoke(Unknown Source)
	at java.base/jdk.internal.reflect.DelegatingMethodAccessorImpl.invoke(DelegatingMethodAccessorImpl.java:43)
	at java.base/java.lang.reflect.Method.invoke(Method.java:569)
	at org.springframework.web.method.support.InvocableHandlerMethod.doInvoke(InvocableHandlerMethod.java:205)
	at org.springframework.web.method.support.InvocableHandlerMethod.invokeForRequest(InvocableHandlerMethod.java:150)
	at org.springframework.web.servlet.mvc.method.annotation.ServletInvocableHandlerMethod.invokeAndHandle(ServletInvocableHandlerMethod.java:117)
	at org.springframework.web.servlet.mvc.method.annotation.RequestMappingHandlerAdapter.invokeHandlerMethod(RequestMappingHandlerAdapter.java:895)
	at org.springframework.web.servlet.mvc.method.annotation.RequestMappingHandlerAdapter.handleInternal(RequestMappingHandlerAdapter.java:808)
	at org.springframework.web.servlet.mvc.method.AbstractHandlerMethodAdapter.handle(AbstractHandlerMethodAdapter.java:87)
	at org.springframework.web.servlet.DispatcherServlet.doDispatch(DispatcherServlet.java:1072)
	at org.springframework.web.servlet.DispatcherServlet.doService(DispatcherServlet.java:965)
	at org.springframework.web.servlet.FrameworkServlet.processRequest(FrameworkServlet.java:1006)
	at org.springframework.web.servlet.FrameworkServlet.doGet(FrameworkServlet.java:898)
	at javax.servlet.http.HttpServlet.service(HttpServlet.java:529)
	at org.springframework.web.servlet.FrameworkServlet.service(FrameworkServlet.java:883)
	at javax.servlet.http.HttpServlet.service(HttpServlet.java:623)
	at org.apache.catalina.core.ApplicationFilterChain.internalDoFilter(ApplicationFilterChain.java:197)
	at org.apache.catalina.core.ApplicationFilterChain.doFilter(ApplicationFilterChain.java:142)
	at org.apache.tomcat.websocket.server.WsFilter.doFilter(WsFilter.java:51)
	at org.apache.catalina.core.ApplicationFilterChain.internalDoFilter(ApplicationFilterChain.java:166)
	at org.apache.catalina.core.ApplicationFilterChain.doFilter(ApplicationFilterChain.java:142)
	at org.springframework.web.filter.RequestContextFilter.doFilterInternal(RequestContextFilter.java:100)
	at org.springframework.web.filter.OncePerRequestFilter.doFilter(OncePerRequestFilter.java:117)
	at org.apache.catalina.core.ApplicationFilterChain.internalDoFilter(ApplicationFilterChain.java:166)
	at org.apache.catalina.core.ApplicationFilterChain.doFilter(ApplicationFilterChain.java:142)
	at org.springframework.web.filter.FormContentFilter.doFilterInternal(FormContentFilter.java:93)
	at org.springframework.web.filter.OncePerRequestFilter.doFilter(OncePerRequestFilter.java:117)
	at org.apache.catalina.core.ApplicationFilterChain.internalDoFilter(ApplicationFilterChain.java:166)
	at org.apache.catalina.core.ApplicationFilterChain.doFilter(ApplicationFilterChain.java:142)
	at org.springframework.boot.actuate.metrics.web.servlet.WebMvcMetricsFilter.doFilterInternal(WebMvcMetricsFilter.java:96)
	at org.springframework.web.filter.OncePerRequestFilter.doFilter(OncePerRequestFilter.java:117)
	at org.apache.catalina.core.ApplicationFilterChain.internalDoFilter(ApplicationFilterChain.java:166)
	at org.apache.catalina.core.ApplicationFilterChain.doFilter(ApplicationFilterChain.java:142)
	at org.springframework.web.filter.CharacterEncodingFilter.doFilterInternal(CharacterEncodingFilter.java:201)
	at org.springframework.web.filter.OncePerRequestFilter.doFilter(OncePerRequestFilter.java:117)
	at org.apache.catalina.core.ApplicationFilterChain.internalDoFilter(ApplicationFilterChain.java:166)
	at org.apache.catalina.core.ApplicationFilterChain.doFilter(ApplicationFilterChain.java:142)
	at org.apache.catalina.core.StandardWrapperValve.invoke(StandardWrapperValve.java:166)
	at org.apache.catalina.core.StandardContextValve.invoke(StandardContextValve.java:88)
	at org.apache.catalina.authenticator.AuthenticatorBase.invoke(AuthenticatorBase.java:491)
	at org.apache.catalina.core.StandardHostValve.invoke(StandardHostValve.java:127)
	at org.apache.catalina.valves.ErrorReportValve.invoke(ErrorReportValve.java:83)
	at org.apache.catalina.core.StandardEngineValve.invoke(StandardEngineValve.java:72)
	at org.apache.catalina.connector.CoyoteAdapter.service(CoyoteAdapter.java:344)
	at org.apache.coyote.http11.Http11Processor.service(Http11Processor.java:398)
	at org.apache.coyote.AbstractProcessorLight.process(AbstractProcessorLight.java:63)
	at org.apache.coyote.AbstractProtocol$ConnectionHandler.process(AbstractProtocol.java:939)
	at org.apache.tomcat.util.net.NioEndpoint$SocketProcessor.doRun(NioEndpoint.java:1854)
	at org.apache.tomcat.util.net.SocketProcessorBase.run(SocketProcessorBase.java:52)
	at org.apache.tomcat.util.threads.ThreadPoolExecutor.runWorker(ThreadPoolExecutor.java:973)
	at org.apache.tomcat.util.threads.ThreadPoolExecutor$Worker.run(ThreadPoolExecutor.java:491)
	at org.apache.tomcat.util.threads.TaskThread$WrappingRunnable.run(TaskThread.java:63)
	at java.base/java.lang.Thread.run(Thread.java:840)
Caused by: it.unibz.inf.ontop.exception.OntopReformulationException: it.unibz.inf.ontop.exception.MinorOntopInternalBugException: Was expecting a unique and known DB term type to be extracted for the SQL variable id1m1
	at it.unibz.inf.ontop.answering.reformulation.impl.QuestQueryProcessor.reformulateIntoNativeQuery(QuestQueryProcessor.java:154)
	at it.unibz.inf.ontop.answering.connection.impl.QuestStatement.executeBooleanQuery(QuestStatement.java:148)
	at it.unibz.inf.ontop.answering.connection.impl.QuestStatement.lambda$execute$3(QuestStatement.java:227)
	at it.unibz.inf.ontop.answering.connection.impl.QuestStatement$QueryExecutionThread.run(QuestStatement.java:108)
Caused by: it.unibz.inf.ontop.exception.MinorOntopInternalBugException: Was expecting a unique and known DB term type to be extracted for the SQL variable id1m1
	at it.unibz.inf.ontop.generation.DefaultSQLIQTree2NativeNodeGenerator.lambda$extractUniqueKnownType$6(DefaultSQLIQTree2NativeNodeGenerator.java:84)
	at java.base/java.util.Optional.orElseThrow(Optional.java:403)
	at it.unibz.inf.ontop.generation.DefaultSQLIQTree2NativeNodeGenerator.extractUniqueKnownType(DefaultSQLIQTree2NativeNodeGenerator.java:84)
	at it.unibz.inf.ontop.generation.DefaultSQLIQTree2NativeNodeGenerator.lambda$extractVariableTypeMap$2(DefaultSQLIQTree2NativeNodeGenerator.java:76)
	at it.unibz.inf.ontop.utils.ImmutableCollectors.lambda$toMap$0(ImmutableCollectors.java:110)
	at java.base/java.util.stream.ReduceOps$3ReducingSink.accept(ReduceOps.java:169)
	at java.base/java.util.Spliterators$ArraySpliterator.forEachRemaining(Spliterators.java:992)
	at java.base/java.util.stream.AbstractPipeline.copyInto(AbstractPipeline.java:509)
	at java.base/java.util.stream.AbstractPipeline.wrapAndCopyInto(AbstractPipeline.java:499)
	at java.base/java.util.stream.ReduceOps$ReduceOp.evaluateSequential(ReduceOps.java:921)
	at java.base/java.util.stream.AbstractPipeline.evaluate(AbstractPipeline.java:234)
	at java.base/java.util.stream.ReferencePipeline.collect(ReferencePipeline.java:682)
	at it.unibz.inf.ontop.generation.DefaultSQLIQTree2NativeNodeGenerator.extractVariableTypeMap(DefaultSQLIQTree2NativeNodeGenerator.java:74)
	at it.unibz.inf.ontop.generation.DefaultSQLIQTree2NativeNodeGenerator.generate(DefaultSQLIQTree2NativeNodeGenerator.java:61)
	at it.unibz.inf.ontop.answering.reformulation.generation.impl.SQLGeneratorImpl.generateSourceQuery(SQLGeneratorImpl.java:156)
	at it.unibz.inf.ontop.answering.reformulation.generation.impl.SQLGeneratorImpl.generateSourceQuery(SQLGeneratorImpl.java:131)
	at it.unibz.inf.ontop.answering.reformulation.generation.impl.SQLGeneratorImpl.generateSourceQuery(SQLGeneratorImpl.java:111)
	at it.unibz.inf.ontop.answering.reformulation.impl.QuestQueryProcessor.generateExecutableQuery(QuestQueryProcessor.java:163)
	at it.unibz.inf.ontop.answering.reformulation.impl.QuestQueryProcessor.reformulateIntoNativeQuery(QuestQueryProcessor.java:123)
	... 3 more
12:11:02.452 |-WARN  in i.u.i.o.a.r.impl.QuestQueryProcessor - Unexpected exception: Was expecting a unique and known DB term type to be extracted for the SQL variable id1m1
it.unibz.inf.ontop.exception.MinorOntopInternalBugException: Was expecting a unique and known DB term type to be extracted for the SQL variable id1m1
	at it.unibz.inf.ontop.generation.DefaultSQLIQTree2NativeNodeGenerator.lambda$extractUniqueKnownType$6(DefaultSQLIQTree2NativeNodeGenerator.java:84)
	at java.base/java.util.Optional.orElseThrow(Optional.java:403)
	at it.unibz.inf.ontop.generation.DefaultSQLIQTree2NativeNodeGenerator.extractUniqueKnownType(DefaultSQLIQTree2NativeNodeGenerator.java:84)
	at it.unibz.inf.ontop.generation.DefaultSQLIQTree2NativeNodeGenerator.lambda$extractVariableTypeMap$2(DefaultSQLIQTree2NativeNodeGenerator.java:76)
	at it.unibz.inf.ontop.utils.ImmutableCollectors.lambda$toMap$0(ImmutableCollectors.java:110)
	at java.base/java.util.stream.ReduceOps$3ReducingSink.accept(ReduceOps.java:169)
	at java.base/java.util.Spliterators$ArraySpliterator.forEachRemaining(Spliterators.java:992)
	at java.base/java.util.stream.AbstractPipeline.copyInto(AbstractPipeline.java:509)
	at java.base/java.util.stream.AbstractPipeline.wrapAndCopyInto(AbstractPipeline.java:499)
	at java.base/java.util.stream.ReduceOps$ReduceOp.evaluateSequential(ReduceOps.java:921)
	at java.base/java.util.stream.AbstractPipeline.evaluate(AbstractPipeline.java:234)
	at java.base/java.util.stream.ReferencePipeline.collect(ReferencePipeline.java:682)
	at it.unibz.inf.ontop.generation.DefaultSQLIQTree2NativeNodeGenerator.extractVariableTypeMap(DefaultSQLIQTree2NativeNodeGenerator.java:74)
	at it.unibz.inf.ontop.generation.DefaultSQLIQTree2NativeNodeGenerator.generate(DefaultSQLIQTree2NativeNodeGenerator.java:61)
	at it.unibz.inf.ontop.answering.reformulation.generation.impl.SQLGeneratorImpl.generateSourceQuery(SQLGeneratorImpl.java:156)
	at it.unibz.inf.ontop.answering.reformulation.generation.impl.SQLGeneratorImpl.generateSourceQuery(SQLGeneratorImpl.java:131)
	at it.unibz.inf.ontop.answering.reformulation.generation.impl.SQLGeneratorImpl.generateSourceQuery(SQLGeneratorImpl.java:111)
	at it.unibz.inf.ontop.answering.reformulation.impl.QuestQueryProcessor.generateExecutableQuery(QuestQueryProcessor.java:163)
	at it.unibz.inf.ontop.answering.reformulation.impl.QuestQueryProcessor.reformulateIntoNativeQuery(QuestQueryProcessor.java:123)
	at it.unibz.inf.ontop.answering.connection.impl.QuestStatement.executeBooleanQuery(QuestStatement.java:148)
	at it.unibz.inf.ontop.answering.connection.impl.QuestStatement.lambda$execute$3(QuestStatement.java:227)
	at it.unibz.inf.ontop.answering.connection.impl.QuestStatement$QueryExecutionThread.run(QuestStatement.java:108)
12:11:02.453 |-ERROR in i.u.i.o.a.c.impl.QuestStatement - it.unibz.inf.ontop.exception.MinorOntopInternalBugException: Was expecting a unique and known DB term type to be extracted for the SQL variable id1m1
it.unibz.inf.ontop.exception.OntopReformulationException: it.unibz.inf.ontop.exception.MinorOntopInternalBugException: Was expecting a unique and known DB term type to be extracted for the SQL variable id1m1
	at it.unibz.inf.ontop.answering.reformulation.impl.QuestQueryProcessor.reformulateIntoNativeQuery(QuestQueryProcessor.java:154)
	at it.unibz.inf.ontop.answering.connection.impl.QuestStatement.executeBooleanQuery(QuestStatement.java:148)
	at it.unibz.inf.ontop.answering.connection.impl.QuestStatement.lambda$execute$3(QuestStatement.java:227)
	at it.unibz.inf.ontop.answering.connection.impl.QuestStatement$QueryExecutionThread.run(QuestStatement.java:108)
Caused by: it.unibz.inf.ontop.exception.MinorOntopInternalBugException: Was expecting a unique and known DB term type to be extracted for the SQL variable id1m1
	at it.unibz.inf.ontop.generation.DefaultSQLIQTree2NativeNodeGenerator.lambda$extractUniqueKnownType$6(DefaultSQLIQTree2NativeNodeGenerator.java:84)
	at java.base/java.util.Optional.orElseThrow(Optional.java:403)
	at it.unibz.inf.ontop.generation.DefaultSQLIQTree2NativeNodeGenerator.extractUniqueKnownType(DefaultSQLIQTree2NativeNodeGenerator.java:84)
	at it.unibz.inf.ontop.generation.DefaultSQLIQTree2NativeNodeGenerator.lambda$extractVariableTypeMap$2(DefaultSQLIQTree2NativeNodeGenerator.java:76)
	at it.unibz.inf.ontop.utils.ImmutableCollectors.lambda$toMap$0(ImmutableCollectors.java:110)
	at java.base/java.util.stream.ReduceOps$3ReducingSink.accept(ReduceOps.java:169)
	at java.base/java.util.Spliterators$ArraySpliterator.forEachRemaining(Spliterators.java:992)
	at java.base/java.util.stream.AbstractPipeline.copyInto(AbstractPipeline.java:509)
	at java.base/java.util.stream.AbstractPipeline.wrapAndCopyInto(AbstractPipeline.java:499)
	at java.base/java.util.stream.ReduceOps$ReduceOp.evaluateSequential(ReduceOps.java:921)
	at java.base/java.util.stream.AbstractPipeline.evaluate(AbstractPipeline.java:234)
	at java.base/java.util.stream.ReferencePipeline.collect(ReferencePipeline.java:682)
	at it.unibz.inf.ontop.generation.DefaultSQLIQTree2NativeNodeGenerator.extractVariableTypeMap(DefaultSQLIQTree2NativeNodeGenerator.java:74)
	at it.unibz.inf.ontop.generation.DefaultSQLIQTree2NativeNodeGenerator.generate(DefaultSQLIQTree2NativeNodeGenerator.java:61)
	at it.unibz.inf.ontop.answering.reformulation.generation.impl.SQLGeneratorImpl.generateSourceQuery(SQLGeneratorImpl.java:156)
	at it.unibz.inf.ontop.answering.reformulation.generation.impl.SQLGeneratorImpl.generateSourceQuery(SQLGeneratorImpl.java:131)
	at it.unibz.inf.ontop.answering.reformulation.generation.impl.SQLGeneratorImpl.generateSourceQuery(SQLGeneratorImpl.java:111)
	at it.unibz.inf.ontop.answering.reformulation.impl.QuestQueryProcessor.generateExecutableQuery(QuestQueryProcessor.java:163)
	at it.unibz.inf.ontop.answering.reformulation.impl.QuestQueryProcessor.reformulateIntoNativeQuery(QuestQueryProcessor.java:123)
	... 3 common frames omitted
org.eclipse.rdf4j.query.QueryEvaluationException: it.unibz.inf.ontop.exception.OntopReformulationException: it.unibz.inf.ontop.exception.MinorOntopInternalBugException: Was expecting a unique and known DB term type to be extracted for the SQL variable id1m1
	at it.unibz.inf.ontop.rdf4j.query.impl.OntopBooleanQuery.evaluate(OntopBooleanQuery.java:40)
	at it.unibz.inf.ontop.endpoint.processor.SparqlQueryExecutor.executeQuery(SparqlQueryExecutor.java:77)
	at it.unibz.inf.ontop.endpoint.controllers.SparqlQueryController.query_get(SparqlQueryController.java:42)
	at jdk.internal.reflect.GeneratedMethodAccessor7.invoke(Unknown Source)
	at java.base/jdk.internal.reflect.DelegatingMethodAccessorImpl.invoke(DelegatingMethodAccessorImpl.java:43)
	at java.base/java.lang.reflect.Method.invoke(Method.java:569)
	at org.springframework.web.method.support.InvocableHandlerMethod.doInvoke(InvocableHandlerMethod.java:205)
	at org.springframework.web.method.support.InvocableHandlerMethod.invokeForRequest(InvocableHandlerMethod.java:150)
	at org.springframework.web.servlet.mvc.method.annotation.ServletInvocableHandlerMethod.invokeAndHandle(ServletInvocableHandlerMethod.java:117)
	at org.springframework.web.servlet.mvc.method.annotation.RequestMappingHandlerAdapter.invokeHandlerMethod(RequestMappingHandlerAdapter.java:895)
	at org.springframework.web.servlet.mvc.method.annotation.RequestMappingHandlerAdapter.handleInternal(RequestMappingHandlerAdapter.java:808)
	at org.springframework.web.servlet.mvc.method.AbstractHandlerMethodAdapter.handle(AbstractHandlerMethodAdapter.java:87)
	at org.springframework.web.servlet.DispatcherServlet.doDispatch(DispatcherServlet.java:1072)
	at org.springframework.web.servlet.DispatcherServlet.doService(DispatcherServlet.java:965)
	at org.springframework.web.servlet.FrameworkServlet.processRequest(FrameworkServlet.java:1006)
	at org.springframework.web.servlet.FrameworkServlet.doGet(FrameworkServlet.java:898)
	at javax.servlet.http.HttpServlet.service(HttpServlet.java:529)
	at org.springframework.web.servlet.FrameworkServlet.service(FrameworkServlet.java:883)
	at javax.servlet.http.HttpServlet.service(HttpServlet.java:623)
	at org.apache.catalina.core.ApplicationFilterChain.internalDoFilter(ApplicationFilterChain.java:197)
	at org.apache.catalina.core.ApplicationFilterChain.doFilter(ApplicationFilterChain.java:142)
	at org.apache.tomcat.websocket.server.WsFilter.doFilter(WsFilter.java:51)
	at org.apache.catalina.core.ApplicationFilterChain.internalDoFilter(ApplicationFilterChain.java:166)
	at org.apache.catalina.core.ApplicationFilterChain.doFilter(ApplicationFilterChain.java:142)
	at org.springframework.web.filter.RequestContextFilter.doFilterInternal(RequestContextFilter.java:100)
	at org.springframework.web.filter.OncePerRequestFilter.doFilter(OncePerRequestFilter.java:117)
	at org.apache.catalina.core.ApplicationFilterChain.internalDoFilter(ApplicationFilterChain.java:166)
	at org.apache.catalina.core.ApplicationFilterChain.doFilter(ApplicationFilterChain.java:142)
	at org.springframework.web.filter.FormContentFilter.doFilterInternal(FormContentFilter.java:93)
	at org.springframework.web.filter.OncePerRequestFilter.doFilter(OncePerRequestFilter.java:117)
	at org.apache.catalina.core.ApplicationFilterChain.internalDoFilter(ApplicationFilterChain.java:166)
	at org.apache.catalina.core.ApplicationFilterChain.doFilter(ApplicationFilterChain.java:142)
	at org.springframework.boot.actuate.metrics.web.servlet.WebMvcMetricsFilter.doFilterInternal(WebMvcMetricsFilter.java:96)
	at org.springframework.web.filter.OncePerRequestFilter.doFilter(OncePerRequestFilter.java:117)
	at org.apache.catalina.core.ApplicationFilterChain.internalDoFilter(ApplicationFilterChain.java:166)
	at org.apache.catalina.core.ApplicationFilterChain.doFilter(ApplicationFilterChain.java:142)
	at org.springframework.web.filter.CharacterEncodingFilter.doFilterInternal(CharacterEncodingFilter.java:201)
	at org.springframework.web.filter.OncePerRequestFilter.doFilter(OncePerRequestFilter.java:117)
	at org.apache.catalina.core.ApplicationFilterChain.internalDoFilter(ApplicationFilterChain.java:166)
	at org.apache.catalina.core.ApplicationFilterChain.doFilter(ApplicationFilterChain.java:142)
	at org.apache.catalina.core.StandardWrapperValve.invoke(StandardWrapperValve.java:166)
	at org.apache.catalina.core.StandardContextValve.invoke(StandardContextValve.java:88)
	at org.apache.catalina.authenticator.AuthenticatorBase.invoke(AuthenticatorBase.java:491)
	at org.apache.catalina.core.StandardHostValve.invoke(StandardHostValve.java:127)
	at org.apache.catalina.valves.ErrorReportValve.invoke(ErrorReportValve.java:83)
	at org.apache.catalina.core.StandardEngineValve.invoke(StandardEngineValve.java:72)
	at org.apache.catalina.connector.CoyoteAdapter.service(CoyoteAdapter.java:344)
	at org.apache.coyote.http11.Http11Processor.service(Http11Processor.java:398)
	at org.apache.coyote.AbstractProcessorLight.process(AbstractProcessorLight.java:63)
	at org.apache.coyote.AbstractProtocol$ConnectionHandler.process(AbstractProtocol.java:939)
	at org.apache.tomcat.util.net.NioEndpoint$SocketProcessor.doRun(NioEndpoint.java:1854)
	at org.apache.tomcat.util.net.SocketProcessorBase.run(SocketProcessorBase.java:52)
	at org.apache.tomcat.util.threads.ThreadPoolExecutor.runWorker(ThreadPoolExecutor.java:973)
	at org.apache.tomcat.util.threads.ThreadPoolExecutor$Worker.run(ThreadPoolExecutor.java:491)
	at org.apache.tomcat.util.threads.TaskThread$WrappingRunnable.run(TaskThread.java:63)
	at java.base/java.lang.Thread.run(Thread.java:840)
Caused by: it.unibz.inf.ontop.exception.OntopReformulationException: it.unibz.inf.ontop.exception.MinorOntopInternalBugException: Was expecting a unique and known DB term type to be extracted for the SQL variable id1m1
	at it.unibz.inf.ontop.answering.reformulation.impl.QuestQueryProcessor.reformulateIntoNativeQuery(QuestQueryProcessor.java:154)
	at it.unibz.inf.ontop.answering.connection.impl.QuestStatement.executeBooleanQuery(QuestStatement.java:148)
	at it.unibz.inf.ontop.answering.connection.impl.QuestStatement.lambda$execute$3(QuestStatement.java:227)
	at it.unibz.inf.ontop.answering.connection.impl.QuestStatement$QueryExecutionThread.run(QuestStatement.java:108)
Caused by: it.unibz.inf.ontop.exception.MinorOntopInternalBugException: Was expecting a unique and known DB term type to be extracted for the SQL variable id1m1
	at it.unibz.inf.ontop.generation.DefaultSQLIQTree2NativeNodeGenerator.lambda$extractUniqueKnownType$6(DefaultSQLIQTree2NativeNodeGenerator.java:84)
	at java.base/java.util.Optional.orElseThrow(Optional.java:403)
	at it.unibz.inf.ontop.generation.DefaultSQLIQTree2NativeNodeGenerator.extractUniqueKnownType(DefaultSQLIQTree2NativeNodeGenerator.java:84)
	at it.unibz.inf.ontop.generation.DefaultSQLIQTree2NativeNodeGenerator.lambda$extractVariableTypeMap$2(DefaultSQLIQTree2NativeNodeGenerator.java:76)
	at it.unibz.inf.ontop.utils.ImmutableCollectors.lambda$toMap$0(ImmutableCollectors.java:110)
	at java.base/java.util.stream.ReduceOps$3ReducingSink.accept(ReduceOps.java:169)
	at java.base/java.util.Spliterators$ArraySpliterator.forEachRemaining(Spliterators.java:992)
	at java.base/java.util.stream.AbstractPipeline.copyInto(AbstractPipeline.java:509)
	at java.base/java.util.stream.AbstractPipeline.wrapAndCopyInto(AbstractPipeline.java:499)
	at java.base/java.util.stream.ReduceOps$ReduceOp.evaluateSequential(ReduceOps.java:921)
	at java.base/java.util.stream.AbstractPipeline.evaluate(AbstractPipeline.java:234)
	at java.base/java.util.stream.ReferencePipeline.collect(ReferencePipeline.java:682)
	at it.unibz.inf.ontop.generation.DefaultSQLIQTree2NativeNodeGenerator.extractVariableTypeMap(DefaultSQLIQTree2NativeNodeGenerator.java:74)
	at it.unibz.inf.ontop.generation.DefaultSQLIQTree2NativeNodeGenerator.generate(DefaultSQLIQTree2NativeNodeGenerator.java:61)
	at it.unibz.inf.ontop.answering.reformulation.generation.impl.SQLGeneratorImpl.generateSourceQuery(SQLGeneratorImpl.java:156)
	at it.unibz.inf.ontop.answering.reformulation.generation.impl.SQLGeneratorImpl.generateSourceQuery(SQLGeneratorImpl.java:131)
	at it.unibz.inf.ontop.answering.reformulation.generation.impl.SQLGeneratorImpl.generateSourceQuery(SQLGeneratorImpl.java:111)
	at it.unibz.inf.ontop.answering.reformulation.impl.QuestQueryProcessor.generateExecutableQuery(QuestQueryProcessor.java:163)
	at it.unibz.inf.ontop.answering.reformulation.impl.QuestQueryProcessor.reformulateIntoNativeQuery(QuestQueryProcessor.java:123)
	... 3 more
12:11:03.499 |-WARN  in i.u.i.o.a.r.impl.QuestQueryProcessor - Unexpected exception: Was expecting a unique and known DB term type to be extracted for the SQL variable id1m1
it.unibz.inf.ontop.exception.MinorOntopInternalBugException: Was expecting a unique and known DB term type to be extracted for the SQL variable id1m1
	at it.unibz.inf.ontop.generation.DefaultSQLIQTree2NativeNodeGenerator.lambda$extractUniqueKnownType$6(DefaultSQLIQTree2NativeNodeGenerator.java:84)
	at java.base/java.util.Optional.orElseThrow(Optional.java:403)
	at it.unibz.inf.ontop.generation.DefaultSQLIQTree2NativeNodeGenerator.extractUniqueKnownType(DefaultSQLIQTree2NativeNodeGenerator.java:84)
	at it.unibz.inf.ontop.generation.DefaultSQLIQTree2NativeNodeGenerator.lambda$extractVariableTypeMap$2(DefaultSQLIQTree2NativeNodeGenerator.java:76)
	at it.unibz.inf.ontop.utils.ImmutableCollectors.lambda$toMap$0(ImmutableCollectors.java:110)
	at java.base/java.util.stream.ReduceOps$3ReducingSink.accept(ReduceOps.java:169)
	at java.base/java.util.Spliterators$ArraySpliterator.forEachRemaining(Spliterators.java:992)
	at java.base/java.util.stream.AbstractPipeline.copyInto(AbstractPipeline.java:509)
	at java.base/java.util.stream.AbstractPipeline.wrapAndCopyInto(AbstractPipeline.java:499)
	at java.base/java.util.stream.ReduceOps$ReduceOp.evaluateSequential(ReduceOps.java:921)
	at java.base/java.util.stream.AbstractPipeline.evaluate(AbstractPipeline.java:234)
	at java.base/java.util.stream.ReferencePipeline.collect(ReferencePipeline.java:682)
	at it.unibz.inf.ontop.generation.DefaultSQLIQTree2NativeNodeGenerator.extractVariableTypeMap(DefaultSQLIQTree2NativeNodeGenerator.java:74)
	at it.unibz.inf.ontop.generation.DefaultSQLIQTree2NativeNodeGenerator.generate(DefaultSQLIQTree2NativeNodeGenerator.java:61)
	at it.unibz.inf.ontop.answering.reformulation.generation.impl.SQLGeneratorImpl.generateSourceQuery(SQLGeneratorImpl.java:156)
	at it.unibz.inf.ontop.answering.reformulation.generation.impl.SQLGeneratorImpl.generateSourceQuery(SQLGeneratorImpl.java:131)
	at it.unibz.inf.ontop.answering.reformulation.generation.impl.SQLGeneratorImpl.generateSourceQuery(SQLGeneratorImpl.java:111)
	at it.unibz.inf.ontop.answering.reformulation.impl.QuestQueryProcessor.generateExecutableQuery(QuestQueryProcessor.java:163)
	at it.unibz.inf.ontop.answering.reformulation.impl.QuestQueryProcessor.reformulateIntoNativeQuery(QuestQueryProcessor.java:123)
	at it.unibz.inf.ontop.answering.connection.impl.QuestStatement.executeBooleanQuery(QuestStatement.java:148)
	at it.unibz.inf.ontop.answering.connection.impl.QuestStatement.lambda$execute$3(QuestStatement.java:227)
	at it.unibz.inf.ontop.answering.connection.impl.QuestStatement$QueryExecutionThread.run(QuestStatement.java:108)
12:11:03.499 |-ERROR in i.u.i.o.a.c.impl.QuestStatement - it.unibz.inf.ontop.exception.MinorOntopInternalBugException: Was expecting a unique and known DB term type to be extracted for the SQL variable id1m1
it.unibz.inf.ontop.exception.OntopReformulationException: it.unibz.inf.ontop.exception.MinorOntopInternalBugException: Was expecting a unique and known DB term type to be extracted for the SQL variable id1m1
	at it.unibz.inf.ontop.answering.reformulation.impl.QuestQueryProcessor.reformulateIntoNativeQuery(QuestQueryProcessor.java:154)
	at it.unibz.inf.ontop.answering.connection.impl.QuestStatement.executeBooleanQuery(QuestStatement.java:148)
	at it.unibz.inf.ontop.answering.connection.impl.QuestStatement.lambda$execute$3(QuestStatement.java:227)
	at it.unibz.inf.ontop.answering.connection.impl.QuestStatement$QueryExecutionThread.run(QuestStatement.java:108)
Caused by: it.unibz.inf.ontop.exception.MinorOntopInternalBugException: Was expecting a unique and known DB term type to be extracted for the SQL variable id1m1
	at it.unibz.inf.ontop.generation.DefaultSQLIQTree2NativeNodeGenerator.lambda$extractUniqueKnownType$6(DefaultSQLIQTree2NativeNodeGenerator.java:84)
	at java.base/java.util.Optional.orElseThrow(Optional.java:403)
	at it.unibz.inf.ontop.generation.DefaultSQLIQTree2NativeNodeGenerator.extractUniqueKnownType(DefaultSQLIQTree2NativeNodeGenerator.java:84)
	at it.unibz.inf.ontop.generation.DefaultSQLIQTree2NativeNodeGenerator.lambda$extractVariableTypeMap$2(DefaultSQLIQTree2NativeNodeGenerator.java:76)
	at it.unibz.inf.ontop.utils.ImmutableCollectors.lambda$toMap$0(ImmutableCollectors.java:110)
	at java.base/java.util.stream.ReduceOps$3ReducingSink.accept(ReduceOps.java:169)
	at java.base/java.util.Spliterators$ArraySpliterator.forEachRemaining(Spliterators.java:992)
	at java.base/java.util.stream.AbstractPipeline.copyInto(AbstractPipeline.java:509)
	at java.base/java.util.stream.AbstractPipeline.wrapAndCopyInto(AbstractPipeline.java:499)
	at java.base/java.util.stream.ReduceOps$ReduceOp.evaluateSequential(ReduceOps.java:921)
	at java.base/java.util.stream.AbstractPipeline.evaluate(AbstractPipeline.java:234)
	at java.base/java.util.stream.ReferencePipeline.collect(ReferencePipeline.java:682)
	at it.unibz.inf.ontop.generation.DefaultSQLIQTree2NativeNodeGenerator.extractVariableTypeMap(DefaultSQLIQTree2NativeNodeGenerator.java:74)
	at it.unibz.inf.ontop.generation.DefaultSQLIQTree2NativeNodeGenerator.generate(DefaultSQLIQTree2NativeNodeGenerator.java:61)
	at it.unibz.inf.ontop.answering.reformulation.generation.impl.SQLGeneratorImpl.generateSourceQuery(SQLGeneratorImpl.java:156)
	at it.unibz.inf.ontop.answering.reformulation.generation.impl.SQLGeneratorImpl.generateSourceQuery(SQLGeneratorImpl.java:131)
	at it.unibz.inf.ontop.answering.reformulation.generation.impl.SQLGeneratorImpl.generateSourceQuery(SQLGeneratorImpl.java:111)
	at it.unibz.inf.ontop.answering.reformulation.impl.QuestQueryProcessor.generateExecutableQuery(QuestQueryProcessor.java:163)
	at it.unibz.inf.ontop.answering.reformulation.impl.QuestQueryProcessor.reformulateIntoNativeQuery(QuestQueryProcessor.java:123)
	... 3 common frames omitted
org.eclipse.rdf4j.query.QueryEvaluationException: it.unibz.inf.ontop.exception.OntopReformulationException: it.unibz.inf.ontop.exception.MinorOntopInternalBugException: Was expecting a unique and known DB term type to be extracted for the SQL variable id1m1
	at it.unibz.inf.ontop.rdf4j.query.impl.OntopBooleanQuery.evaluate(OntopBooleanQuery.java:40)
	at it.unibz.inf.ontop.endpoint.processor.SparqlQueryExecutor.executeQuery(SparqlQueryExecutor.java:77)
	at it.unibz.inf.ontop.endpoint.controllers.SparqlQueryController.query_get(SparqlQueryController.java:42)
	at jdk.internal.reflect.GeneratedMethodAccessor7.invoke(Unknown Source)
	at java.base/jdk.internal.reflect.DelegatingMethodAccessorImpl.invoke(DelegatingMethodAccessorImpl.java:43)
	at java.base/java.lang.reflect.Method.invoke(Method.java:569)
	at org.springframework.web.method.support.InvocableHandlerMethod.doInvoke(InvocableHandlerMethod.java:205)
	at org.springframework.web.method.support.InvocableHandlerMethod.invokeForRequest(InvocableHandlerMethod.java:150)
	at org.springframework.web.servlet.mvc.method.annotation.ServletInvocableHandlerMethod.invokeAndHandle(ServletInvocableHandlerMethod.java:117)
	at org.springframework.web.servlet.mvc.method.annotation.RequestMappingHandlerAdapter.invokeHandlerMethod(RequestMappingHandlerAdapter.java:895)
	at org.springframework.web.servlet.mvc.method.annotation.RequestMappingHandlerAdapter.handleInternal(RequestMappingHandlerAdapter.java:808)
	at org.springframework.web.servlet.mvc.method.AbstractHandlerMethodAdapter.handle(AbstractHandlerMethodAdapter.java:87)
	at org.springframework.web.servlet.DispatcherServlet.doDispatch(DispatcherServlet.java:1072)
	at org.springframework.web.servlet.DispatcherServlet.doService(DispatcherServlet.java:965)
	at org.springframework.web.servlet.FrameworkServlet.processRequest(FrameworkServlet.java:1006)
	at org.springframework.web.servlet.FrameworkServlet.doGet(FrameworkServlet.java:898)
	at javax.servlet.http.HttpServlet.service(HttpServlet.java:529)
	at org.springframework.web.servlet.FrameworkServlet.service(FrameworkServlet.java:883)
	at javax.servlet.http.HttpServlet.service(HttpServlet.java:623)
	at org.apache.catalina.core.ApplicationFilterChain.internalDoFilter(ApplicationFilterChain.java:197)
	at org.apache.catalina.core.ApplicationFilterChain.doFilter(ApplicationFilterChain.java:142)
	at org.apache.tomcat.websocket.server.WsFilter.doFilter(WsFilter.java:51)
	at org.apache.catalina.core.ApplicationFilterChain.internalDoFilter(ApplicationFilterChain.java:166)
	at org.apache.catalina.core.ApplicationFilterChain.doFilter(ApplicationFilterChain.java:142)
	at org.springframework.web.filter.RequestContextFilter.doFilterInternal(RequestContextFilter.java:100)
	at org.springframework.web.filter.OncePerRequestFilter.doFilter(OncePerRequestFilter.java:117)
	at org.apache.catalina.core.ApplicationFilterChain.internalDoFilter(ApplicationFilterChain.java:166)
	at org.apache.catalina.core.ApplicationFilterChain.doFilter(ApplicationFilterChain.java:142)
	at org.springframework.web.filter.FormContentFilter.doFilterInternal(FormContentFilter.java:93)
	at org.springframework.web.filter.OncePerRequestFilter.doFilter(OncePerRequestFilter.java:117)
	at org.apache.catalina.core.ApplicationFilterChain.internalDoFilter(ApplicationFilterChain.java:166)
	at org.apache.catalina.core.ApplicationFilterChain.doFilter(ApplicationFilterChain.java:142)
	at org.springframework.boot.actuate.metrics.web.servlet.WebMvcMetricsFilter.doFilterInternal(WebMvcMetricsFilter.java:96)
	at org.springframework.web.filter.OncePerRequestFilter.doFilter(OncePerRequestFilter.java:117)
	at org.apache.catalina.core.ApplicationFilterChain.internalDoFilter(ApplicationFilterChain.java:166)
	at org.apache.catalina.core.ApplicationFilterChain.doFilter(ApplicationFilterChain.java:142)
	at org.springframework.web.filter.CharacterEncodingFilter.doFilterInternal(CharacterEncodingFilter.java:201)
	at org.springframework.web.filter.OncePerRequestFilter.doFilter(OncePerRequestFilter.java:117)
	at org.apache.catalina.core.ApplicationFilterChain.internalDoFilter(ApplicationFilterChain.java:166)
	at org.apache.catalina.core.ApplicationFilterChain.doFilter(ApplicationFilterChain.java:142)
	at org.apache.catalina.core.StandardWrapperValve.invoke(StandardWrapperValve.java:166)
	at org.apache.catalina.core.StandardContextValve.invoke(StandardContextValve.java:88)
	at org.apache.catalina.authenticator.AuthenticatorBase.invoke(AuthenticatorBase.java:491)
	at org.apache.catalina.core.StandardHostValve.invoke(StandardHostValve.java:127)
	at org.apache.catalina.valves.ErrorReportValve.invoke(ErrorReportValve.java:83)
	at org.apache.catalina.core.StandardEngineValve.invoke(StandardEngineValve.java:72)
	at org.apache.catalina.connector.CoyoteAdapter.service(CoyoteAdapter.java:344)
	at org.apache.coyote.http11.Http11Processor.service(Http11Processor.java:398)
	at org.apache.coyote.AbstractProcessorLight.process(AbstractProcessorLight.java:63)
	at org.apache.coyote.AbstractProtocol$ConnectionHandler.process(AbstractProtocol.java:939)
	at org.apache.tomcat.util.net.NioEndpoint$SocketProcessor.doRun(NioEndpoint.java:1854)
	at org.apache.tomcat.util.net.SocketProcessorBase.run(SocketProcessorBase.java:52)
	at org.apache.tomcat.util.threads.ThreadPoolExecutor.runWorker(ThreadPoolExecutor.java:973)
	at org.apache.tomcat.util.threads.ThreadPoolExecutor$Worker.run(ThreadPoolExecutor.java:491)
	at org.apache.tomcat.util.threads.TaskThread$WrappingRunnable.run(TaskThread.java:63)
	at java.base/java.lang.Thread.run(Thread.java:840)
Caused by: it.unibz.inf.ontop.exception.OntopReformulationException: it.unibz.inf.ontop.exception.MinorOntopInternalBugException: Was expecting a unique and known DB term type to be extracted for the SQL variable id1m1
	at it.unibz.inf.ontop.answering.reformulation.impl.QuestQueryProcessor.reformulateIntoNativeQuery(QuestQueryProcessor.java:154)
	at it.unibz.inf.ontop.answering.connection.impl.QuestStatement.executeBooleanQuery(QuestStatement.java:148)
	at it.unibz.inf.ontop.answering.connection.impl.QuestStatement.lambda$execute$3(QuestStatement.java:227)
	at it.unibz.inf.ontop.answering.connection.impl.QuestStatement$QueryExecutionThread.run(QuestStatement.java:108)
Caused by: it.unibz.inf.ontop.exception.MinorOntopInternalBugException: Was expecting a unique and known DB term type to be extracted for the SQL variable id1m1
	at it.unibz.inf.ontop.generation.DefaultSQLIQTree2NativeNodeGenerator.lambda$extractUniqueKnownType$6(DefaultSQLIQTree2NativeNodeGenerator.java:84)
	at java.base/java.util.Optional.orElseThrow(Optional.java:403)
	at it.unibz.inf.ontop.generation.DefaultSQLIQTree2NativeNodeGenerator.extractUniqueKnownType(DefaultSQLIQTree2NativeNodeGenerator.java:84)
	at it.unibz.inf.ontop.generation.DefaultSQLIQTree2NativeNodeGenerator.lambda$extractVariableTypeMap$2(DefaultSQLIQTree2NativeNodeGenerator.java:76)
	at it.unibz.inf.ontop.utils.ImmutableCollectors.lambda$toMap$0(ImmutableCollectors.java:110)
	at java.base/java.util.stream.ReduceOps$3ReducingSink.accept(ReduceOps.java:169)
	at java.base/java.util.Spliterators$ArraySpliterator.forEachRemaining(Spliterators.java:992)
	at java.base/java.util.stream.AbstractPipeline.copyInto(AbstractPipeline.java:509)
	at java.base/java.util.stream.AbstractPipeline.wrapAndCopyInto(AbstractPipeline.java:499)
	at java.base/java.util.stream.ReduceOps$ReduceOp.evaluateSequential(ReduceOps.java:921)
	at java.base/java.util.stream.AbstractPipeline.evaluate(AbstractPipeline.java:234)
	at java.base/java.util.stream.ReferencePipeline.collect(ReferencePipeline.java:682)
	at it.unibz.inf.ontop.generation.DefaultSQLIQTree2NativeNodeGenerator.extractVariableTypeMap(DefaultSQLIQTree2NativeNodeGenerator.java:74)
	at it.unibz.inf.ontop.generation.DefaultSQLIQTree2NativeNodeGenerator.generate(DefaultSQLIQTree2NativeNodeGenerator.java:61)
	at it.unibz.inf.ontop.answering.reformulation.generation.impl.SQLGeneratorImpl.generateSourceQuery(SQLGeneratorImpl.java:156)
	at it.unibz.inf.ontop.answering.reformulation.generation.impl.SQLGeneratorImpl.generateSourceQuery(SQLGeneratorImpl.java:131)
	at it.unibz.inf.ontop.answering.reformulation.generation.impl.SQLGeneratorImpl.generateSourceQuery(SQLGeneratorImpl.java:111)
	at it.unibz.inf.ontop.answering.reformulation.impl.QuestQueryProcessor.generateExecutableQuery(QuestQueryProcessor.java:163)
	at it.unibz.inf.ontop.answering.reformulation.impl.QuestQueryProcessor.reformulateIntoNativeQuery(QuestQueryProcessor.java:123)
	... 3 more
12:11:04.538 |-WARN  in i.u.i.o.a.r.impl.QuestQueryProcessor - Unexpected exception: Was expecting a unique and known DB term type to be extracted for the SQL variable id1m1
it.unibz.inf.ontop.exception.MinorOntopInternalBugException: Was expecting a unique and known DB term type to be extracted for the SQL variable id1m1
	at it.unibz.inf.ontop.generation.DefaultSQLIQTree2NativeNodeGenerator.lambda$extractUniqueKnownType$6(DefaultSQLIQTree2NativeNodeGenerator.java:84)
	at java.base/java.util.Optional.orElseThrow(Optional.java:403)
	at it.unibz.inf.ontop.generation.DefaultSQLIQTree2NativeNodeGenerator.extractUniqueKnownType(DefaultSQLIQTree2NativeNodeGenerator.java:84)
	at it.unibz.inf.ontop.generation.DefaultSQLIQTree2NativeNodeGenerator.lambda$extractVariableTypeMap$2(DefaultSQLIQTree2NativeNodeGenerator.java:76)
	at it.unibz.inf.ontop.utils.ImmutableCollectors.lambda$toMap$0(ImmutableCollectors.java:110)
	at java.base/java.util.stream.ReduceOps$3ReducingSink.accept(ReduceOps.java:169)
	at java.base/java.util.Spliterators$ArraySpliterator.forEachRemaining(Spliterators.java:992)
	at java.base/java.util.stream.AbstractPipeline.copyInto(AbstractPipeline.java:509)
	at java.base/java.util.stream.AbstractPipeline.wrapAndCopyInto(AbstractPipeline.java:499)
	at java.base/java.util.stream.ReduceOps$ReduceOp.evaluateSequential(ReduceOps.java:921)
	at java.base/java.util.stream.AbstractPipeline.evaluate(AbstractPipeline.java:234)
	at java.base/java.util.stream.ReferencePipeline.collect(ReferencePipeline.java:682)
	at it.unibz.inf.ontop.generation.DefaultSQLIQTree2NativeNodeGenerator.extractVariableTypeMap(DefaultSQLIQTree2NativeNodeGenerator.java:74)
	at it.unibz.inf.ontop.generation.DefaultSQLIQTree2NativeNodeGenerator.generate(DefaultSQLIQTree2NativeNodeGenerator.java:61)
	at it.unibz.inf.ontop.answering.reformulation.generation.impl.SQLGeneratorImpl.generateSourceQuery(SQLGeneratorImpl.java:156)
	at it.unibz.inf.ontop.answering.reformulation.generation.impl.SQLGeneratorImpl.generateSourceQuery(SQLGeneratorImpl.java:131)
	at it.unibz.inf.ontop.answering.reformulation.generation.impl.SQLGeneratorImpl.generateSourceQuery(SQLGeneratorImpl.java:111)
	at it.unibz.inf.ontop.answering.reformulation.impl.QuestQueryProcessor.generateExecutableQuery(QuestQueryProcessor.java:163)
	at it.unibz.inf.ontop.answering.reformulation.impl.QuestQueryProcessor.reformulateIntoNativeQuery(QuestQueryProcessor.java:123)
	at it.unibz.inf.ontop.answering.connection.impl.QuestStatement.executeBooleanQuery(QuestStatement.java:148)
	at it.unibz.inf.ontop.answering.connection.impl.QuestStatement.lambda$execute$3(QuestStatement.java:227)
	at it.unibz.inf.ontop.answering.connection.impl.QuestStatement$QueryExecutionThread.run(QuestStatement.java:108)
12:11:04.539 |-ERROR in i.u.i.o.a.c.impl.QuestStatement - it.unibz.inf.ontop.exception.MinorOntopInternalBugException: Was expecting a unique and known DB term type to be extracted for the SQL variable id1m1
org.eclipse.rdf4j.query.QueryEvaluationException: it.unibz.inf.ontop.exception.OntopReformulationException: it.unibz.inf.ontop.exception.MinorOntopInternalBugException: Was expecting a unique and known DB term type to be extracted for the SQL variable id1m1
it.unibz.inf.ontop.exception.OntopReformulationException: it.unibz.inf.ontop.exception.MinorOntopInternalBugException: Was expecting a unique and known DB term type to be extracted for the SQL variable id1m1
	at it.unibz.inf.ontop.answering.reformulation.impl.QuestQueryProcessor.reformulateIntoNativeQuery(QuestQueryProcessor.java:154)
	at it.unibz.inf.ontop.answering.connection.impl.QuestStatement.executeBooleanQuery(QuestStatement.java:148)
	at it.unibz.inf.ontop.answering.connection.impl.QuestStatement.lambda$execute$3(QuestStatement.java:227)
	at it.unibz.inf.ontop.rdf4j.query.impl.OntopBooleanQuery.evaluate(OntopBooleanQuery.java:40)
	at it.unibz.inf.ontop.endpoint.processor.SparqlQueryExecutor.executeQuery(SparqlQueryExecutor.java:77)
	at it.unibz.inf.ontop.endpoint.controllers.SparqlQueryController.query_get(SparqlQueryController.java:42)
	at it.unibz.inf.ontop.answering.connection.impl.QuestStatement$QueryExecutionThread.run(QuestStatement.java:108)
	at jdk.internal.reflect.GeneratedMethodAccessor7.invoke(Unknown Source)
Caused by: it.unibz.inf.ontop.exception.MinorOntopInternalBugException: Was expecting a unique and known DB term type to be extracted for the SQL variable id1m1
	at java.base/jdk.internal.reflect.DelegatingMethodAccessorImpl.invoke(DelegatingMethodAccessorImpl.java:43)
	at it.unibz.inf.ontop.generation.DefaultSQLIQTree2NativeNodeGenerator.lambda$extractUniqueKnownType$6(DefaultSQLIQTree2NativeNodeGenerator.java:84)
	at java.base/java.lang.reflect.Method.invoke(Method.java:569)
	at java.base/java.util.Optional.orElseThrow(Optional.java:403)
	at org.springframework.web.method.support.InvocableHandlerMethod.doInvoke(InvocableHandlerMethod.java:205)
	at org.springframework.web.method.support.InvocableHandlerMethod.invokeForRequest(InvocableHandlerMethod.java:150)
	at org.springframework.web.servlet.mvc.method.annotation.ServletInvocableHandlerMethod.invokeAndHandle(ServletInvocableHandlerMethod.java:117)
	at org.springframework.web.servlet.mvc.method.annotation.RequestMappingHandlerAdapter.invokeHandlerMethod(RequestMappingHandlerAdapter.java:895)
	at org.springframework.web.servlet.mvc.method.annotation.RequestMappingHandlerAdapter.handleInternal(RequestMappingHandlerAdapter.java:808)
	at org.springframework.web.servlet.mvc.method.AbstractHandlerMethodAdapter.handle(AbstractHandlerMethodAdapter.java:87)
	at org.springframework.web.servlet.DispatcherServlet.doDispatch(DispatcherServlet.java:1072)
	at org.springframework.web.servlet.DispatcherServlet.doService(DispatcherServlet.java:965)
	at org.springframework.web.servlet.FrameworkServlet.processRequest(FrameworkServlet.java:1006)
	at org.springframework.web.servlet.FrameworkServlet.doGet(FrameworkServlet.java:898)
	at javax.servlet.http.HttpServlet.service(HttpServlet.java:529)
	at org.springframework.web.servlet.FrameworkServlet.service(FrameworkServlet.java:883)
	at javax.servlet.http.HttpServlet.service(HttpServlet.java:623)
	at org.apache.catalina.core.ApplicationFilterChain.internalDoFilter(ApplicationFilterChain.java:197)
	at org.apache.catalina.core.ApplicationFilterChain.doFilter(ApplicationFilterChain.java:142)
	at org.apache.tomcat.websocket.server.WsFilter.doFilter(WsFilter.java:51)
	at it.unibz.inf.ontop.generation.DefaultSQLIQTree2NativeNodeGenerator.extractUniqueKnownType(DefaultSQLIQTree2NativeNodeGenerator.java:84)
	at org.apache.catalina.core.ApplicationFilterChain.internalDoFilter(ApplicationFilterChain.java:166)
	at org.apache.catalina.core.ApplicationFilterChain.doFilter(ApplicationFilterChain.java:142)
	at org.springframework.web.filter.RequestContextFilter.doFilterInternal(RequestContextFilter.java:100)
	at it.unibz.inf.ontop.generation.DefaultSQLIQTree2NativeNodeGenerator.lambda$extractVariableTypeMap$2(DefaultSQLIQTree2NativeNodeGenerator.java:76)
	at org.springframework.web.filter.OncePerRequestFilter.doFilter(OncePerRequestFilter.java:117)
	at org.apache.catalina.core.ApplicationFilterChain.internalDoFilter(ApplicationFilterChain.java:166)
	at org.apache.catalina.core.ApplicationFilterChain.doFilter(ApplicationFilterChain.java:142)
	at it.unibz.inf.ontop.utils.ImmutableCollectors.lambda$toMap$0(ImmutableCollectors.java:110)
	at java.base/java.util.stream.ReduceOps$3ReducingSink.accept(ReduceOps.java:169)
	at java.base/java.util.Spliterators$ArraySpliterator.forEachRemaining(Spliterators.java:992)
	at java.base/java.util.stream.AbstractPipeline.copyInto(AbstractPipeline.java:509)
	at java.base/java.util.stream.AbstractPipeline.wrapAndCopyInto(AbstractPipeline.java:499)
	at java.base/java.util.stream.ReduceOps$ReduceOp.evaluateSequential(ReduceOps.java:921)
	at java.base/java.util.stream.AbstractPipeline.evaluate(AbstractPipeline.java:234)
	at java.base/java.util.stream.ReferencePipeline.collect(ReferencePipeline.java:682)
	at it.unibz.inf.ontop.generation.DefaultSQLIQTree2NativeNodeGenerator.extractVariableTypeMap(DefaultSQLIQTree2NativeNodeGenerator.java:74)
	at it.unibz.inf.ontop.generation.DefaultSQLIQTree2NativeNodeGenerator.generate(DefaultSQLIQTree2NativeNodeGenerator.java:61)
	at it.unibz.inf.ontop.answering.reformulation.generation.impl.SQLGeneratorImpl.generateSourceQuery(SQLGeneratorImpl.java:156)
	at it.unibz.inf.ontop.answering.reformulation.generation.impl.SQLGeneratorImpl.generateSourceQuery(SQLGeneratorImpl.java:131)
	at it.unibz.inf.ontop.answering.reformulation.generation.impl.SQLGeneratorImpl.generateSourceQuery(SQLGeneratorImpl.java:111)
	at it.unibz.inf.ontop.answering.reformulation.impl.QuestQueryProcessor.generateExecutableQuery(QuestQueryProcessor.java:163)
	at it.unibz.inf.ontop.answering.reformulation.impl.QuestQueryProcessor.reformulateIntoNativeQuery(QuestQueryProcessor.java:123)
	... 3 common frames omitted
	at org.springframework.web.filter.FormContentFilter.doFilterInternal(FormContentFilter.java:93)
	at org.springframework.web.filter.OncePerRequestFilter.doFilter(OncePerRequestFilter.java:117)
	at org.apache.catalina.core.ApplicationFilterChain.internalDoFilter(ApplicationFilterChain.java:166)
	at org.apache.catalina.core.ApplicationFilterChain.doFilter(ApplicationFilterChain.java:142)
	at org.springframework.boot.actuate.metrics.web.servlet.WebMvcMetricsFilter.doFilterInternal(WebMvcMetricsFilter.java:96)
	at org.springframework.web.filter.OncePerRequestFilter.doFilter(OncePerRequestFilter.java:117)
	at org.apache.catalina.core.ApplicationFilterChain.internalDoFilter(ApplicationFilterChain.java:166)
	at org.apache.catalina.core.ApplicationFilterChain.doFilter(ApplicationFilterChain.java:142)
	at org.springframework.web.filter.CharacterEncodingFilter.doFilterInternal(CharacterEncodingFilter.java:201)
	at org.springframework.web.filter.OncePerRequestFilter.doFilter(OncePerRequestFilter.java:117)
	at org.apache.catalina.core.ApplicationFilterChain.internalDoFilter(ApplicationFilterChain.java:166)
	at org.apache.catalina.core.ApplicationFilterChain.doFilter(ApplicationFilterChain.java:142)
	at org.apache.catalina.core.StandardWrapperValve.invoke(StandardWrapperValve.java:166)
	at org.apache.catalina.core.StandardContextValve.invoke(StandardContextValve.java:88)
	at org.apache.catalina.authenticator.AuthenticatorBase.invoke(AuthenticatorBase.java:491)
	at org.apache.catalina.core.StandardHostValve.invoke(StandardHostValve.java:127)
	at org.apache.catalina.valves.ErrorReportValve.invoke(ErrorReportValve.java:83)
	at org.apache.catalina.core.StandardEngineValve.invoke(StandardEngineValve.java:72)
	at org.apache.catalina.connector.CoyoteAdapter.service(CoyoteAdapter.java:344)
	at org.apache.coyote.http11.Http11Processor.service(Http11Processor.java:398)
	at org.apache.coyote.AbstractProcessorLight.process(AbstractProcessorLight.java:63)
	at org.apache.coyote.AbstractProtocol$ConnectionHandler.process(AbstractProtocol.java:939)
	at org.apache.tomcat.util.net.NioEndpoint$SocketProcessor.doRun(NioEndpoint.java:1854)
	at org.apache.tomcat.util.net.SocketProcessorBase.run(SocketProcessorBase.java:52)
	at org.apache.tomcat.util.threads.ThreadPoolExecutor.runWorker(ThreadPoolExecutor.java:973)
	at org.apache.tomcat.util.threads.ThreadPoolExecutor$Worker.run(ThreadPoolExecutor.java:491)
	at org.apache.tomcat.util.threads.TaskThread$WrappingRunnable.run(TaskThread.java:63)
	at java.base/java.lang.Thread.run(Thread.java:840)
Caused by: it.unibz.inf.ontop.exception.OntopReformulationException: it.unibz.inf.ontop.exception.MinorOntopInternalBugException: Was expecting a unique and known DB term type to be extracted for the SQL variable id1m1
	at it.unibz.inf.ontop.answering.reformulation.impl.QuestQueryProcessor.reformulateIntoNativeQuery(QuestQueryProcessor.java:154)
	at it.unibz.inf.ontop.answering.connection.impl.QuestStatement.executeBooleanQuery(QuestStatement.java:148)
	at it.unibz.inf.ontop.answering.connection.impl.QuestStatement.lambda$execute$3(QuestStatement.java:227)
	at it.unibz.inf.ontop.answering.connection.impl.QuestStatement$QueryExecutionThread.run(QuestStatement.java:108)
Caused by: it.unibz.inf.ontop.exception.MinorOntopInternalBugException: Was expecting a unique and known DB term type to be extracted for the SQL variable id1m1
	at it.unibz.inf.ontop.generation.DefaultSQLIQTree2NativeNodeGenerator.lambda$extractUniqueKnownType$6(DefaultSQLIQTree2NativeNodeGenerator.java:84)
	at java.base/java.util.Optional.orElseThrow(Optional.java:403)
	at it.unibz.inf.ontop.generation.DefaultSQLIQTree2NativeNodeGenerator.extractUniqueKnownType(DefaultSQLIQTree2NativeNodeGenerator.java:84)
	at it.unibz.inf.ontop.generation.DefaultSQLIQTree2NativeNodeGenerator.lambda$extractVariableTypeMap$2(DefaultSQLIQTree2NativeNodeGenerator.java:76)
	at it.unibz.inf.ontop.utils.ImmutableCollectors.lambda$toMap$0(ImmutableCollectors.java:110)
	at java.base/java.util.stream.ReduceOps$3ReducingSink.accept(ReduceOps.java:169)
	at java.base/java.util.Spliterators$ArraySpliterator.forEachRemaining(Spliterators.java:992)
	at java.base/java.util.stream.AbstractPipeline.copyInto(AbstractPipeline.java:509)
	at java.base/java.util.stream.AbstractPipeline.wrapAndCopyInto(AbstractPipeline.java:499)
	at java.base/java.util.stream.ReduceOps$ReduceOp.evaluateSequential(ReduceOps.java:921)
	at java.base/java.util.stream.AbstractPipeline.evaluate(AbstractPipeline.java:234)
	at java.base/java.util.stream.ReferencePipeline.collect(ReferencePipeline.java:682)
	at it.unibz.inf.ontop.generation.DefaultSQLIQTree2NativeNodeGenerator.extractVariableTypeMap(DefaultSQLIQTree2NativeNodeGenerator.java:74)
	at it.unibz.inf.ontop.generation.DefaultSQLIQTree2NativeNodeGenerator.generate(DefaultSQLIQTree2NativeNodeGenerator.java:61)
	at it.unibz.inf.ontop.answering.reformulation.generation.impl.SQLGeneratorImpl.generateSourceQuery(SQLGeneratorImpl.java:156)
	at it.unibz.inf.ontop.answering.reformulation.generation.impl.SQLGeneratorImpl.generateSourceQuery(SQLGeneratorImpl.java:131)
	at it.unibz.inf.ontop.answering.reformulation.generation.impl.SQLGeneratorImpl.generateSourceQuery(SQLGeneratorImpl.java:111)
	at it.unibz.inf.ontop.answering.reformulation.impl.QuestQueryProcessor.generateExecutableQuery(QuestQueryProcessor.java:163)
	at it.unibz.inf.ontop.answering.reformulation.impl.QuestQueryProcessor.reformulateIntoNativeQuery(QuestQueryProcessor.java:123)
	... 3 more
12:11:05.590 |-WARN  in i.u.i.o.a.r.impl.QuestQueryProcessor - Unexpected exception: Was expecting a unique and known DB term type to be extracted for the SQL variable id1m1
it.unibz.inf.ontop.exception.MinorOntopInternalBugException: Was expecting a unique and known DB term type to be extracted for the SQL variable id1m1
	at it.unibz.inf.ontop.generation.DefaultSQLIQTree2NativeNodeGenerator.lambda$extractUniqueKnownType$6(DefaultSQLIQTree2NativeNodeGenerator.java:84)
	at java.base/java.util.Optional.orElseThrow(Optional.java:403)
	at it.unibz.inf.ontop.generation.DefaultSQLIQTree2NativeNodeGenerator.extractUniqueKnownType(DefaultSQLIQTree2NativeNodeGenerator.java:84)
	at it.unibz.inf.ontop.generation.DefaultSQLIQTree2NativeNodeGenerator.lambda$extractVariableTypeMap$2(DefaultSQLIQTree2NativeNodeGenerator.java:76)
	at it.unibz.inf.ontop.utils.ImmutableCollectors.lambda$toMap$0(ImmutableCollectors.java:110)
	at java.base/java.util.stream.ReduceOps$3ReducingSink.accept(ReduceOps.java:169)
	at java.base/java.util.Spliterators$ArraySpliterator.forEachRemaining(Spliterators.java:992)
	at java.base/java.util.stream.AbstractPipeline.copyInto(AbstractPipeline.java:509)
	at java.base/java.util.stream.AbstractPipeline.wrapAndCopyInto(AbstractPipeline.java:499)
	at java.base/java.util.stream.ReduceOps$ReduceOp.evaluateSequential(ReduceOps.java:921)
	at java.base/java.util.stream.AbstractPipeline.evaluate(AbstractPipeline.java:234)
	at java.base/java.util.stream.ReferencePipeline.collect(ReferencePipeline.java:682)
	at it.unibz.inf.ontop.generation.DefaultSQLIQTree2NativeNodeGenerator.extractVariableTypeMap(DefaultSQLIQTree2NativeNodeGenerator.java:74)
	at it.unibz.inf.ontop.generation.DefaultSQLIQTree2NativeNodeGenerator.generate(DefaultSQLIQTree2NativeNodeGenerator.java:61)
	at it.unibz.inf.ontop.answering.reformulation.generation.impl.SQLGeneratorImpl.generateSourceQuery(SQLGeneratorImpl.java:156)
	at it.unibz.inf.ontop.answering.reformulation.generation.impl.SQLGeneratorImpl.generateSourceQuery(SQLGeneratorImpl.java:131)
	at it.unibz.inf.ontop.answering.reformulation.generation.impl.SQLGeneratorImpl.generateSourceQuery(SQLGeneratorImpl.java:111)
	at it.unibz.inf.ontop.answering.reformulation.impl.QuestQueryProcessor.generateExecutableQuery(QuestQueryProcessor.java:163)
	at it.unibz.inf.ontop.answering.reformulation.impl.QuestQueryProcessor.reformulateIntoNativeQuery(QuestQueryProcessor.java:123)
	at it.unibz.inf.ontop.answering.connection.impl.QuestStatement.executeBooleanQuery(QuestStatement.java:148)
	at it.unibz.inf.ontop.answering.connection.impl.QuestStatement.lambda$execute$3(QuestStatement.java:227)
	at it.unibz.inf.ontop.answering.connection.impl.QuestStatement$QueryExecutionThread.run(QuestStatement.java:108)
12:11:05.592 |-ERROR in i.u.i.o.a.c.impl.QuestStatement - it.unibz.inf.ontop.exception.MinorOntopInternalBugException: Was expecting a unique and known DB term type to be extracted for the SQL variable id1m1
it.unibz.inf.ontop.exception.OntopReformulationException: it.unibz.inf.ontop.exception.MinorOntopInternalBugException: Was expecting a unique and known DB term type to be extracted for the SQL variable id1m1
	at it.unibz.inf.ontop.answering.reformulation.impl.QuestQueryProcessor.reformulateIntoNativeQuery(QuestQueryProcessor.java:154)
	at it.unibz.inf.ontop.answering.connection.impl.QuestStatement.executeBooleanQuery(QuestStatement.java:148)
	at it.unibz.inf.ontop.answering.connection.impl.QuestStatement.lambda$execute$3(QuestStatement.java:227)
	at it.unibz.inf.ontop.answering.connection.impl.QuestStatement$QueryExecutionThread.run(QuestStatement.java:108)
Caused by: it.unibz.inf.ontop.exception.MinorOntopInternalBugException: Was expecting a unique and known DB term type to be extracted for the SQL variable id1m1
	at it.unibz.inf.ontop.generation.DefaultSQLIQTree2NativeNodeGenerator.lambda$extractUniqueKnownType$6(DefaultSQLIQTree2NativeNodeGenerator.java:84)
	at java.base/java.util.Optional.orElseThrow(Optional.java:403)
	at it.unibz.inf.ontop.generation.DefaultSQLIQTree2NativeNodeGenerator.extractUniqueKnownType(DefaultSQLIQTree2NativeNodeGenerator.java:84)
	at it.unibz.inf.ontop.generation.DefaultSQLIQTree2NativeNodeGenerator.lambda$extractVariableTypeMap$2(DefaultSQLIQTree2NativeNodeGenerator.java:76)
	at it.unibz.inf.ontop.utils.ImmutableCollectors.lambda$toMap$0(ImmutableCollectors.java:110)
	at java.base/java.util.stream.ReduceOps$3ReducingSink.accept(ReduceOps.java:169)
	at java.base/java.util.Spliterators$ArraySpliterator.forEachRemaining(Spliterators.java:992)
	at java.base/java.util.stream.AbstractPipeline.copyInto(AbstractPipeline.java:509)
	at java.base/java.util.stream.AbstractPipeline.wrapAndCopyInto(AbstractPipeline.java:499)
	at java.base/java.util.stream.ReduceOps$ReduceOp.evaluateSequential(ReduceOps.java:921)
	at java.base/java.util.stream.AbstractPipeline.evaluate(AbstractPipeline.java:234)
	at java.base/java.util.stream.ReferencePipeline.collect(ReferencePipeline.java:682)
	at it.unibz.inf.ontop.generation.DefaultSQLIQTree2NativeNodeGenerator.extractVariableTypeMap(DefaultSQLIQTree2NativeNodeGenerator.java:74)
	at it.unibz.inf.ontop.generation.DefaultSQLIQTree2NativeNodeGenerator.generate(DefaultSQLIQTree2NativeNodeGenerator.java:61)
	at it.unibz.inf.ontop.answering.reformulation.generation.impl.SQLGeneratorImpl.generateSourceQuery(SQLGeneratorImpl.java:156)
	at it.unibz.inf.ontop.answering.reformulation.generation.impl.SQLGeneratorImpl.generateSourceQuery(SQLGeneratorImpl.java:131)
	at it.unibz.inf.ontop.answering.reformulation.generation.impl.SQLGeneratorImpl.generateSourceQuery(SQLGeneratorImpl.java:111)
	at it.unibz.inf.ontop.answering.reformulation.impl.QuestQueryProcessor.generateExecutableQuery(QuestQueryProcessor.java:163)
	at it.unibz.inf.ontop.answering.reformulation.impl.QuestQueryProcessor.reformulateIntoNativeQuery(QuestQueryProcessor.java:123)
	... 3 common frames omitted
org.eclipse.rdf4j.query.QueryEvaluationException: it.unibz.inf.ontop.exception.OntopReformulationException: it.unibz.inf.ontop.exception.MinorOntopInternalBugException: Was expecting a unique and known DB term type to be extracted for the SQL variable id1m1
	at it.unibz.inf.ontop.rdf4j.query.impl.OntopBooleanQuery.evaluate(OntopBooleanQuery.java:40)
	at it.unibz.inf.ontop.endpoint.processor.SparqlQueryExecutor.executeQuery(SparqlQueryExecutor.java:77)
	at it.unibz.inf.ontop.endpoint.controllers.SparqlQueryController.query_get(SparqlQueryController.java:42)
	at jdk.internal.reflect.GeneratedMethodAccessor7.invoke(Unknown Source)
	at java.base/jdk.internal.reflect.DelegatingMethodAccessorImpl.invoke(DelegatingMethodAccessorImpl.java:43)
	at java.base/java.lang.reflect.Method.invoke(Method.java:569)
	at org.springframework.web.method.support.InvocableHandlerMethod.doInvoke(InvocableHandlerMethod.java:205)
	at org.springframework.web.method.support.InvocableHandlerMethod.invokeForRequest(InvocableHandlerMethod.java:150)
	at org.springframework.web.servlet.mvc.method.annotation.ServletInvocableHandlerMethod.invokeAndHandle(ServletInvocableHandlerMethod.java:117)
	at org.springframework.web.servlet.mvc.method.annotation.RequestMappingHandlerAdapter.invokeHandlerMethod(RequestMappingHandlerAdapter.java:895)
	at org.springframework.web.servlet.mvc.method.annotation.RequestMappingHandlerAdapter.handleInternal(RequestMappingHandlerAdapter.java:808)
	at org.springframework.web.servlet.mvc.method.AbstractHandlerMethodAdapter.handle(AbstractHandlerMethodAdapter.java:87)
	at org.springframework.web.servlet.DispatcherServlet.doDispatch(DispatcherServlet.java:1072)
	at org.springframework.web.servlet.DispatcherServlet.doService(DispatcherServlet.java:965)
	at org.springframework.web.servlet.FrameworkServlet.processRequest(FrameworkServlet.java:1006)
	at org.springframework.web.servlet.FrameworkServlet.doGet(FrameworkServlet.java:898)
	at javax.servlet.http.HttpServlet.service(HttpServlet.java:529)
	at org.springframework.web.servlet.FrameworkServlet.service(FrameworkServlet.java:883)
	at javax.servlet.http.HttpServlet.service(HttpServlet.java:623)
	at org.apache.catalina.core.ApplicationFilterChain.internalDoFilter(ApplicationFilterChain.java:197)
	at org.apache.catalina.core.ApplicationFilterChain.doFilter(ApplicationFilterChain.java:142)
	at org.apache.tomcat.websocket.server.WsFilter.doFilter(WsFilter.java:51)
	at org.apache.catalina.core.ApplicationFilterChain.internalDoFilter(ApplicationFilterChain.java:166)
	at org.apache.catalina.core.ApplicationFilterChain.doFilter(ApplicationFilterChain.java:142)
	at org.springframework.web.filter.RequestContextFilter.doFilterInternal(RequestContextFilter.java:100)
	at org.springframework.web.filter.OncePerRequestFilter.doFilter(OncePerRequestFilter.java:117)
	at org.apache.catalina.core.ApplicationFilterChain.internalDoFilter(ApplicationFilterChain.java:166)
	at org.apache.catalina.core.ApplicationFilterChain.doFilter(ApplicationFilterChain.java:142)
	at org.springframework.web.filter.FormContentFilter.doFilterInternal(FormContentFilter.java:93)
	at org.springframework.web.filter.OncePerRequestFilter.doFilter(OncePerRequestFilter.java:117)
	at org.apache.catalina.core.ApplicationFilterChain.internalDoFilter(ApplicationFilterChain.java:166)
	at org.apache.catalina.core.ApplicationFilterChain.doFilter(ApplicationFilterChain.java:142)
	at org.springframework.boot.actuate.metrics.web.servlet.WebMvcMetricsFilter.doFilterInternal(WebMvcMetricsFilter.java:96)
	at org.springframework.web.filter.OncePerRequestFilter.doFilter(OncePerRequestFilter.java:117)
	at org.apache.catalina.core.ApplicationFilterChain.internalDoFilter(ApplicationFilterChain.java:166)
	at org.apache.catalina.core.ApplicationFilterChain.doFilter(ApplicationFilterChain.java:142)
	at org.springframework.web.filter.CharacterEncodingFilter.doFilterInternal(CharacterEncodingFilter.java:201)
	at org.springframework.web.filter.OncePerRequestFilter.doFilter(OncePerRequestFilter.java:117)
	at org.apache.catalina.core.ApplicationFilterChain.internalDoFilter(ApplicationFilterChain.java:166)
	at org.apache.catalina.core.ApplicationFilterChain.doFilter(ApplicationFilterChain.java:142)
	at org.apache.catalina.core.StandardWrapperValve.invoke(StandardWrapperValve.java:166)
	at org.apache.catalina.core.StandardContextValve.invoke(StandardContextValve.java:88)
	at org.apache.catalina.authenticator.AuthenticatorBase.invoke(AuthenticatorBase.java:491)
	at org.apache.catalina.core.StandardHostValve.invoke(StandardHostValve.java:127)
	at org.apache.catalina.valves.ErrorReportValve.invoke(ErrorReportValve.java:83)
	at org.apache.catalina.core.StandardEngineValve.invoke(StandardEngineValve.java:72)
	at org.apache.catalina.connector.CoyoteAdapter.service(CoyoteAdapter.java:344)
	at org.apache.coyote.http11.Http11Processor.service(Http11Processor.java:398)
	at org.apache.coyote.AbstractProcessorLight.process(AbstractProcessorLight.java:63)
	at org.apache.coyote.AbstractProtocol$ConnectionHandler.process(AbstractProtocol.java:939)
	at org.apache.tomcat.util.net.NioEndpoint$SocketProcessor.doRun(NioEndpoint.java:1854)
	at org.apache.tomcat.util.net.SocketProcessorBase.run(SocketProcessorBase.java:52)
	at org.apache.tomcat.util.threads.ThreadPoolExecutor.runWorker(ThreadPoolExecutor.java:973)
	at org.apache.tomcat.util.threads.ThreadPoolExecutor$Worker.run(ThreadPoolExecutor.java:491)
	at org.apache.tomcat.util.threads.TaskThread$WrappingRunnable.run(TaskThread.java:63)
	at java.base/java.lang.Thread.run(Thread.java:840)
Caused by: it.unibz.inf.ontop.exception.OntopReformulationException: it.unibz.inf.ontop.exception.MinorOntopInternalBugException: Was expecting a unique and known DB term type to be extracted for the SQL variable id1m1
	at it.unibz.inf.ontop.answering.reformulation.impl.QuestQueryProcessor.reformulateIntoNativeQuery(QuestQueryProcessor.java:154)
	at it.unibz.inf.ontop.answering.connection.impl.QuestStatement.executeBooleanQuery(QuestStatement.java:148)
	at it.unibz.inf.ontop.answering.connection.impl.QuestStatement.lambda$execute$3(QuestStatement.java:227)
	at it.unibz.inf.ontop.answering.connection.impl.QuestStatement$QueryExecutionThread.run(QuestStatement.java:108)
Caused by: it.unibz.inf.ontop.exception.MinorOntopInternalBugException: Was expecting a unique and known DB term type to be extracted for the SQL variable id1m1
	at it.unibz.inf.ontop.generation.DefaultSQLIQTree2NativeNodeGenerator.lambda$extractUniqueKnownType$6(DefaultSQLIQTree2NativeNodeGenerator.java:84)
	at java.base/java.util.Optional.orElseThrow(Optional.java:403)
	at it.unibz.inf.ontop.generation.DefaultSQLIQTree2NativeNodeGenerator.extractUniqueKnownType(DefaultSQLIQTree2NativeNodeGenerator.java:84)
	at it.unibz.inf.ontop.generation.DefaultSQLIQTree2NativeNodeGenerator.lambda$extractVariableTypeMap$2(DefaultSQLIQTree2NativeNodeGenerator.java:76)
	at it.unibz.inf.ontop.utils.ImmutableCollectors.lambda$toMap$0(ImmutableCollectors.java:110)
	at java.base/java.util.stream.ReduceOps$3ReducingSink.accept(ReduceOps.java:169)
	at java.base/java.util.Spliterators$ArraySpliterator.forEachRemaining(Spliterators.java:992)
	at java.base/java.util.stream.AbstractPipeline.copyInto(AbstractPipeline.java:509)
	at java.base/java.util.stream.AbstractPipeline.wrapAndCopyInto(AbstractPipeline.java:499)
	at java.base/java.util.stream.ReduceOps$ReduceOp.evaluateSequential(ReduceOps.java:921)
	at java.base/java.util.stream.AbstractPipeline.evaluate(AbstractPipeline.java:234)
	at java.base/java.util.stream.ReferencePipeline.collect(ReferencePipeline.java:682)
	at it.unibz.inf.ontop.generation.DefaultSQLIQTree2NativeNodeGenerator.extractVariableTypeMap(DefaultSQLIQTree2NativeNodeGenerator.java:74)
	at it.unibz.inf.ontop.generation.DefaultSQLIQTree2NativeNodeGenerator.generate(DefaultSQLIQTree2NativeNodeGenerator.java:61)
	at it.unibz.inf.ontop.answering.reformulation.generation.impl.SQLGeneratorImpl.generateSourceQuery(SQLGeneratorImpl.java:156)
	at it.unibz.inf.ontop.answering.reformulation.generation.impl.SQLGeneratorImpl.generateSourceQuery(SQLGeneratorImpl.java:131)
	at it.unibz.inf.ontop.answering.reformulation.generation.impl.SQLGeneratorImpl.generateSourceQuery(SQLGeneratorImpl.java:111)
	at it.unibz.inf.ontop.answering.reformulation.impl.QuestQueryProcessor.generateExecutableQuery(QuestQueryProcessor.java:163)
	at it.unibz.inf.ontop.answering.reformulation.impl.QuestQueryProcessor.reformulateIntoNativeQuery(QuestQueryProcessor.java:123)
	... 3 more
12:11:06.631 |-WARN  in i.u.i.o.a.r.impl.QuestQueryProcessor - Unexpected exception: Was expecting a unique and known DB term type to be extracted for the SQL variable id1m1
it.unibz.inf.ontop.exception.MinorOntopInternalBugException: Was expecting a unique and known DB term type to be extracted for the SQL variable id1m1
	at it.unibz.inf.ontop.generation.DefaultSQLIQTree2NativeNodeGenerator.lambda$extractUniqueKnownType$6(DefaultSQLIQTree2NativeNodeGenerator.java:84)
	at java.base/java.util.Optional.orElseThrow(Optional.java:403)
	at it.unibz.inf.ontop.generation.DefaultSQLIQTree2NativeNodeGenerator.extractUniqueKnownType(DefaultSQLIQTree2NativeNodeGenerator.java:84)
	at it.unibz.inf.ontop.generation.DefaultSQLIQTree2NativeNodeGenerator.lambda$extractVariableTypeMap$2(DefaultSQLIQTree2NativeNodeGenerator.java:76)
	at it.unibz.inf.ontop.utils.ImmutableCollectors.lambda$toMap$0(ImmutableCollectors.java:110)
	at java.base/java.util.stream.ReduceOps$3ReducingSink.accept(ReduceOps.java:169)
	at java.base/java.util.Spliterators$ArraySpliterator.forEachRemaining(Spliterators.java:992)
	at java.base/java.util.stream.AbstractPipeline.copyInto(AbstractPipeline.java:509)
	at java.base/java.util.stream.AbstractPipeline.wrapAndCopyInto(AbstractPipeline.java:499)
	at java.base/java.util.stream.ReduceOps$ReduceOp.evaluateSequential(ReduceOps.java:921)
	at java.base/java.util.stream.AbstractPipeline.evaluate(AbstractPipeline.java:234)
	at java.base/java.util.stream.ReferencePipeline.collect(ReferencePipeline.java:682)
	at it.unibz.inf.ontop.generation.DefaultSQLIQTree2NativeNodeGenerator.extractVariableTypeMap(DefaultSQLIQTree2NativeNodeGenerator.java:74)
	at it.unibz.inf.ontop.generation.DefaultSQLIQTree2NativeNodeGenerator.generate(DefaultSQLIQTree2NativeNodeGenerator.java:61)
	at it.unibz.inf.ontop.answering.reformulation.generation.impl.SQLGeneratorImpl.generateSourceQuery(SQLGeneratorImpl.java:156)
	at it.unibz.inf.ontop.answering.reformulation.generation.impl.SQLGeneratorImpl.generateSourceQuery(SQLGeneratorImpl.java:131)
	at it.unibz.inf.ontop.answering.reformulation.generation.impl.SQLGeneratorImpl.generateSourceQuery(SQLGeneratorImpl.java:111)
	at it.unibz.inf.ontop.answering.reformulation.impl.QuestQueryProcessor.generateExecutableQuery(QuestQueryProcessor.java:163)
	at it.unibz.inf.ontop.answering.reformulation.impl.QuestQueryProcessor.reformulateIntoNativeQuery(QuestQueryProcessor.java:123)
	at it.unibz.inf.ontop.answering.connection.impl.QuestStatement.executeBooleanQuery(QuestStatement.java:148)
	at it.unibz.inf.ontop.answering.connection.impl.QuestStatement.lambda$execute$3(QuestStatement.java:227)
	at it.unibz.inf.ontop.answering.connection.impl.QuestStatement$QueryExecutionThread.run(QuestStatement.java:108)
12:11:06.631 |-ERROR in i.u.i.o.a.c.impl.QuestStatement - it.unibz.inf.ontop.exception.MinorOntopInternalBugException: Was expecting a unique and known DB term type to be extracted for the SQL variable id1m1
it.unibz.inf.ontop.exception.OntopReformulationException: it.unibz.inf.ontop.exception.MinorOntopInternalBugException: Was expecting a unique and known DB term type to be extracted for the SQL variable id1m1
	at it.unibz.inf.ontop.answering.reformulation.impl.QuestQueryProcessor.reformulateIntoNativeQuery(QuestQueryProcessor.java:154)
	at it.unibz.inf.ontop.answering.connection.impl.QuestStatement.executeBooleanQuery(QuestStatement.java:148)
	at it.unibz.inf.ontop.answering.connection.impl.QuestStatement.lambda$execute$3(QuestStatement.java:227)
	at it.unibz.inf.ontop.answering.connection.impl.QuestStatement$QueryExecutionThread.run(QuestStatement.java:108)
Caused by: it.unibz.inf.ontop.exception.MinorOntopInternalBugException: Was expecting a unique and known DB term type to be extracted for the SQL variable id1m1
	at it.unibz.inf.ontop.generation.DefaultSQLIQTree2NativeNodeGenerator.lambda$extractUniqueKnownType$6(DefaultSQLIQTree2NativeNodeGenerator.java:84)
	at java.base/java.util.Optional.orElseThrow(Optional.java:403)
	at it.unibz.inf.ontop.generation.DefaultSQLIQTree2NativeNodeGenerator.extractUniqueKnownType(DefaultSQLIQTree2NativeNodeGenerator.java:84)
	at it.unibz.inf.ontop.generation.DefaultSQLIQTree2NativeNodeGenerator.lambda$extractVariableTypeMap$2(DefaultSQLIQTree2NativeNodeGenerator.java:76)
	at it.unibz.inf.ontop.utils.ImmutableCollectors.lambda$toMap$0(ImmutableCollectors.java:110)
	at java.base/java.util.stream.ReduceOps$3ReducingSink.accept(ReduceOps.java:169)
	at java.base/java.util.Spliterators$ArraySpliterator.forEachRemaining(Spliterators.java:992)
	at java.base/java.util.stream.AbstractPipeline.copyInto(AbstractPipeline.java:509)
	at java.base/java.util.stream.AbstractPipeline.wrapAndCopyInto(AbstractPipeline.java:499)
	at java.base/java.util.stream.ReduceOps$ReduceOp.evaluateSequential(ReduceOps.java:921)
	at java.base/java.util.stream.AbstractPipeline.evaluate(AbstractPipeline.java:234)
	at java.base/java.util.stream.ReferencePipeline.collect(ReferencePipeline.java:682)
	at it.unibz.inf.ontop.generation.DefaultSQLIQTree2NativeNodeGenerator.extractVariableTypeMap(DefaultSQLIQTree2NativeNodeGenerator.java:74)
	at it.unibz.inf.ontop.generation.DefaultSQLIQTree2NativeNodeGenerator.generate(DefaultSQLIQTree2NativeNodeGenerator.java:61)
	at it.unibz.inf.ontop.answering.reformulation.generation.impl.SQLGeneratorImpl.generateSourceQuery(SQLGeneratorImpl.java:156)
	at it.unibz.inf.ontop.answering.reformulation.generation.impl.SQLGeneratorImpl.generateSourceQuery(SQLGeneratorImpl.java:131)
	at it.unibz.inf.ontop.answering.reformulation.generation.impl.SQLGeneratorImpl.generateSourceQuery(SQLGeneratorImpl.java:111)
	at it.unibz.inf.ontop.answering.reformulation.impl.QuestQueryProcessor.generateExecutableQuery(QuestQueryProcessor.java:163)
	at it.unibz.inf.ontop.answering.reformulation.impl.QuestQueryProcessor.reformulateIntoNativeQuery(QuestQueryProcessor.java:123)
	... 3 common frames omitted
org.eclipse.rdf4j.query.QueryEvaluationException: it.unibz.inf.ontop.exception.OntopReformulationException: it.unibz.inf.ontop.exception.MinorOntopInternalBugException: Was expecting a unique and known DB term type to be extracted for the SQL variable id1m1
	at it.unibz.inf.ontop.rdf4j.query.impl.OntopBooleanQuery.evaluate(OntopBooleanQuery.java:40)
	at it.unibz.inf.ontop.endpoint.processor.SparqlQueryExecutor.executeQuery(SparqlQueryExecutor.java:77)
	at it.unibz.inf.ontop.endpoint.controllers.SparqlQueryController.query_get(SparqlQueryController.java:42)
	at jdk.internal.reflect.GeneratedMethodAccessor7.invoke(Unknown Source)
	at java.base/jdk.internal.reflect.DelegatingMethodAccessorImpl.invoke(DelegatingMethodAccessorImpl.java:43)
	at java.base/java.lang.reflect.Method.invoke(Method.java:569)
	at org.springframework.web.method.support.InvocableHandlerMethod.doInvoke(InvocableHandlerMethod.java:205)
	at org.springframework.web.method.support.InvocableHandlerMethod.invokeForRequest(InvocableHandlerMethod.java:150)
	at org.springframework.web.servlet.mvc.method.annotation.ServletInvocableHandlerMethod.invokeAndHandle(ServletInvocableHandlerMethod.java:117)
	at org.springframework.web.servlet.mvc.method.annotation.RequestMappingHandlerAdapter.invokeHandlerMethod(RequestMappingHandlerAdapter.java:895)
	at org.springframework.web.servlet.mvc.method.annotation.RequestMappingHandlerAdapter.handleInternal(RequestMappingHandlerAdapter.java:808)
	at org.springframework.web.servlet.mvc.method.AbstractHandlerMethodAdapter.handle(AbstractHandlerMethodAdapter.java:87)
	at org.springframework.web.servlet.DispatcherServlet.doDispatch(DispatcherServlet.java:1072)
	at org.springframework.web.servlet.DispatcherServlet.doService(DispatcherServlet.java:965)
	at org.springframework.web.servlet.FrameworkServlet.processRequest(FrameworkServlet.java:1006)
	at org.springframework.web.servlet.FrameworkServlet.doGet(FrameworkServlet.java:898)
	at javax.servlet.http.HttpServlet.service(HttpServlet.java:529)
	at org.springframework.web.servlet.FrameworkServlet.service(FrameworkServlet.java:883)
	at javax.servlet.http.HttpServlet.service(HttpServlet.java:623)
	at org.apache.catalina.core.ApplicationFilterChain.internalDoFilter(ApplicationFilterChain.java:197)
	at org.apache.catalina.core.ApplicationFilterChain.doFilter(ApplicationFilterChain.java:142)
	at org.apache.tomcat.websocket.server.WsFilter.doFilter(WsFilter.java:51)
	at org.apache.catalina.core.ApplicationFilterChain.internalDoFilter(ApplicationFilterChain.java:166)
	at org.apache.catalina.core.ApplicationFilterChain.doFilter(ApplicationFilterChain.java:142)
	at org.springframework.web.filter.RequestContextFilter.doFilterInternal(RequestContextFilter.java:100)
	at org.springframework.web.filter.OncePerRequestFilter.doFilter(OncePerRequestFilter.java:117)
	at org.apache.catalina.core.ApplicationFilterChain.internalDoFilter(ApplicationFilterChain.java:166)
	at org.apache.catalina.core.ApplicationFilterChain.doFilter(ApplicationFilterChain.java:142)
	at org.springframework.web.filter.FormContentFilter.doFilterInternal(FormContentFilter.java:93)
	at org.springframework.web.filter.OncePerRequestFilter.doFilter(OncePerRequestFilter.java:117)
	at org.apache.catalina.core.ApplicationFilterChain.internalDoFilter(ApplicationFilterChain.java:166)
	at org.apache.catalina.core.ApplicationFilterChain.doFilter(ApplicationFilterChain.java:142)
	at org.springframework.boot.actuate.metrics.web.servlet.WebMvcMetricsFilter.doFilterInternal(WebMvcMetricsFilter.java:96)
	at org.springframework.web.filter.OncePerRequestFilter.doFilter(OncePerRequestFilter.java:117)
	at org.apache.catalina.core.ApplicationFilterChain.internalDoFilter(ApplicationFilterChain.java:166)
	at org.apache.catalina.core.ApplicationFilterChain.doFilter(ApplicationFilterChain.java:142)
	at org.springframework.web.filter.CharacterEncodingFilter.doFilterInternal(CharacterEncodingFilter.java:201)
	at org.springframework.web.filter.OncePerRequestFilter.doFilter(OncePerRequestFilter.java:117)
	at org.apache.catalina.core.ApplicationFilterChain.internalDoFilter(ApplicationFilterChain.java:166)
	at org.apache.catalina.core.ApplicationFilterChain.doFilter(ApplicationFilterChain.java:142)
	at org.apache.catalina.core.StandardWrapperValve.invoke(StandardWrapperValve.java:166)
	at org.apache.catalina.core.StandardContextValve.invoke(StandardContextValve.java:88)
	at org.apache.catalina.authenticator.AuthenticatorBase.invoke(AuthenticatorBase.java:491)
	at org.apache.catalina.core.StandardHostValve.invoke(StandardHostValve.java:127)
	at org.apache.catalina.valves.ErrorReportValve.invoke(ErrorReportValve.java:83)
	at org.apache.catalina.core.StandardEngineValve.invoke(StandardEngineValve.java:72)
	at org.apache.catalina.connector.CoyoteAdapter.service(CoyoteAdapter.java:344)
	at org.apache.coyote.http11.Http11Processor.service(Http11Processor.java:398)
	at org.apache.coyote.AbstractProcessorLight.process(AbstractProcessorLight.java:63)
	at org.apache.coyote.AbstractProtocol$ConnectionHandler.process(AbstractProtocol.java:939)
	at org.apache.tomcat.util.net.NioEndpoint$SocketProcessor.doRun(NioEndpoint.java:1854)
	at org.apache.tomcat.util.net.SocketProcessorBase.run(SocketProcessorBase.java:52)
	at org.apache.tomcat.util.threads.ThreadPoolExecutor.runWorker(ThreadPoolExecutor.java:973)
	at org.apache.tomcat.util.threads.ThreadPoolExecutor$Worker.run(ThreadPoolExecutor.java:491)
	at org.apache.tomcat.util.threads.TaskThread$WrappingRunnable.run(TaskThread.java:63)
	at java.base/java.lang.Thread.run(Thread.java:840)
Caused by: it.unibz.inf.ontop.exception.OntopReformulationException: it.unibz.inf.ontop.exception.MinorOntopInternalBugException: Was expecting a unique and known DB term type to be extracted for the SQL variable id1m1
	at it.unibz.inf.ontop.answering.reformulation.impl.QuestQueryProcessor.reformulateIntoNativeQuery(QuestQueryProcessor.java:154)
	at it.unibz.inf.ontop.answering.connection.impl.QuestStatement.executeBooleanQuery(QuestStatement.java:148)
	at it.unibz.inf.ontop.answering.connection.impl.QuestStatement.lambda$execute$3(QuestStatement.java:227)
	at it.unibz.inf.ontop.answering.connection.impl.QuestStatement$QueryExecutionThread.run(QuestStatement.java:108)
Caused by: it.unibz.inf.ontop.exception.MinorOntopInternalBugException: Was expecting a unique and known DB term type to be extracted for the SQL variable id1m1
	at it.unibz.inf.ontop.generation.DefaultSQLIQTree2NativeNodeGenerator.lambda$extractUniqueKnownType$6(DefaultSQLIQTree2NativeNodeGenerator.java:84)
	at java.base/java.util.Optional.orElseThrow(Optional.java:403)
	at it.unibz.inf.ontop.generation.DefaultSQLIQTree2NativeNodeGenerator.extractUniqueKnownType(DefaultSQLIQTree2NativeNodeGenerator.java:84)
	at it.unibz.inf.ontop.generation.DefaultSQLIQTree2NativeNodeGenerator.lambda$extractVariableTypeMap$2(DefaultSQLIQTree2NativeNodeGenerator.java:76)
	at it.unibz.inf.ontop.utils.ImmutableCollectors.lambda$toMap$0(ImmutableCollectors.java:110)
	at java.base/java.util.stream.ReduceOps$3ReducingSink.accept(ReduceOps.java:169)
	at java.base/java.util.Spliterators$ArraySpliterator.forEachRemaining(Spliterators.java:992)
	at java.base/java.util.stream.AbstractPipeline.copyInto(AbstractPipeline.java:509)
	at java.base/java.util.stream.AbstractPipeline.wrapAndCopyInto(AbstractPipeline.java:499)
	at java.base/java.util.stream.ReduceOps$ReduceOp.evaluateSequential(ReduceOps.java:921)
	at java.base/java.util.stream.AbstractPipeline.evaluate(AbstractPipeline.java:234)
	at java.base/java.util.stream.ReferencePipeline.collect(ReferencePipeline.java:682)
	at it.unibz.inf.ontop.generation.DefaultSQLIQTree2NativeNodeGenerator.extractVariableTypeMap(DefaultSQLIQTree2NativeNodeGenerator.java:74)
	at it.unibz.inf.ontop.generation.DefaultSQLIQTree2NativeNodeGenerator.generate(DefaultSQLIQTree2NativeNodeGenerator.java:61)
	at it.unibz.inf.ontop.answering.reformulation.generation.impl.SQLGeneratorImpl.generateSourceQuery(SQLGeneratorImpl.java:156)
	at it.unibz.inf.ontop.answering.reformulation.generation.impl.SQLGeneratorImpl.generateSourceQuery(SQLGeneratorImpl.java:131)
	at it.unibz.inf.ontop.answering.reformulation.generation.impl.SQLGeneratorImpl.generateSourceQuery(SQLGeneratorImpl.java:111)
	at it.unibz.inf.ontop.answering.reformulation.impl.QuestQueryProcessor.generateExecutableQuery(QuestQueryProcessor.java:163)
	at it.unibz.inf.ontop.answering.reformulation.impl.QuestQueryProcessor.reformulateIntoNativeQuery(QuestQueryProcessor.java:123)
	... 3 more
12:11:07.668 |-WARN  in i.u.i.o.a.r.impl.QuestQueryProcessor - Unexpected exception: Was expecting a unique and known DB term type to be extracted for the SQL variable id1m1
it.unibz.inf.ontop.exception.MinorOntopInternalBugException: Was expecting a unique and known DB term type to be extracted for the SQL variable id1m1
	at it.unibz.inf.ontop.generation.DefaultSQLIQTree2NativeNodeGenerator.lambda$extractUniqueKnownType$6(DefaultSQLIQTree2NativeNodeGenerator.java:84)
	at java.base/java.util.Optional.orElseThrow(Optional.java:403)
	at it.unibz.inf.ontop.generation.DefaultSQLIQTree2NativeNodeGenerator.extractUniqueKnownType(DefaultSQLIQTree2NativeNodeGenerator.java:84)
	at it.unibz.inf.ontop.generation.DefaultSQLIQTree2NativeNodeGenerator.lambda$extractVariableTypeMap$2(DefaultSQLIQTree2NativeNodeGenerator.java:76)
	at it.unibz.inf.ontop.utils.ImmutableCollectors.lambda$toMap$0(ImmutableCollectors.java:110)
	at java.base/java.util.stream.ReduceOps$3ReducingSink.accept(ReduceOps.java:169)
	at java.base/java.util.Spliterators$ArraySpliterator.forEachRemaining(Spliterators.java:992)
	at java.base/java.util.stream.AbstractPipeline.copyInto(AbstractPipeline.java:509)
	at java.base/java.util.stream.AbstractPipeline.wrapAndCopyInto(AbstractPipeline.java:499)
	at java.base/java.util.stream.ReduceOps$ReduceOp.evaluateSequential(ReduceOps.java:921)
	at java.base/java.util.stream.AbstractPipeline.evaluate(AbstractPipeline.java:234)
	at java.base/java.util.stream.ReferencePipeline.collect(ReferencePipeline.java:682)
	at it.unibz.inf.ontop.generation.DefaultSQLIQTree2NativeNodeGenerator.extractVariableTypeMap(DefaultSQLIQTree2NativeNodeGenerator.java:74)
	at it.unibz.inf.ontop.generation.DefaultSQLIQTree2NativeNodeGenerator.generate(DefaultSQLIQTree2NativeNodeGenerator.java:61)
	at it.unibz.inf.ontop.answering.reformulation.generation.impl.SQLGeneratorImpl.generateSourceQuery(SQLGeneratorImpl.java:156)
	at it.unibz.inf.ontop.answering.reformulation.generation.impl.SQLGeneratorImpl.generateSourceQuery(SQLGeneratorImpl.java:131)
	at it.unibz.inf.ontop.answering.reformulation.generation.impl.SQLGeneratorImpl.generateSourceQuery(SQLGeneratorImpl.java:111)
	at it.unibz.inf.ontop.answering.reformulation.impl.QuestQueryProcessor.generateExecutableQuery(QuestQueryProcessor.java:163)
	at it.unibz.inf.ontop.answering.reformulation.impl.QuestQueryProcessor.reformulateIntoNativeQuery(QuestQueryProcessor.java:123)
	at it.unibz.inf.ontop.answering.connection.impl.QuestStatement.executeBooleanQuery(QuestStatement.java:148)
	at it.unibz.inf.ontop.answering.connection.impl.QuestStatement.lambda$execute$3(QuestStatement.java:227)
	at it.unibz.inf.ontop.answering.connection.impl.QuestStatement$QueryExecutionThread.run(QuestStatement.java:108)
12:11:07.668 |-ERROR in i.u.i.o.a.c.impl.QuestStatement - it.unibz.inf.ontop.exception.MinorOntopInternalBugException: Was expecting a unique and known DB term type to be extracted for the SQL variable id1m1
it.unibz.inf.ontop.exception.OntopReformulationException: it.unibz.inf.ontop.exception.MinorOntopInternalBugException: Was expecting a unique and known DB term type to be extracted for the SQL variable id1m1
	at it.unibz.inf.ontop.answering.reformulation.impl.QuestQueryProcessor.reformulateIntoNativeQuery(QuestQueryProcessor.java:154)
	at it.unibz.inf.ontop.answering.connection.impl.QuestStatement.executeBooleanQuery(QuestStatement.java:148)
	at it.unibz.inf.ontop.answering.connection.impl.QuestStatement.lambda$execute$3(QuestStatement.java:227)
	at it.unibz.inf.ontop.answering.connection.impl.QuestStatement$QueryExecutionThread.run(QuestStatement.java:108)
Caused by: it.unibz.inf.ontop.exception.MinorOntopInternalBugException: Was expecting a unique and known DB term type to be extracted for the SQL variable id1m1
	at it.unibz.inf.ontop.generation.DefaultSQLIQTree2NativeNodeGenerator.lambda$extractUniqueKnownType$6(DefaultSQLIQTree2NativeNodeGenerator.java:84)
	at java.base/java.util.Optional.orElseThrow(Optional.java:403)
	at it.unibz.inf.ontop.generation.DefaultSQLIQTree2NativeNodeGenerator.extractUniqueKnownType(DefaultSQLIQTree2NativeNodeGenerator.java:84)
	at it.unibz.inf.ontop.generation.DefaultSQLIQTree2NativeNodeGenerator.lambda$extractVariableTypeMap$2(DefaultSQLIQTree2NativeNodeGenerator.java:76)
	at it.unibz.inf.ontop.utils.ImmutableCollectors.lambda$toMap$0(ImmutableCollectors.java:110)
	at java.base/java.util.stream.ReduceOps$3ReducingSink.accept(ReduceOps.java:169)
	at java.base/java.util.Spliterators$ArraySpliterator.forEachRemaining(Spliterators.java:992)
	at java.base/java.util.stream.AbstractPipeline.copyInto(AbstractPipeline.java:509)
	at java.base/java.util.stream.AbstractPipeline.wrapAndCopyInto(AbstractPipeline.java:499)
	at java.base/java.util.stream.ReduceOps$ReduceOp.evaluateSequential(ReduceOps.java:921)
	at java.base/java.util.stream.AbstractPipeline.evaluate(AbstractPipeline.java:234)
	at java.base/java.util.stream.ReferencePipeline.collect(ReferencePipeline.java:682)
	at it.unibz.inf.ontop.generation.DefaultSQLIQTree2NativeNodeGenerator.extractVariableTypeMap(DefaultSQLIQTree2NativeNodeGenerator.java:74)
	at it.unibz.inf.ontop.generation.DefaultSQLIQTree2NativeNodeGenerator.generate(DefaultSQLIQTree2NativeNodeGenerator.java:61)
	at it.unibz.inf.ontop.answering.reformulation.generation.impl.SQLGeneratorImpl.generateSourceQuery(SQLGeneratorImpl.java:156)
	at it.unibz.inf.ontop.answering.reformulation.generation.impl.SQLGeneratorImpl.generateSourceQuery(SQLGeneratorImpl.java:131)
	at it.unibz.inf.ontop.answering.reformulation.generation.impl.SQLGeneratorImpl.generateSourceQuery(SQLGeneratorImpl.java:111)
	at it.unibz.inf.ontop.answering.reformulation.impl.QuestQueryProcessor.generateExecutableQuery(QuestQueryProcessor.java:163)
	at it.unibz.inf.ontop.answering.reformulation.impl.QuestQueryProcessor.reformulateIntoNativeQuery(QuestQueryProcessor.java:123)
	... 3 common frames omitted
org.eclipse.rdf4j.query.QueryEvaluationException: it.unibz.inf.ontop.exception.OntopReformulationException: it.unibz.inf.ontop.exception.MinorOntopInternalBugException: Was expecting a unique and known DB term type to be extracted for the SQL variable id1m1
	at it.unibz.inf.ontop.rdf4j.query.impl.OntopBooleanQuery.evaluate(OntopBooleanQuery.java:40)
	at it.unibz.inf.ontop.endpoint.processor.SparqlQueryExecutor.executeQuery(SparqlQueryExecutor.java:77)
	at it.unibz.inf.ontop.endpoint.controllers.SparqlQueryController.query_get(SparqlQueryController.java:42)
	at jdk.internal.reflect.GeneratedMethodAccessor7.invoke(Unknown Source)
	at java.base/jdk.internal.reflect.DelegatingMethodAccessorImpl.invoke(DelegatingMethodAccessorImpl.java:43)
	at java.base/java.lang.reflect.Method.invoke(Method.java:569)
	at org.springframework.web.method.support.InvocableHandlerMethod.doInvoke(InvocableHandlerMethod.java:205)
	at org.springframework.web.method.support.InvocableHandlerMethod.invokeForRequest(InvocableHandlerMethod.java:150)
	at org.springframework.web.servlet.mvc.method.annotation.ServletInvocableHandlerMethod.invokeAndHandle(ServletInvocableHandlerMethod.java:117)
	at org.springframework.web.servlet.mvc.method.annotation.RequestMappingHandlerAdapter.invokeHandlerMethod(RequestMappingHandlerAdapter.java:895)
	at org.springframework.web.servlet.mvc.method.annotation.RequestMappingHandlerAdapter.handleInternal(RequestMappingHandlerAdapter.java:808)
	at org.springframework.web.servlet.mvc.method.AbstractHandlerMethodAdapter.handle(AbstractHandlerMethodAdapter.java:87)
	at org.springframework.web.servlet.DispatcherServlet.doDispatch(DispatcherServlet.java:1072)
	at org.springframework.web.servlet.DispatcherServlet.doService(DispatcherServlet.java:965)
	at org.springframework.web.servlet.FrameworkServlet.processRequest(FrameworkServlet.java:1006)
	at org.springframework.web.servlet.FrameworkServlet.doGet(FrameworkServlet.java:898)
	at javax.servlet.http.HttpServlet.service(HttpServlet.java:529)
	at org.springframework.web.servlet.FrameworkServlet.service(FrameworkServlet.java:883)
	at javax.servlet.http.HttpServlet.service(HttpServlet.java:623)
	at org.apache.catalina.core.ApplicationFilterChain.internalDoFilter(ApplicationFilterChain.java:197)
	at org.apache.catalina.core.ApplicationFilterChain.doFilter(ApplicationFilterChain.java:142)
	at org.apache.tomcat.websocket.server.WsFilter.doFilter(WsFilter.java:51)
	at org.apache.catalina.core.ApplicationFilterChain.internalDoFilter(ApplicationFilterChain.java:166)
	at org.apache.catalina.core.ApplicationFilterChain.doFilter(ApplicationFilterChain.java:142)
	at org.springframework.web.filter.RequestContextFilter.doFilterInternal(RequestContextFilter.java:100)
	at org.springframework.web.filter.OncePerRequestFilter.doFilter(OncePerRequestFilter.java:117)
	at org.apache.catalina.core.ApplicationFilterChain.internalDoFilter(ApplicationFilterChain.java:166)
	at org.apache.catalina.core.ApplicationFilterChain.doFilter(ApplicationFilterChain.java:142)
	at org.springframework.web.filter.FormContentFilter.doFilterInternal(FormContentFilter.java:93)
	at org.springframework.web.filter.OncePerRequestFilter.doFilter(OncePerRequestFilter.java:117)
	at org.apache.catalina.core.ApplicationFilterChain.internalDoFilter(ApplicationFilterChain.java:166)
	at org.apache.catalina.core.ApplicationFilterChain.doFilter(ApplicationFilterChain.java:142)
	at org.springframework.boot.actuate.metrics.web.servlet.WebMvcMetricsFilter.doFilterInternal(WebMvcMetricsFilter.java:96)
	at org.springframework.web.filter.OncePerRequestFilter.doFilter(OncePerRequestFilter.java:117)
	at org.apache.catalina.core.ApplicationFilterChain.internalDoFilter(ApplicationFilterChain.java:166)
	at org.apache.catalina.core.ApplicationFilterChain.doFilter(ApplicationFilterChain.java:142)
	at org.springframework.web.filter.CharacterEncodingFilter.doFilterInternal(CharacterEncodingFilter.java:201)
	at org.springframework.web.filter.OncePerRequestFilter.doFilter(OncePerRequestFilter.java:117)
	at org.apache.catalina.core.ApplicationFilterChain.internalDoFilter(ApplicationFilterChain.java:166)
	at org.apache.catalina.core.ApplicationFilterChain.doFilter(ApplicationFilterChain.java:142)
	at org.apache.catalina.core.StandardWrapperValve.invoke(StandardWrapperValve.java:166)
	at org.apache.catalina.core.StandardContextValve.invoke(StandardContextValve.java:88)
	at org.apache.catalina.authenticator.AuthenticatorBase.invoke(AuthenticatorBase.java:491)
	at org.apache.catalina.core.StandardHostValve.invoke(StandardHostValve.java:127)
	at org.apache.catalina.valves.ErrorReportValve.invoke(ErrorReportValve.java:83)
	at org.apache.catalina.core.StandardEngineValve.invoke(StandardEngineValve.java:72)
	at org.apache.catalina.connector.CoyoteAdapter.service(CoyoteAdapter.java:344)
	at org.apache.coyote.http11.Http11Processor.service(Http11Processor.java:398)
	at org.apache.coyote.AbstractProcessorLight.process(AbstractProcessorLight.java:63)
	at org.apache.coyote.AbstractProtocol$ConnectionHandler.process(AbstractProtocol.java:939)
	at org.apache.tomcat.util.net.NioEndpoint$SocketProcessor.doRun(NioEndpoint.java:1854)
	at org.apache.tomcat.util.net.SocketProcessorBase.run(SocketProcessorBase.java:52)
	at org.apache.tomcat.util.threads.ThreadPoolExecutor.runWorker(ThreadPoolExecutor.java:973)
	at org.apache.tomcat.util.threads.ThreadPoolExecutor$Worker.run(ThreadPoolExecutor.java:491)
	at org.apache.tomcat.util.threads.TaskThread$WrappingRunnable.run(TaskThread.java:63)
	at java.base/java.lang.Thread.run(Thread.java:840)
Caused by: it.unibz.inf.ontop.exception.OntopReformulationException: it.unibz.inf.ontop.exception.MinorOntopInternalBugException: Was expecting a unique and known DB term type to be extracted for the SQL variable id1m1
	at it.unibz.inf.ontop.answering.reformulation.impl.QuestQueryProcessor.reformulateIntoNativeQuery(QuestQueryProcessor.java:154)
	at it.unibz.inf.ontop.answering.connection.impl.QuestStatement.executeBooleanQuery(QuestStatement.java:148)
	at it.unibz.inf.ontop.answering.connection.impl.QuestStatement.lambda$execute$3(QuestStatement.java:227)
	at it.unibz.inf.ontop.answering.connection.impl.QuestStatement$QueryExecutionThread.run(QuestStatement.java:108)
Caused by: it.unibz.inf.ontop.exception.MinorOntopInternalBugException: Was expecting a unique and known DB term type to be extracted for the SQL variable id1m1
	at it.unibz.inf.ontop.generation.DefaultSQLIQTree2NativeNodeGenerator.lambda$extractUniqueKnownType$6(DefaultSQLIQTree2NativeNodeGenerator.java:84)
	at java.base/java.util.Optional.orElseThrow(Optional.java:403)
	at it.unibz.inf.ontop.generation.DefaultSQLIQTree2NativeNodeGenerator.extractUniqueKnownType(DefaultSQLIQTree2NativeNodeGenerator.java:84)
	at it.unibz.inf.ontop.generation.DefaultSQLIQTree2NativeNodeGenerator.lambda$extractVariableTypeMap$2(DefaultSQLIQTree2NativeNodeGenerator.java:76)
	at it.unibz.inf.ontop.utils.ImmutableCollectors.lambda$toMap$0(ImmutableCollectors.java:110)
	at java.base/java.util.stream.ReduceOps$3ReducingSink.accept(ReduceOps.java:169)
	at java.base/java.util.Spliterators$ArraySpliterator.forEachRemaining(Spliterators.java:992)
	at java.base/java.util.stream.AbstractPipeline.copyInto(AbstractPipeline.java:509)
	at java.base/java.util.stream.AbstractPipeline.wrapAndCopyInto(AbstractPipeline.java:499)
	at java.base/java.util.stream.ReduceOps$ReduceOp.evaluateSequential(ReduceOps.java:921)
	at java.base/java.util.stream.AbstractPipeline.evaluate(AbstractPipeline.java:234)
	at java.base/java.util.stream.ReferencePipeline.collect(ReferencePipeline.java:682)
	at it.unibz.inf.ontop.generation.DefaultSQLIQTree2NativeNodeGenerator.extractVariableTypeMap(DefaultSQLIQTree2NativeNodeGenerator.java:74)
	at it.unibz.inf.ontop.generation.DefaultSQLIQTree2NativeNodeGenerator.generate(DefaultSQLIQTree2NativeNodeGenerator.java:61)
	at it.unibz.inf.ontop.answering.reformulation.generation.impl.SQLGeneratorImpl.generateSourceQuery(SQLGeneratorImpl.java:156)
	at it.unibz.inf.ontop.answering.reformulation.generation.impl.SQLGeneratorImpl.generateSourceQuery(SQLGeneratorImpl.java:131)
	at it.unibz.inf.ontop.answering.reformulation.generation.impl.SQLGeneratorImpl.generateSourceQuery(SQLGeneratorImpl.java:111)
	at it.unibz.inf.ontop.answering.reformulation.impl.QuestQueryProcessor.generateExecutableQuery(QuestQueryProcessor.java:163)
	at it.unibz.inf.ontop.answering.reformulation.impl.QuestQueryProcessor.reformulateIntoNativeQuery(QuestQueryProcessor.java:123)
	... 3 more
12:11:08.713 |-WARN  in i.u.i.o.a.r.impl.QuestQueryProcessor - Unexpected exception: Was expecting a unique and known DB term type to be extracted for the SQL variable id1m1
it.unibz.inf.ontop.exception.MinorOntopInternalBugException: Was expecting a unique and known DB term type to be extracted for the SQL variable id1m1
	at it.unibz.inf.ontop.generation.DefaultSQLIQTree2NativeNodeGenerator.lambda$extractUniqueKnownType$6(DefaultSQLIQTree2NativeNodeGenerator.java:84)
	at java.base/java.util.Optional.orElseThrow(Optional.java:403)
	at it.unibz.inf.ontop.generation.DefaultSQLIQTree2NativeNodeGenerator.extractUniqueKnownType(DefaultSQLIQTree2NativeNodeGenerator.java:84)
	at it.unibz.inf.ontop.generation.DefaultSQLIQTree2NativeNodeGenerator.lambda$extractVariableTypeMap$2(DefaultSQLIQTree2NativeNodeGenerator.java:76)
	at it.unibz.inf.ontop.utils.ImmutableCollectors.lambda$toMap$0(ImmutableCollectors.java:110)
	at java.base/java.util.stream.ReduceOps$3ReducingSink.accept(ReduceOps.java:169)
	at java.base/java.util.Spliterators$ArraySpliterator.forEachRemaining(Spliterators.java:992)
	at java.base/java.util.stream.AbstractPipeline.copyInto(AbstractPipeline.java:509)
	at java.base/java.util.stream.AbstractPipeline.wrapAndCopyInto(AbstractPipeline.java:499)
	at java.base/java.util.stream.ReduceOps$ReduceOp.evaluateSequential(ReduceOps.java:921)
	at java.base/java.util.stream.AbstractPipeline.evaluate(AbstractPipeline.java:234)
	at java.base/java.util.stream.ReferencePipeline.collect(ReferencePipeline.java:682)
	at it.unibz.inf.ontop.generation.DefaultSQLIQTree2NativeNodeGenerator.extractVariableTypeMap(DefaultSQLIQTree2NativeNodeGenerator.java:74)
	at it.unibz.inf.ontop.generation.DefaultSQLIQTree2NativeNodeGenerator.generate(DefaultSQLIQTree2NativeNodeGenerator.java:61)
	at it.unibz.inf.ontop.answering.reformulation.generation.impl.SQLGeneratorImpl.generateSourceQuery(SQLGeneratorImpl.java:156)
	at it.unibz.inf.ontop.answering.reformulation.generation.impl.SQLGeneratorImpl.generateSourceQuery(SQLGeneratorImpl.java:131)
	at it.unibz.inf.ontop.answering.reformulation.generation.impl.SQLGeneratorImpl.generateSourceQuery(SQLGeneratorImpl.java:111)
	at it.unibz.inf.ontop.answering.reformulation.impl.QuestQueryProcessor.generateExecutableQuery(QuestQueryProcessor.java:163)
	at it.unibz.inf.ontop.answering.reformulation.impl.QuestQueryProcessor.reformulateIntoNativeQuery(QuestQueryProcessor.java:123)
	at it.unibz.inf.ontop.answering.connection.impl.QuestStatement.executeBooleanQuery(QuestStatement.java:148)
	at it.unibz.inf.ontop.answering.connection.impl.QuestStatement.lambda$execute$3(QuestStatement.java:227)
	at it.unibz.inf.ontop.answering.connection.impl.QuestStatement$QueryExecutionThread.run(QuestStatement.java:108)
12:11:08.713 |-ERROR in i.u.i.o.a.c.impl.QuestStatement - it.unibz.inf.ontop.exception.MinorOntopInternalBugException: Was expecting a unique and known DB term type to be extracted for the SQL variable id1m1
it.unibz.inf.ontop.exception.OntopReformulationException: it.unibz.inf.ontop.exception.MinorOntopInternalBugException: Was expecting a unique and known DB term type to be extracted for the SQL variable id1m1
	at it.unibz.inf.ontop.answering.reformulation.impl.QuestQueryProcessor.reformulateIntoNativeQuery(QuestQueryProcessor.java:154)
	at it.unibz.inf.ontop.answering.connection.impl.QuestStatement.executeBooleanQuery(QuestStatement.java:148)
	at it.unibz.inf.ontop.answering.connection.impl.QuestStatement.lambda$execute$3(QuestStatement.java:227)
	at it.unibz.inf.ontop.answering.connection.impl.QuestStatement$QueryExecutionThread.run(QuestStatement.java:108)
Caused by: it.unibz.inf.ontop.exception.MinorOntopInternalBugException: Was expecting a unique and known DB term type to be extracted for the SQL variable id1m1
	at it.unibz.inf.ontop.generation.DefaultSQLIQTree2NativeNodeGenerator.lambda$extractUniqueKnownType$6(DefaultSQLIQTree2NativeNodeGenerator.java:84)
	at java.base/java.util.Optional.orElseThrow(Optional.java:403)
	at it.unibz.inf.ontop.generation.DefaultSQLIQTree2NativeNodeGenerator.extractUniqueKnownType(DefaultSQLIQTree2NativeNodeGenerator.java:84)
	at it.unibz.inf.ontop.generation.DefaultSQLIQTree2NativeNodeGenerator.lambda$extractVariableTypeMap$2(DefaultSQLIQTree2NativeNodeGenerator.java:76)
	at it.unibz.inf.ontop.utils.ImmutableCollectors.lambda$toMap$0(ImmutableCollectors.java:110)
	at java.base/java.util.stream.ReduceOps$3ReducingSink.accept(ReduceOps.java:169)
	at java.base/java.util.Spliterators$ArraySpliterator.forEachRemaining(Spliterators.java:992)
	at java.base/java.util.stream.AbstractPipeline.copyInto(AbstractPipeline.java:509)
	at java.base/java.util.stream.AbstractPipeline.wrapAndCopyInto(AbstractPipeline.java:499)
	at java.base/java.util.stream.ReduceOps$ReduceOp.evaluateSequential(ReduceOps.java:921)
	at java.base/java.util.stream.AbstractPipeline.evaluate(AbstractPipeline.java:234)
	at java.base/java.util.stream.ReferencePipeline.collect(ReferencePipeline.java:682)
	at it.unibz.inf.ontop.generation.DefaultSQLIQTree2NativeNodeGenerator.extractVariableTypeMap(DefaultSQLIQTree2NativeNodeGenerator.java:74)
	at it.unibz.inf.ontop.generation.DefaultSQLIQTree2NativeNodeGenerator.generate(DefaultSQLIQTree2NativeNodeGenerator.java:61)
	at it.unibz.inf.ontop.answering.reformulation.generation.impl.SQLGeneratorImpl.generateSourceQuery(SQLGeneratorImpl.java:156)
	at it.unibz.inf.ontop.answering.reformulation.generation.impl.SQLGeneratorImpl.generateSourceQuery(SQLGeneratorImpl.java:131)
	at it.unibz.inf.ontop.answering.reformulation.generation.impl.SQLGeneratorImpl.generateSourceQuery(SQLGeneratorImpl.java:111)
	at it.unibz.inf.ontop.answering.reformulation.impl.QuestQueryProcessor.generateExecutableQuery(QuestQueryProcessor.java:163)
	at it.unibz.inf.ontop.answering.reformulation.impl.QuestQueryProcessor.reformulateIntoNativeQuery(QuestQueryProcessor.java:123)
	... 3 common frames omitted
org.eclipse.rdf4j.query.QueryEvaluationException: it.unibz.inf.ontop.exception.OntopReformulationException: it.unibz.inf.ontop.exception.MinorOntopInternalBugException: Was expecting a unique and known DB term type to be extracted for the SQL variable id1m1
	at it.unibz.inf.ontop.rdf4j.query.impl.OntopBooleanQuery.evaluate(OntopBooleanQuery.java:40)
	at it.unibz.inf.ontop.endpoint.processor.SparqlQueryExecutor.executeQuery(SparqlQueryExecutor.java:77)
	at it.unibz.inf.ontop.endpoint.controllers.SparqlQueryController.query_get(SparqlQueryController.java:42)
	at jdk.internal.reflect.GeneratedMethodAccessor7.invoke(Unknown Source)
	at java.base/jdk.internal.reflect.DelegatingMethodAccessorImpl.invoke(DelegatingMethodAccessorImpl.java:43)
	at java.base/java.lang.reflect.Method.invoke(Method.java:569)
	at org.springframework.web.method.support.InvocableHandlerMethod.doInvoke(InvocableHandlerMethod.java:205)
	at org.springframework.web.method.support.InvocableHandlerMethod.invokeForRequest(InvocableHandlerMethod.java:150)
	at org.springframework.web.servlet.mvc.method.annotation.ServletInvocableHandlerMethod.invokeAndHandle(ServletInvocableHandlerMethod.java:117)
	at org.springframework.web.servlet.mvc.method.annotation.RequestMappingHandlerAdapter.invokeHandlerMethod(RequestMappingHandlerAdapter.java:895)
	at org.springframework.web.servlet.mvc.method.annotation.RequestMappingHandlerAdapter.handleInternal(RequestMappingHandlerAdapter.java:808)
	at org.springframework.web.servlet.mvc.method.AbstractHandlerMethodAdapter.handle(AbstractHandlerMethodAdapter.java:87)
	at org.springframework.web.servlet.DispatcherServlet.doDispatch(DispatcherServlet.java:1072)
	at org.springframework.web.servlet.DispatcherServlet.doService(DispatcherServlet.java:965)
	at org.springframework.web.servlet.FrameworkServlet.processRequest(FrameworkServlet.java:1006)
	at org.springframework.web.servlet.FrameworkServlet.doGet(FrameworkServlet.java:898)
	at javax.servlet.http.HttpServlet.service(HttpServlet.java:529)
	at org.springframework.web.servlet.FrameworkServlet.service(FrameworkServlet.java:883)
	at javax.servlet.http.HttpServlet.service(HttpServlet.java:623)
	at org.apache.catalina.core.ApplicationFilterChain.internalDoFilter(ApplicationFilterChain.java:197)
	at org.apache.catalina.core.ApplicationFilterChain.doFilter(ApplicationFilterChain.java:142)
	at org.apache.tomcat.websocket.server.WsFilter.doFilter(WsFilter.java:51)
	at org.apache.catalina.core.ApplicationFilterChain.internalDoFilter(ApplicationFilterChain.java:166)
	at org.apache.catalina.core.ApplicationFilterChain.doFilter(ApplicationFilterChain.java:142)
	at org.springframework.web.filter.RequestContextFilter.doFilterInternal(RequestContextFilter.java:100)
	at org.springframework.web.filter.OncePerRequestFilter.doFilter(OncePerRequestFilter.java:117)
	at org.apache.catalina.core.ApplicationFilterChain.internalDoFilter(ApplicationFilterChain.java:166)
	at org.apache.catalina.core.ApplicationFilterChain.doFilter(ApplicationFilterChain.java:142)
	at org.springframework.web.filter.FormContentFilter.doFilterInternal(FormContentFilter.java:93)
	at org.springframework.web.filter.OncePerRequestFilter.doFilter(OncePerRequestFilter.java:117)
	at org.apache.catalina.core.ApplicationFilterChain.internalDoFilter(ApplicationFilterChain.java:166)
	at org.apache.catalina.core.ApplicationFilterChain.doFilter(ApplicationFilterChain.java:142)
	at org.springframework.boot.actuate.metrics.web.servlet.WebMvcMetricsFilter.doFilterInternal(WebMvcMetricsFilter.java:96)
	at org.springframework.web.filter.OncePerRequestFilter.doFilter(OncePerRequestFilter.java:117)
	at org.apache.catalina.core.ApplicationFilterChain.internalDoFilter(ApplicationFilterChain.java:166)
	at org.apache.catalina.core.ApplicationFilterChain.doFilter(ApplicationFilterChain.java:142)
	at org.springframework.web.filter.CharacterEncodingFilter.doFilterInternal(CharacterEncodingFilter.java:201)
	at org.springframework.web.filter.OncePerRequestFilter.doFilter(OncePerRequestFilter.java:117)
	at org.apache.catalina.core.ApplicationFilterChain.internalDoFilter(ApplicationFilterChain.java:166)
	at org.apache.catalina.core.ApplicationFilterChain.doFilter(ApplicationFilterChain.java:142)
	at org.apache.catalina.core.StandardWrapperValve.invoke(StandardWrapperValve.java:166)
	at org.apache.catalina.core.StandardContextValve.invoke(StandardContextValve.java:88)
	at org.apache.catalina.authenticator.AuthenticatorBase.invoke(AuthenticatorBase.java:491)
	at org.apache.catalina.core.StandardHostValve.invoke(StandardHostValve.java:127)
	at org.apache.catalina.valves.ErrorReportValve.invoke(ErrorReportValve.java:83)
	at org.apache.catalina.core.StandardEngineValve.invoke(StandardEngineValve.java:72)
	at org.apache.catalina.connector.CoyoteAdapter.service(CoyoteAdapter.java:344)
	at org.apache.coyote.http11.Http11Processor.service(Http11Processor.java:398)
	at org.apache.coyote.AbstractProcessorLight.process(AbstractProcessorLight.java:63)
	at org.apache.coyote.AbstractProtocol$ConnectionHandler.process(AbstractProtocol.java:939)
	at org.apache.tomcat.util.net.NioEndpoint$SocketProcessor.doRun(NioEndpoint.java:1854)
	at org.apache.tomcat.util.net.SocketProcessorBase.run(SocketProcessorBase.java:52)
	at org.apache.tomcat.util.threads.ThreadPoolExecutor.runWorker(ThreadPoolExecutor.java:973)
	at org.apache.tomcat.util.threads.ThreadPoolExecutor$Worker.run(ThreadPoolExecutor.java:491)
	at org.apache.tomcat.util.threads.TaskThread$WrappingRunnable.run(TaskThread.java:63)
	at java.base/java.lang.Thread.run(Thread.java:840)
Caused by: it.unibz.inf.ontop.exception.OntopReformulationException: it.unibz.inf.ontop.exception.MinorOntopInternalBugException: Was expecting a unique and known DB term type to be extracted for the SQL variable id1m1
	at it.unibz.inf.ontop.answering.reformulation.impl.QuestQueryProcessor.reformulateIntoNativeQuery(QuestQueryProcessor.java:154)
	at it.unibz.inf.ontop.answering.connection.impl.QuestStatement.executeBooleanQuery(QuestStatement.java:148)
	at it.unibz.inf.ontop.answering.connection.impl.QuestStatement.lambda$execute$3(QuestStatement.java:227)
	at it.unibz.inf.ontop.answering.connection.impl.QuestStatement$QueryExecutionThread.run(QuestStatement.java:108)
Caused by: it.unibz.inf.ontop.exception.MinorOntopInternalBugException: Was expecting a unique and known DB term type to be extracted for the SQL variable id1m1
	at it.unibz.inf.ontop.generation.DefaultSQLIQTree2NativeNodeGenerator.lambda$extractUniqueKnownType$6(DefaultSQLIQTree2NativeNodeGenerator.java:84)
	at java.base/java.util.Optional.orElseThrow(Optional.java:403)
	at it.unibz.inf.ontop.generation.DefaultSQLIQTree2NativeNodeGenerator.extractUniqueKnownType(DefaultSQLIQTree2NativeNodeGenerator.java:84)
	at it.unibz.inf.ontop.generation.DefaultSQLIQTree2NativeNodeGenerator.lambda$extractVariableTypeMap$2(DefaultSQLIQTree2NativeNodeGenerator.java:76)
	at it.unibz.inf.ontop.utils.ImmutableCollectors.lambda$toMap$0(ImmutableCollectors.java:110)
	at java.base/java.util.stream.ReduceOps$3ReducingSink.accept(ReduceOps.java:169)
	at java.base/java.util.Spliterators$ArraySpliterator.forEachRemaining(Spliterators.java:992)
	at java.base/java.util.stream.AbstractPipeline.copyInto(AbstractPipeline.java:509)
	at java.base/java.util.stream.AbstractPipeline.wrapAndCopyInto(AbstractPipeline.java:499)
	at java.base/java.util.stream.ReduceOps$ReduceOp.evaluateSequential(ReduceOps.java:921)
	at java.base/java.util.stream.AbstractPipeline.evaluate(AbstractPipeline.java:234)
	at java.base/java.util.stream.ReferencePipeline.collect(ReferencePipeline.java:682)
	at it.unibz.inf.ontop.generation.DefaultSQLIQTree2NativeNodeGenerator.extractVariableTypeMap(DefaultSQLIQTree2NativeNodeGenerator.java:74)
	at it.unibz.inf.ontop.generation.DefaultSQLIQTree2NativeNodeGenerator.generate(DefaultSQLIQTree2NativeNodeGenerator.java:61)
	at it.unibz.inf.ontop.answering.reformulation.generation.impl.SQLGeneratorImpl.generateSourceQuery(SQLGeneratorImpl.java:156)
	at it.unibz.inf.ontop.answering.reformulation.generation.impl.SQLGeneratorImpl.generateSourceQuery(SQLGeneratorImpl.java:131)
	at it.unibz.inf.ontop.answering.reformulation.generation.impl.SQLGeneratorImpl.generateSourceQuery(SQLGeneratorImpl.java:111)
	at it.unibz.inf.ontop.answering.reformulation.impl.QuestQueryProcessor.generateExecutableQuery(QuestQueryProcessor.java:163)
	at it.unibz.inf.ontop.answering.reformulation.impl.QuestQueryProcessor.reformulateIntoNativeQuery(QuestQueryProcessor.java:123)
	... 3 more
12:11:09.760 |-WARN  in i.u.i.o.a.r.impl.QuestQueryProcessor - Unexpected exception: Was expecting a unique and known DB term type to be extracted for the SQL variable id1m1
it.unibz.inf.ontop.exception.MinorOntopInternalBugException: Was expecting a unique and known DB term type to be extracted for the SQL variable id1m1
	at it.unibz.inf.ontop.generation.DefaultSQLIQTree2NativeNodeGenerator.lambda$extractUniqueKnownType$6(DefaultSQLIQTree2NativeNodeGenerator.java:84)
	at java.base/java.util.Optional.orElseThrow(Optional.java:403)
	at it.unibz.inf.ontop.generation.DefaultSQLIQTree2NativeNodeGenerator.extractUniqueKnownType(DefaultSQLIQTree2NativeNodeGenerator.java:84)
	at it.unibz.inf.ontop.generation.DefaultSQLIQTree2NativeNodeGenerator.lambda$extractVariableTypeMap$2(DefaultSQLIQTree2NativeNodeGenerator.java:76)
	at it.unibz.inf.ontop.utils.ImmutableCollectors.lambda$toMap$0(ImmutableCollectors.java:110)
	at java.base/java.util.stream.ReduceOps$3ReducingSink.accept(ReduceOps.java:169)
	at java.base/java.util.Spliterators$ArraySpliterator.forEachRemaining(Spliterators.java:992)
	at java.base/java.util.stream.AbstractPipeline.copyInto(AbstractPipeline.java:509)
	at java.base/java.util.stream.AbstractPipeline.wrapAndCopyInto(AbstractPipeline.java:499)
	at java.base/java.util.stream.ReduceOps$ReduceOp.evaluateSequential(ReduceOps.java:921)
	at java.base/java.util.stream.AbstractPipeline.evaluate(AbstractPipeline.java:234)
	at java.base/java.util.stream.ReferencePipeline.collect(ReferencePipeline.java:682)
	at it.unibz.inf.ontop.generation.DefaultSQLIQTree2NativeNodeGenerator.extractVariableTypeMap(DefaultSQLIQTree2NativeNodeGenerator.java:74)
	at it.unibz.inf.ontop.generation.DefaultSQLIQTree2NativeNodeGenerator.generate(DefaultSQLIQTree2NativeNodeGenerator.java:61)
	at it.unibz.inf.ontop.answering.reformulation.generation.impl.SQLGeneratorImpl.generateSourceQuery(SQLGeneratorImpl.java:156)
	at it.unibz.inf.ontop.answering.reformulation.generation.impl.SQLGeneratorImpl.generateSourceQuery(SQLGeneratorImpl.java:131)
	at it.unibz.inf.ontop.answering.reformulation.generation.impl.SQLGeneratorImpl.generateSourceQuery(SQLGeneratorImpl.java:111)
	at it.unibz.inf.ontop.answering.reformulation.impl.QuestQueryProcessor.generateExecutableQuery(QuestQueryProcessor.java:163)
	at it.unibz.inf.ontop.answering.reformulation.impl.QuestQueryProcessor.reformulateIntoNativeQuery(QuestQueryProcessor.java:123)
	at it.unibz.inf.ontop.answering.connection.impl.QuestStatement.executeBooleanQuery(QuestStatement.java:148)
	at it.unibz.inf.ontop.answering.connection.impl.QuestStatement.lambda$execute$3(QuestStatement.java:227)
	at it.unibz.inf.ontop.answering.connection.impl.QuestStatement$QueryExecutionThread.run(QuestStatement.java:108)
12:11:09.760 |-ERROR in i.u.i.o.a.c.impl.QuestStatement - it.unibz.inf.ontop.exception.MinorOntopInternalBugException: Was expecting a unique and known DB term type to be extracted for the SQL variable id1m1
it.unibz.inf.ontop.exception.OntopReformulationException: it.unibz.inf.ontop.exception.MinorOntopInternalBugException: Was expecting a unique and known DB term type to be extracted for the SQL variable id1m1
	at it.unibz.inf.ontop.answering.reformulation.impl.QuestQueryProcessor.reformulateIntoNativeQuery(QuestQueryProcessor.java:154)
	at it.unibz.inf.ontop.answering.connection.impl.QuestStatement.executeBooleanQuery(QuestStatement.java:148)
	at it.unibz.inf.ontop.answering.connection.impl.QuestStatement.lambda$execute$3(QuestStatement.java:227)
	at it.unibz.inf.ontop.answering.connection.impl.QuestStatement$QueryExecutionThread.run(QuestStatement.java:108)
Caused by: it.unibz.inf.ontop.exception.MinorOntopInternalBugException: Was expecting a unique and known DB term type to be extracted for the SQL variable id1m1
	at it.unibz.inf.ontop.generation.DefaultSQLIQTree2NativeNodeGenerator.lambda$extractUniqueKnownType$6(DefaultSQLIQTree2NativeNodeGenerator.java:84)
	at java.base/java.util.Optional.orElseThrow(Optional.java:403)
	at it.unibz.inf.ontop.generation.DefaultSQLIQTree2NativeNodeGenerator.extractUniqueKnownType(DefaultSQLIQTree2NativeNodeGenerator.java:84)
	at it.unibz.inf.ontop.generation.DefaultSQLIQTree2NativeNodeGenerator.lambda$extractVariableTypeMap$2(DefaultSQLIQTree2NativeNodeGenerator.java:76)
	at it.unibz.inf.ontop.utils.ImmutableCollectors.lambda$toMap$0(ImmutableCollectors.java:110)
	at java.base/java.util.stream.ReduceOps$3ReducingSink.accept(ReduceOps.java:169)
	at java.base/java.util.Spliterators$ArraySpliterator.forEachRemaining(Spliterators.java:992)
	at java.base/java.util.stream.AbstractPipeline.copyInto(AbstractPipeline.java:509)
	at java.base/java.util.stream.AbstractPipeline.wrapAndCopyInto(AbstractPipeline.java:499)
	at java.base/java.util.stream.ReduceOps$ReduceOp.evaluateSequential(ReduceOps.java:921)
	at java.base/java.util.stream.AbstractPipeline.evaluate(AbstractPipeline.java:234)
	at java.base/java.util.stream.ReferencePipeline.collect(ReferencePipeline.java:682)
	at it.unibz.inf.ontop.generation.DefaultSQLIQTree2NativeNodeGenerator.extractVariableTypeMap(DefaultSQLIQTree2NativeNodeGenerator.java:74)
	at it.unibz.inf.ontop.generation.DefaultSQLIQTree2NativeNodeGenerator.generate(DefaultSQLIQTree2NativeNodeGenerator.java:61)
	at it.unibz.inf.ontop.answering.reformulation.generation.impl.SQLGeneratorImpl.generateSourceQuery(SQLGeneratorImpl.java:156)
	at it.unibz.inf.ontop.answering.reformulation.generation.impl.SQLGeneratorImpl.generateSourceQuery(SQLGeneratorImpl.java:131)
	at it.unibz.inf.ontop.answering.reformulation.generation.impl.SQLGeneratorImpl.generateSourceQuery(SQLGeneratorImpl.java:111)
	at it.unibz.inf.ontop.answering.reformulation.impl.QuestQueryProcessor.generateExecutableQuery(QuestQueryProcessor.java:163)
	at it.unibz.inf.ontop.answering.reformulation.impl.QuestQueryProcessor.reformulateIntoNativeQuery(QuestQueryProcessor.java:123)
	... 3 common frames omitted
org.eclipse.rdf4j.query.QueryEvaluationException: it.unibz.inf.ontop.exception.OntopReformulationException: it.unibz.inf.ontop.exception.MinorOntopInternalBugException: Was expecting a unique and known DB term type to be extracted for the SQL variable id1m1
	at it.unibz.inf.ontop.rdf4j.query.impl.OntopBooleanQuery.evaluate(OntopBooleanQuery.java:40)
	at it.unibz.inf.ontop.endpoint.processor.SparqlQueryExecutor.executeQuery(SparqlQueryExecutor.java:77)
	at it.unibz.inf.ontop.endpoint.controllers.SparqlQueryController.query_get(SparqlQueryController.java:42)
	at jdk.internal.reflect.GeneratedMethodAccessor7.invoke(Unknown Source)
	at java.base/jdk.internal.reflect.DelegatingMethodAccessorImpl.invoke(DelegatingMethodAccessorImpl.java:43)
	at java.base/java.lang.reflect.Method.invoke(Method.java:569)
	at org.springframework.web.method.support.InvocableHandlerMethod.doInvoke(InvocableHandlerMethod.java:205)
	at org.springframework.web.method.support.InvocableHandlerMethod.invokeForRequest(InvocableHandlerMethod.java:150)
	at org.springframework.web.servlet.mvc.method.annotation.ServletInvocableHandlerMethod.invokeAndHandle(ServletInvocableHandlerMethod.java:117)
	at org.springframework.web.servlet.mvc.method.annotation.RequestMappingHandlerAdapter.invokeHandlerMethod(RequestMappingHandlerAdapter.java:895)
	at org.springframework.web.servlet.mvc.method.annotation.RequestMappingHandlerAdapter.handleInternal(RequestMappingHandlerAdapter.java:808)
	at org.springframework.web.servlet.mvc.method.AbstractHandlerMethodAdapter.handle(AbstractHandlerMethodAdapter.java:87)
	at org.springframework.web.servlet.DispatcherServlet.doDispatch(DispatcherServlet.java:1072)
	at org.springframework.web.servlet.DispatcherServlet.doService(DispatcherServlet.java:965)
	at org.springframework.web.servlet.FrameworkServlet.processRequest(FrameworkServlet.java:1006)
	at org.springframework.web.servlet.FrameworkServlet.doGet(FrameworkServlet.java:898)
	at javax.servlet.http.HttpServlet.service(HttpServlet.java:529)
	at org.springframework.web.servlet.FrameworkServlet.service(FrameworkServlet.java:883)
	at javax.servlet.http.HttpServlet.service(HttpServlet.java:623)
	at org.apache.catalina.core.ApplicationFilterChain.internalDoFilter(ApplicationFilterChain.java:197)
	at org.apache.catalina.core.ApplicationFilterChain.doFilter(ApplicationFilterChain.java:142)
	at org.apache.tomcat.websocket.server.WsFilter.doFilter(WsFilter.java:51)
	at org.apache.catalina.core.ApplicationFilterChain.internalDoFilter(ApplicationFilterChain.java:166)
	at org.apache.catalina.core.ApplicationFilterChain.doFilter(ApplicationFilterChain.java:142)
	at org.springframework.web.filter.RequestContextFilter.doFilterInternal(RequestContextFilter.java:100)
	at org.springframework.web.filter.OncePerRequestFilter.doFilter(OncePerRequestFilter.java:117)
	at org.apache.catalina.core.ApplicationFilterChain.internalDoFilter(ApplicationFilterChain.java:166)
	at org.apache.catalina.core.ApplicationFilterChain.doFilter(ApplicationFilterChain.java:142)
	at org.springframework.web.filter.FormContentFilter.doFilterInternal(FormContentFilter.java:93)
	at org.springframework.web.filter.OncePerRequestFilter.doFilter(OncePerRequestFilter.java:117)
	at org.apache.catalina.core.ApplicationFilterChain.internalDoFilter(ApplicationFilterChain.java:166)
	at org.apache.catalina.core.ApplicationFilterChain.doFilter(ApplicationFilterChain.java:142)
	at org.springframework.boot.actuate.metrics.web.servlet.WebMvcMetricsFilter.doFilterInternal(WebMvcMetricsFilter.java:96)
	at org.springframework.web.filter.OncePerRequestFilter.doFilter(OncePerRequestFilter.java:117)
	at org.apache.catalina.core.ApplicationFilterChain.internalDoFilter(ApplicationFilterChain.java:166)
	at org.apache.catalina.core.ApplicationFilterChain.doFilter(ApplicationFilterChain.java:142)
	at org.springframework.web.filter.CharacterEncodingFilter.doFilterInternal(CharacterEncodingFilter.java:201)
	at org.springframework.web.filter.OncePerRequestFilter.doFilter(OncePerRequestFilter.java:117)
	at org.apache.catalina.core.ApplicationFilterChain.internalDoFilter(ApplicationFilterChain.java:166)
	at org.apache.catalina.core.ApplicationFilterChain.doFilter(ApplicationFilterChain.java:142)
	at org.apache.catalina.core.StandardWrapperValve.invoke(StandardWrapperValve.java:166)
	at org.apache.catalina.core.StandardContextValve.invoke(StandardContextValve.java:88)
	at org.apache.catalina.authenticator.AuthenticatorBase.invoke(AuthenticatorBase.java:491)
	at org.apache.catalina.core.StandardHostValve.invoke(StandardHostValve.java:127)
	at org.apache.catalina.valves.ErrorReportValve.invoke(ErrorReportValve.java:83)
	at org.apache.catalina.core.StandardEngineValve.invoke(StandardEngineValve.java:72)
	at org.apache.catalina.connector.CoyoteAdapter.service(CoyoteAdapter.java:344)
	at org.apache.coyote.http11.Http11Processor.service(Http11Processor.java:398)
	at org.apache.coyote.AbstractProcessorLight.process(AbstractProcessorLight.java:63)
	at org.apache.coyote.AbstractProtocol$ConnectionHandler.process(AbstractProtocol.java:939)
	at org.apache.tomcat.util.net.NioEndpoint$SocketProcessor.doRun(NioEndpoint.java:1854)
	at org.apache.tomcat.util.net.SocketProcessorBase.run(SocketProcessorBase.java:52)
	at org.apache.tomcat.util.threads.ThreadPoolExecutor.runWorker(ThreadPoolExecutor.java:973)
	at org.apache.tomcat.util.threads.ThreadPoolExecutor$Worker.run(ThreadPoolExecutor.java:491)
	at org.apache.tomcat.util.threads.TaskThread$WrappingRunnable.run(TaskThread.java:63)
	at java.base/java.lang.Thread.run(Thread.java:840)
Caused by: it.unibz.inf.ontop.exception.OntopReformulationException: it.unibz.inf.ontop.exception.MinorOntopInternalBugException: Was expecting a unique and known DB term type to be extracted for the SQL variable id1m1
	at it.unibz.inf.ontop.answering.reformulation.impl.QuestQueryProcessor.reformulateIntoNativeQuery(QuestQueryProcessor.java:154)
	at it.unibz.inf.ontop.answering.connection.impl.QuestStatement.executeBooleanQuery(QuestStatement.java:148)
	at it.unibz.inf.ontop.answering.connection.impl.QuestStatement.lambda$execute$3(QuestStatement.java:227)
	at it.unibz.inf.ontop.answering.connection.impl.QuestStatement$QueryExecutionThread.run(QuestStatement.java:108)
Caused by: it.unibz.inf.ontop.exception.MinorOntopInternalBugException: Was expecting a unique and known DB term type to be extracted for the SQL variable id1m1
	at it.unibz.inf.ontop.generation.DefaultSQLIQTree2NativeNodeGenerator.lambda$extractUniqueKnownType$6(DefaultSQLIQTree2NativeNodeGenerator.java:84)
	at java.base/java.util.Optional.orElseThrow(Optional.java:403)
	at it.unibz.inf.ontop.generation.DefaultSQLIQTree2NativeNodeGenerator.extractUniqueKnownType(DefaultSQLIQTree2NativeNodeGenerator.java:84)
	at it.unibz.inf.ontop.generation.DefaultSQLIQTree2NativeNodeGenerator.lambda$extractVariableTypeMap$2(DefaultSQLIQTree2NativeNodeGenerator.java:76)
	at it.unibz.inf.ontop.utils.ImmutableCollectors.lambda$toMap$0(ImmutableCollectors.java:110)
	at java.base/java.util.stream.ReduceOps$3ReducingSink.accept(ReduceOps.java:169)
	at java.base/java.util.Spliterators$ArraySpliterator.forEachRemaining(Spliterators.java:992)
	at java.base/java.util.stream.AbstractPipeline.copyInto(AbstractPipeline.java:509)
	at java.base/java.util.stream.AbstractPipeline.wrapAndCopyInto(AbstractPipeline.java:499)
	at java.base/java.util.stream.ReduceOps$ReduceOp.evaluateSequential(ReduceOps.java:921)
	at java.base/java.util.stream.AbstractPipeline.evaluate(AbstractPipeline.java:234)
	at java.base/java.util.stream.ReferencePipeline.collect(ReferencePipeline.java:682)
	at it.unibz.inf.ontop.generation.DefaultSQLIQTree2NativeNodeGenerator.extractVariableTypeMap(DefaultSQLIQTree2NativeNodeGenerator.java:74)
	at it.unibz.inf.ontop.generation.DefaultSQLIQTree2NativeNodeGenerator.generate(DefaultSQLIQTree2NativeNodeGenerator.java:61)
	at it.unibz.inf.ontop.answering.reformulation.generation.impl.SQLGeneratorImpl.generateSourceQuery(SQLGeneratorImpl.java:156)
	at it.unibz.inf.ontop.answering.reformulation.generation.impl.SQLGeneratorImpl.generateSourceQuery(SQLGeneratorImpl.java:131)
	at it.unibz.inf.ontop.answering.reformulation.generation.impl.SQLGeneratorImpl.generateSourceQuery(SQLGeneratorImpl.java:111)
	at it.unibz.inf.ontop.answering.reformulation.impl.QuestQueryProcessor.generateExecutableQuery(QuestQueryProcessor.java:163)
	at it.unibz.inf.ontop.answering.reformulation.impl.QuestQueryProcessor.reformulateIntoNativeQuery(QuestQueryProcessor.java:123)
	... 3 more
12:11:10.806 |-WARN  in i.u.i.o.a.r.impl.QuestQueryProcessor - Unexpected exception: Was expecting a unique and known DB term type to be extracted for the SQL variable id1m1
it.unibz.inf.ontop.exception.MinorOntopInternalBugException: Was expecting a unique and known DB term type to be extracted for the SQL variable id1m1
	at it.unibz.inf.ontop.generation.DefaultSQLIQTree2NativeNodeGenerator.lambda$extractUniqueKnownType$6(DefaultSQLIQTree2NativeNodeGenerator.java:84)
	at java.base/java.util.Optional.orElseThrow(Optional.java:403)
	at it.unibz.inf.ontop.generation.DefaultSQLIQTree2NativeNodeGenerator.extractUniqueKnownType(DefaultSQLIQTree2NativeNodeGenerator.java:84)
	at it.unibz.inf.ontop.generation.DefaultSQLIQTree2NativeNodeGenerator.lambda$extractVariableTypeMap$2(DefaultSQLIQTree2NativeNodeGenerator.java:76)
	at it.unibz.inf.ontop.utils.ImmutableCollectors.lambda$toMap$0(ImmutableCollectors.java:110)
	at java.base/java.util.stream.ReduceOps$3ReducingSink.accept(ReduceOps.java:169)
	at java.base/java.util.Spliterators$ArraySpliterator.forEachRemaining(Spliterators.java:992)
	at java.base/java.util.stream.AbstractPipeline.copyInto(AbstractPipeline.java:509)
	at java.base/java.util.stream.AbstractPipeline.wrapAndCopyInto(AbstractPipeline.java:499)
	at java.base/java.util.stream.ReduceOps$ReduceOp.evaluateSequential(ReduceOps.java:921)
	at java.base/java.util.stream.AbstractPipeline.evaluate(AbstractPipeline.java:234)
	at java.base/java.util.stream.ReferencePipeline.collect(ReferencePipeline.java:682)
	at it.unibz.inf.ontop.generation.DefaultSQLIQTree2NativeNodeGenerator.extractVariableTypeMap(DefaultSQLIQTree2NativeNodeGenerator.java:74)
	at it.unibz.inf.ontop.generation.DefaultSQLIQTree2NativeNodeGenerator.generate(DefaultSQLIQTree2NativeNodeGenerator.java:61)
	at it.unibz.inf.ontop.answering.reformulation.generation.impl.SQLGeneratorImpl.generateSourceQuery(SQLGeneratorImpl.java:156)
	at it.unibz.inf.ontop.answering.reformulation.generation.impl.SQLGeneratorImpl.generateSourceQuery(SQLGeneratorImpl.java:131)
	at it.unibz.inf.ontop.answering.reformulation.generation.impl.SQLGeneratorImpl.generateSourceQuery(SQLGeneratorImpl.java:111)
	at it.unibz.inf.ontop.answering.reformulation.impl.QuestQueryProcessor.generateExecutableQuery(QuestQueryProcessor.java:163)
	at it.unibz.inf.ontop.answering.reformulation.impl.QuestQueryProcessor.reformulateIntoNativeQuery(QuestQueryProcessor.java:123)
	at it.unibz.inf.ontop.answering.connection.impl.QuestStatement.executeBooleanQuery(QuestStatement.java:148)
	at it.unibz.inf.ontop.answering.connection.impl.QuestStatement.lambda$execute$3(QuestStatement.java:227)
	at it.unibz.inf.ontop.answering.connection.impl.QuestStatement$QueryExecutionThread.run(QuestStatement.java:108)
12:11:10.806 |-ERROR in i.u.i.o.a.c.impl.QuestStatement - it.unibz.inf.ontop.exception.MinorOntopInternalBugException: Was expecting a unique and known DB term type to be extracted for the SQL variable id1m1
it.unibz.inf.ontop.exception.OntopReformulationException: it.unibz.inf.ontop.exception.MinorOntopInternalBugException: Was expecting a unique and known DB term type to be extracted for the SQL variable id1m1
	at it.unibz.inf.ontop.answering.reformulation.impl.QuestQueryProcessor.reformulateIntoNativeQuery(QuestQueryProcessor.java:154)
	at it.unibz.inf.ontop.answering.connection.impl.QuestStatement.executeBooleanQuery(QuestStatement.java:148)
	at it.unibz.inf.ontop.answering.connection.impl.QuestStatement.lambda$execute$3(QuestStatement.java:227)
	at it.unibz.inf.ontop.answering.connection.impl.QuestStatement$QueryExecutionThread.run(QuestStatement.java:108)
Caused by: it.unibz.inf.ontop.exception.MinorOntopInternalBugException: Was expecting a unique and known DB term type to be extracted for the SQL variable id1m1
	at it.unibz.inf.ontop.generation.DefaultSQLIQTree2NativeNodeGenerator.lambda$extractUniqueKnownType$6(DefaultSQLIQTree2NativeNodeGenerator.java:84)
	at java.base/java.util.Optional.orElseThrow(Optional.java:403)
	at it.unibz.inf.ontop.generation.DefaultSQLIQTree2NativeNodeGenerator.extractUniqueKnownType(DefaultSQLIQTree2NativeNodeGenerator.java:84)
	at it.unibz.inf.ontop.generation.DefaultSQLIQTree2NativeNodeGenerator.lambda$extractVariableTypeMap$2(DefaultSQLIQTree2NativeNodeGenerator.java:76)
	at it.unibz.inf.ontop.utils.ImmutableCollectors.lambda$toMap$0(ImmutableCollectors.java:110)
	at java.base/java.util.stream.ReduceOps$3ReducingSink.accept(ReduceOps.java:169)
	at java.base/java.util.Spliterators$ArraySpliterator.forEachRemaining(Spliterators.java:992)
	at java.base/java.util.stream.AbstractPipeline.copyInto(AbstractPipeline.java:509)
	at java.base/java.util.stream.AbstractPipeline.wrapAndCopyInto(AbstractPipeline.java:499)
	at java.base/java.util.stream.ReduceOps$ReduceOp.evaluateSequential(ReduceOps.java:921)
	at java.base/java.util.stream.AbstractPipeline.evaluate(AbstractPipeline.java:234)
	at java.base/java.util.stream.ReferencePipeline.collect(ReferencePipeline.java:682)
	at it.unibz.inf.ontop.generation.DefaultSQLIQTree2NativeNodeGenerator.extractVariableTypeMap(DefaultSQLIQTree2NativeNodeGenerator.java:74)
	at it.unibz.inf.ontop.generation.DefaultSQLIQTree2NativeNodeGenerator.generate(DefaultSQLIQTree2NativeNodeGenerator.java:61)
	at it.unibz.inf.ontop.answering.reformulation.generation.impl.SQLGeneratorImpl.generateSourceQuery(SQLGeneratorImpl.java:156)
	at it.unibz.inf.ontop.answering.reformulation.generation.impl.SQLGeneratorImpl.generateSourceQuery(SQLGeneratorImpl.java:131)
	at it.unibz.inf.ontop.answering.reformulation.generation.impl.SQLGeneratorImpl.generateSourceQuery(SQLGeneratorImpl.java:111)
	at it.unibz.inf.ontop.answering.reformulation.impl.QuestQueryProcessor.generateExecutableQuery(QuestQueryProcessor.java:163)
	at it.unibz.inf.ontop.answering.reformulation.impl.QuestQueryProcessor.reformulateIntoNativeQuery(QuestQueryProcessor.java:123)
	... 3 common frames omitted
org.eclipse.rdf4j.query.QueryEvaluationException: it.unibz.inf.ontop.exception.OntopReformulationException: it.unibz.inf.ontop.exception.MinorOntopInternalBugException: Was expecting a unique and known DB term type to be extracted for the SQL variable id1m1
	at it.unibz.inf.ontop.rdf4j.query.impl.OntopBooleanQuery.evaluate(OntopBooleanQuery.java:40)
	at it.unibz.inf.ontop.endpoint.processor.SparqlQueryExecutor.executeQuery(SparqlQueryExecutor.java:77)
	at it.unibz.inf.ontop.endpoint.controllers.SparqlQueryController.query_get(SparqlQueryController.java:42)
	at jdk.internal.reflect.GeneratedMethodAccessor7.invoke(Unknown Source)
	at java.base/jdk.internal.reflect.DelegatingMethodAccessorImpl.invoke(DelegatingMethodAccessorImpl.java:43)
	at java.base/java.lang.reflect.Method.invoke(Method.java:569)
	at org.springframework.web.method.support.InvocableHandlerMethod.doInvoke(InvocableHandlerMethod.java:205)
	at org.springframework.web.method.support.InvocableHandlerMethod.invokeForRequest(InvocableHandlerMethod.java:150)
	at org.springframework.web.servlet.mvc.method.annotation.ServletInvocableHandlerMethod.invokeAndHandle(ServletInvocableHandlerMethod.java:117)
	at org.springframework.web.servlet.mvc.method.annotation.RequestMappingHandlerAdapter.invokeHandlerMethod(RequestMappingHandlerAdapter.java:895)
	at org.springframework.web.servlet.mvc.method.annotation.RequestMappingHandlerAdapter.handleInternal(RequestMappingHandlerAdapter.java:808)
	at org.springframework.web.servlet.mvc.method.AbstractHandlerMethodAdapter.handle(AbstractHandlerMethodAdapter.java:87)
	at org.springframework.web.servlet.DispatcherServlet.doDispatch(DispatcherServlet.java:1072)
	at org.springframework.web.servlet.DispatcherServlet.doService(DispatcherServlet.java:965)
	at org.springframework.web.servlet.FrameworkServlet.processRequest(FrameworkServlet.java:1006)
	at org.springframework.web.servlet.FrameworkServlet.doGet(FrameworkServlet.java:898)
	at javax.servlet.http.HttpServlet.service(HttpServlet.java:529)
	at org.springframework.web.servlet.FrameworkServlet.service(FrameworkServlet.java:883)
	at javax.servlet.http.HttpServlet.service(HttpServlet.java:623)
	at org.apache.catalina.core.ApplicationFilterChain.internalDoFilter(ApplicationFilterChain.java:197)
	at org.apache.catalina.core.ApplicationFilterChain.doFilter(ApplicationFilterChain.java:142)
	at org.apache.tomcat.websocket.server.WsFilter.doFilter(WsFilter.java:51)
	at org.apache.catalina.core.ApplicationFilterChain.internalDoFilter(ApplicationFilterChain.java:166)
	at org.apache.catalina.core.ApplicationFilterChain.doFilter(ApplicationFilterChain.java:142)
	at org.springframework.web.filter.RequestContextFilter.doFilterInternal(RequestContextFilter.java:100)
	at org.springframework.web.filter.OncePerRequestFilter.doFilter(OncePerRequestFilter.java:117)
	at org.apache.catalina.core.ApplicationFilterChain.internalDoFilter(ApplicationFilterChain.java:166)
	at org.apache.catalina.core.ApplicationFilterChain.doFilter(ApplicationFilterChain.java:142)
	at org.springframework.web.filter.FormContentFilter.doFilterInternal(FormContentFilter.java:93)
	at org.springframework.web.filter.OncePerRequestFilter.doFilter(OncePerRequestFilter.java:117)
	at org.apache.catalina.core.ApplicationFilterChain.internalDoFilter(ApplicationFilterChain.java:166)
	at org.apache.catalina.core.ApplicationFilterChain.doFilter(ApplicationFilterChain.java:142)
	at org.springframework.boot.actuate.metrics.web.servlet.WebMvcMetricsFilter.doFilterInternal(WebMvcMetricsFilter.java:96)
	at org.springframework.web.filter.OncePerRequestFilter.doFilter(OncePerRequestFilter.java:117)
	at org.apache.catalina.core.ApplicationFilterChain.internalDoFilter(ApplicationFilterChain.java:166)
	at org.apache.catalina.core.ApplicationFilterChain.doFilter(ApplicationFilterChain.java:142)
	at org.springframework.web.filter.CharacterEncodingFilter.doFilterInternal(CharacterEncodingFilter.java:201)
	at org.springframework.web.filter.OncePerRequestFilter.doFilter(OncePerRequestFilter.java:117)
	at org.apache.catalina.core.ApplicationFilterChain.internalDoFilter(ApplicationFilterChain.java:166)
	at org.apache.catalina.core.ApplicationFilterChain.doFilter(ApplicationFilterChain.java:142)
	at org.apache.catalina.core.StandardWrapperValve.invoke(StandardWrapperValve.java:166)
	at org.apache.catalina.core.StandardContextValve.invoke(StandardContextValve.java:88)
	at org.apache.catalina.authenticator.AuthenticatorBase.invoke(AuthenticatorBase.java:491)
	at org.apache.catalina.core.StandardHostValve.invoke(StandardHostValve.java:127)
	at org.apache.catalina.valves.ErrorReportValve.invoke(ErrorReportValve.java:83)
	at org.apache.catalina.core.StandardEngineValve.invoke(StandardEngineValve.java:72)
	at org.apache.catalina.connector.CoyoteAdapter.service(CoyoteAdapter.java:344)
	at org.apache.coyote.http11.Http11Processor.service(Http11Processor.java:398)
	at org.apache.coyote.AbstractProcessorLight.process(AbstractProcessorLight.java:63)
	at org.apache.coyote.AbstractProtocol$ConnectionHandler.process(AbstractProtocol.java:939)
	at org.apache.tomcat.util.net.NioEndpoint$SocketProcessor.doRun(NioEndpoint.java:1854)
	at org.apache.tomcat.util.net.SocketProcessorBase.run(SocketProcessorBase.java:52)
	at org.apache.tomcat.util.threads.ThreadPoolExecutor.runWorker(ThreadPoolExecutor.java:973)
	at org.apache.tomcat.util.threads.ThreadPoolExecutor$Worker.run(ThreadPoolExecutor.java:491)
	at org.apache.tomcat.util.threads.TaskThread$WrappingRunnable.run(TaskThread.java:63)
	at java.base/java.lang.Thread.run(Thread.java:840)
Caused by: it.unibz.inf.ontop.exception.OntopReformulationException: it.unibz.inf.ontop.exception.MinorOntopInternalBugException: Was expecting a unique and known DB term type to be extracted for the SQL variable id1m1
	at it.unibz.inf.ontop.answering.reformulation.impl.QuestQueryProcessor.reformulateIntoNativeQuery(QuestQueryProcessor.java:154)
	at it.unibz.inf.ontop.answering.connection.impl.QuestStatement.executeBooleanQuery(QuestStatement.java:148)
	at it.unibz.inf.ontop.answering.connection.impl.QuestStatement.lambda$execute$3(QuestStatement.java:227)
	at it.unibz.inf.ontop.answering.connection.impl.QuestStatement$QueryExecutionThread.run(QuestStatement.java:108)
Caused by: it.unibz.inf.ontop.exception.MinorOntopInternalBugException: Was expecting a unique and known DB term type to be extracted for the SQL variable id1m1
	at it.unibz.inf.ontop.generation.DefaultSQLIQTree2NativeNodeGenerator.lambda$extractUniqueKnownType$6(DefaultSQLIQTree2NativeNodeGenerator.java:84)
	at java.base/java.util.Optional.orElseThrow(Optional.java:403)
	at it.unibz.inf.ontop.generation.DefaultSQLIQTree2NativeNodeGenerator.extractUniqueKnownType(DefaultSQLIQTree2NativeNodeGenerator.java:84)
	at it.unibz.inf.ontop.generation.DefaultSQLIQTree2NativeNodeGenerator.lambda$extractVariableTypeMap$2(DefaultSQLIQTree2NativeNodeGenerator.java:76)
	at it.unibz.inf.ontop.utils.ImmutableCollectors.lambda$toMap$0(ImmutableCollectors.java:110)
	at java.base/java.util.stream.ReduceOps$3ReducingSink.accept(ReduceOps.java:169)
	at java.base/java.util.Spliterators$ArraySpliterator.forEachRemaining(Spliterators.java:992)
	at java.base/java.util.stream.AbstractPipeline.copyInto(AbstractPipeline.java:509)
	at java.base/java.util.stream.AbstractPipeline.wrapAndCopyInto(AbstractPipeline.java:499)
	at java.base/java.util.stream.ReduceOps$ReduceOp.evaluateSequential(ReduceOps.java:921)
	at java.base/java.util.stream.AbstractPipeline.evaluate(AbstractPipeline.java:234)
	at java.base/java.util.stream.ReferencePipeline.collect(ReferencePipeline.java:682)
	at it.unibz.inf.ontop.generation.DefaultSQLIQTree2NativeNodeGenerator.extractVariableTypeMap(DefaultSQLIQTree2NativeNodeGenerator.java:74)
	at it.unibz.inf.ontop.generation.DefaultSQLIQTree2NativeNodeGenerator.generate(DefaultSQLIQTree2NativeNodeGenerator.java:61)
	at it.unibz.inf.ontop.answering.reformulation.generation.impl.SQLGeneratorImpl.generateSourceQuery(SQLGeneratorImpl.java:156)
	at it.unibz.inf.ontop.answering.reformulation.generation.impl.SQLGeneratorImpl.generateSourceQuery(SQLGeneratorImpl.java:131)
	at it.unibz.inf.ontop.answering.reformulation.generation.impl.SQLGeneratorImpl.generateSourceQuery(SQLGeneratorImpl.java:111)
	at it.unibz.inf.ontop.answering.reformulation.impl.QuestQueryProcessor.generateExecutableQuery(QuestQueryProcessor.java:163)
	at it.unibz.inf.ontop.answering.reformulation.impl.QuestQueryProcessor.reformulateIntoNativeQuery(QuestQueryProcessor.java:123)
	... 3 more
12:11:11.844 |-WARN  in i.u.i.o.a.r.impl.QuestQueryProcessor - Unexpected exception: Was expecting a unique and known DB term type to be extracted for the SQL variable id1m1
it.unibz.inf.ontop.exception.MinorOntopInternalBugException: Was expecting a unique and known DB term type to be extracted for the SQL variable id1m1
	at it.unibz.inf.ontop.generation.DefaultSQLIQTree2NativeNodeGenerator.lambda$extractUniqueKnownType$6(DefaultSQLIQTree2NativeNodeGenerator.java:84)
	at java.base/java.util.Optional.orElseThrow(Optional.java:403)
	at it.unibz.inf.ontop.generation.DefaultSQLIQTree2NativeNodeGenerator.extractUniqueKnownType(DefaultSQLIQTree2NativeNodeGenerator.java:84)
	at it.unibz.inf.ontop.generation.DefaultSQLIQTree2NativeNodeGenerator.lambda$extractVariableTypeMap$2(DefaultSQLIQTree2NativeNodeGenerator.java:76)
	at it.unibz.inf.ontop.utils.ImmutableCollectors.lambda$toMap$0(ImmutableCollectors.java:110)
	at java.base/java.util.stream.ReduceOps$3ReducingSink.accept(ReduceOps.java:169)
	at java.base/java.util.Spliterators$ArraySpliterator.forEachRemaining(Spliterators.java:992)
	at java.base/java.util.stream.AbstractPipeline.copyInto(AbstractPipeline.java:509)
	at java.base/java.util.stream.AbstractPipeline.wrapAndCopyInto(AbstractPipeline.java:499)
	at java.base/java.util.stream.ReduceOps$ReduceOp.evaluateSequential(ReduceOps.java:921)
	at java.base/java.util.stream.AbstractPipeline.evaluate(AbstractPipeline.java:234)
	at java.base/java.util.stream.ReferencePipeline.collect(ReferencePipeline.java:682)
	at it.unibz.inf.ontop.generation.DefaultSQLIQTree2NativeNodeGenerator.extractVariableTypeMap(DefaultSQLIQTree2NativeNodeGenerator.java:74)
	at it.unibz.inf.ontop.generation.DefaultSQLIQTree2NativeNodeGenerator.generate(DefaultSQLIQTree2NativeNodeGenerator.java:61)
	at it.unibz.inf.ontop.answering.reformulation.generation.impl.SQLGeneratorImpl.generateSourceQuery(SQLGeneratorImpl.java:156)
	at it.unibz.inf.ontop.answering.reformulation.generation.impl.SQLGeneratorImpl.generateSourceQuery(SQLGeneratorImpl.java:131)
	at it.unibz.inf.ontop.answering.reformulation.generation.impl.SQLGeneratorImpl.generateSourceQuery(SQLGeneratorImpl.java:111)
	at it.unibz.inf.ontop.answering.reformulation.impl.QuestQueryProcessor.generateExecutableQuery(QuestQueryProcessor.java:163)
	at it.unibz.inf.ontop.answering.reformulation.impl.QuestQueryProcessor.reformulateIntoNativeQuery(QuestQueryProcessor.java:123)
	at it.unibz.inf.ontop.answering.connection.impl.QuestStatement.executeBooleanQuery(QuestStatement.java:148)
	at it.unibz.inf.ontop.answering.connection.impl.QuestStatement.lambda$execute$3(QuestStatement.java:227)
	at it.unibz.inf.ontop.answering.connection.impl.QuestStatement$QueryExecutionThread.run(QuestStatement.java:108)
12:11:11.844 |-ERROR in i.u.i.o.a.c.impl.QuestStatement - it.unibz.inf.ontop.exception.MinorOntopInternalBugException: Was expecting a unique and known DB term type to be extracted for the SQL variable id1m1
it.unibz.inf.ontop.exception.OntopReformulationException: it.unibz.inf.ontop.exception.MinorOntopInternalBugException: Was expecting a unique and known DB term type to be extracted for the SQL variable id1m1
	at it.unibz.inf.ontop.answering.reformulation.impl.QuestQueryProcessor.reformulateIntoNativeQuery(QuestQueryProcessor.java:154)
	at it.unibz.inf.ontop.answering.connection.impl.QuestStatement.executeBooleanQuery(QuestStatement.java:148)
	at it.unibz.inf.ontop.answering.connection.impl.QuestStatement.lambda$execute$3(QuestStatement.java:227)
	at it.unibz.inf.ontop.answering.connection.impl.QuestStatement$QueryExecutionThread.run(QuestStatement.java:108)
Caused by: it.unibz.inf.ontop.exception.MinorOntopInternalBugException: Was expecting a unique and known DB term type to be extracted for the SQL variable id1m1
	at it.unibz.inf.ontop.generation.DefaultSQLIQTree2NativeNodeGenerator.lambda$extractUniqueKnownType$6(DefaultSQLIQTree2NativeNodeGenerator.java:84)
	at java.base/java.util.Optional.orElseThrow(Optional.java:403)
	at it.unibz.inf.ontop.generation.DefaultSQLIQTree2NativeNodeGenerator.extractUniqueKnownType(DefaultSQLIQTree2NativeNodeGenerator.java:84)
	at it.unibz.inf.ontop.generation.DefaultSQLIQTree2NativeNodeGenerator.lambda$extractVariableTypeMap$2(DefaultSQLIQTree2NativeNodeGenerator.java:76)
	at it.unibz.inf.ontop.utils.ImmutableCollectors.lambda$toMap$0(ImmutableCollectors.java:110)
	at java.base/java.util.stream.ReduceOps$3ReducingSink.accept(ReduceOps.java:169)
	at java.base/java.util.Spliterators$ArraySpliterator.forEachRemaining(Spliterators.java:992)
	at java.base/java.util.stream.AbstractPipeline.copyInto(AbstractPipeline.java:509)
	at java.base/java.util.stream.AbstractPipeline.wrapAndCopyInto(AbstractPipeline.java:499)
	at java.base/java.util.stream.ReduceOps$ReduceOp.evaluateSequential(ReduceOps.java:921)
	at java.base/java.util.stream.AbstractPipeline.evaluate(AbstractPipeline.java:234)
	at java.base/java.util.stream.ReferencePipeline.collect(ReferencePipeline.java:682)
	at it.unibz.inf.ontop.generation.DefaultSQLIQTree2NativeNodeGenerator.extractVariableTypeMap(DefaultSQLIQTree2NativeNodeGenerator.java:74)
	at it.unibz.inf.ontop.generation.DefaultSQLIQTree2NativeNodeGenerator.generate(DefaultSQLIQTree2NativeNodeGenerator.java:61)
	at it.unibz.inf.ontop.answering.reformulation.generation.impl.SQLGeneratorImpl.generateSourceQuery(SQLGeneratorImpl.java:156)
	at it.unibz.inf.ontop.answering.reformulation.generation.impl.SQLGeneratorImpl.generateSourceQuery(SQLGeneratorImpl.java:131)
	at it.unibz.inf.ontop.answering.reformulation.generation.impl.SQLGeneratorImpl.generateSourceQuery(SQLGeneratorImpl.java:111)
	at it.unibz.inf.ontop.answering.reformulation.impl.QuestQueryProcessor.generateExecutableQuery(QuestQueryProcessor.java:163)
	at it.unibz.inf.ontop.answering.reformulation.impl.QuestQueryProcessor.reformulateIntoNativeQuery(QuestQueryProcessor.java:123)
	... 3 common frames omitted
org.eclipse.rdf4j.query.QueryEvaluationException: it.unibz.inf.ontop.exception.OntopReformulationException: it.unibz.inf.ontop.exception.MinorOntopInternalBugException: Was expecting a unique and known DB term type to be extracted for the SQL variable id1m1
	at it.unibz.inf.ontop.rdf4j.query.impl.OntopBooleanQuery.evaluate(OntopBooleanQuery.java:40)
	at it.unibz.inf.ontop.endpoint.processor.SparqlQueryExecutor.executeQuery(SparqlQueryExecutor.java:77)
	at it.unibz.inf.ontop.endpoint.controllers.SparqlQueryController.query_get(SparqlQueryController.java:42)
	at jdk.internal.reflect.GeneratedMethodAccessor7.invoke(Unknown Source)
	at java.base/jdk.internal.reflect.DelegatingMethodAccessorImpl.invoke(DelegatingMethodAccessorImpl.java:43)
	at java.base/java.lang.reflect.Method.invoke(Method.java:569)
	at org.springframework.web.method.support.InvocableHandlerMethod.doInvoke(InvocableHandlerMethod.java:205)
	at org.springframework.web.method.support.InvocableHandlerMethod.invokeForRequest(InvocableHandlerMethod.java:150)
	at org.springframework.web.servlet.mvc.method.annotation.ServletInvocableHandlerMethod.invokeAndHandle(ServletInvocableHandlerMethod.java:117)
	at org.springframework.web.servlet.mvc.method.annotation.RequestMappingHandlerAdapter.invokeHandlerMethod(RequestMappingHandlerAdapter.java:895)
	at org.springframework.web.servlet.mvc.method.annotation.RequestMappingHandlerAdapter.handleInternal(RequestMappingHandlerAdapter.java:808)
	at org.springframework.web.servlet.mvc.method.AbstractHandlerMethodAdapter.handle(AbstractHandlerMethodAdapter.java:87)
	at org.springframework.web.servlet.DispatcherServlet.doDispatch(DispatcherServlet.java:1072)
	at org.springframework.web.servlet.DispatcherServlet.doService(DispatcherServlet.java:965)
	at org.springframework.web.servlet.FrameworkServlet.processRequest(FrameworkServlet.java:1006)
	at org.springframework.web.servlet.FrameworkServlet.doGet(FrameworkServlet.java:898)
	at javax.servlet.http.HttpServlet.service(HttpServlet.java:529)
	at org.springframework.web.servlet.FrameworkServlet.service(FrameworkServlet.java:883)
	at javax.servlet.http.HttpServlet.service(HttpServlet.java:623)
	at org.apache.catalina.core.ApplicationFilterChain.internalDoFilter(ApplicationFilterChain.java:197)
	at org.apache.catalina.core.ApplicationFilterChain.doFilter(ApplicationFilterChain.java:142)
	at org.apache.tomcat.websocket.server.WsFilter.doFilter(WsFilter.java:51)
	at org.apache.catalina.core.ApplicationFilterChain.internalDoFilter(ApplicationFilterChain.java:166)
	at org.apache.catalina.core.ApplicationFilterChain.doFilter(ApplicationFilterChain.java:142)
	at org.springframework.web.filter.RequestContextFilter.doFilterInternal(RequestContextFilter.java:100)
	at org.springframework.web.filter.OncePerRequestFilter.doFilter(OncePerRequestFilter.java:117)
	at org.apache.catalina.core.ApplicationFilterChain.internalDoFilter(ApplicationFilterChain.java:166)
	at org.apache.catalina.core.ApplicationFilterChain.doFilter(ApplicationFilterChain.java:142)
	at org.springframework.web.filter.FormContentFilter.doFilterInternal(FormContentFilter.java:93)
	at org.springframework.web.filter.OncePerRequestFilter.doFilter(OncePerRequestFilter.java:117)
	at org.apache.catalina.core.ApplicationFilterChain.internalDoFilter(ApplicationFilterChain.java:166)
	at org.apache.catalina.core.ApplicationFilterChain.doFilter(ApplicationFilterChain.java:142)
	at org.springframework.boot.actuate.metrics.web.servlet.WebMvcMetricsFilter.doFilterInternal(WebMvcMetricsFilter.java:96)
	at org.springframework.web.filter.OncePerRequestFilter.doFilter(OncePerRequestFilter.java:117)
	at org.apache.catalina.core.ApplicationFilterChain.internalDoFilter(ApplicationFilterChain.java:166)
	at org.apache.catalina.core.ApplicationFilterChain.doFilter(ApplicationFilterChain.java:142)
	at org.springframework.web.filter.CharacterEncodingFilter.doFilterInternal(CharacterEncodingFilter.java:201)
	at org.springframework.web.filter.OncePerRequestFilter.doFilter(OncePerRequestFilter.java:117)
	at org.apache.catalina.core.ApplicationFilterChain.internalDoFilter(ApplicationFilterChain.java:166)
	at org.apache.catalina.core.ApplicationFilterChain.doFilter(ApplicationFilterChain.java:142)
	at org.apache.catalina.core.StandardWrapperValve.invoke(StandardWrapperValve.java:166)
	at org.apache.catalina.core.StandardContextValve.invoke(StandardContextValve.java:88)
	at org.apache.catalina.authenticator.AuthenticatorBase.invoke(AuthenticatorBase.java:491)
	at org.apache.catalina.core.StandardHostValve.invoke(StandardHostValve.java:127)
	at org.apache.catalina.valves.ErrorReportValve.invoke(ErrorReportValve.java:83)
	at org.apache.catalina.core.StandardEngineValve.invoke(StandardEngineValve.java:72)
	at org.apache.catalina.connector.CoyoteAdapter.service(CoyoteAdapter.java:344)
	at org.apache.coyote.http11.Http11Processor.service(Http11Processor.java:398)
	at org.apache.coyote.AbstractProcessorLight.process(AbstractProcessorLight.java:63)
	at org.apache.coyote.AbstractProtocol$ConnectionHandler.process(AbstractProtocol.java:939)
	at org.apache.tomcat.util.net.NioEndpoint$SocketProcessor.doRun(NioEndpoint.java:1854)
	at org.apache.tomcat.util.net.SocketProcessorBase.run(SocketProcessorBase.java:52)
	at org.apache.tomcat.util.threads.ThreadPoolExecutor.runWorker(ThreadPoolExecutor.java:973)
	at org.apache.tomcat.util.threads.ThreadPoolExecutor$Worker.run(ThreadPoolExecutor.java:491)
	at org.apache.tomcat.util.threads.TaskThread$WrappingRunnable.run(TaskThread.java:63)
	at java.base/java.lang.Thread.run(Thread.java:840)
Caused by: it.unibz.inf.ontop.exception.OntopReformulationException: it.unibz.inf.ontop.exception.MinorOntopInternalBugException: Was expecting a unique and known DB term type to be extracted for the SQL variable id1m1
	at it.unibz.inf.ontop.answering.reformulation.impl.QuestQueryProcessor.reformulateIntoNativeQuery(QuestQueryProcessor.java:154)
	at it.unibz.inf.ontop.answering.connection.impl.QuestStatement.executeBooleanQuery(QuestStatement.java:148)
	at it.unibz.inf.ontop.answering.connection.impl.QuestStatement.lambda$execute$3(QuestStatement.java:227)
	at it.unibz.inf.ontop.answering.connection.impl.QuestStatement$QueryExecutionThread.run(QuestStatement.java:108)
Caused by: it.unibz.inf.ontop.exception.MinorOntopInternalBugException: Was expecting a unique and known DB term type to be extracted for the SQL variable id1m1
	at it.unibz.inf.ontop.generation.DefaultSQLIQTree2NativeNodeGenerator.lambda$extractUniqueKnownType$6(DefaultSQLIQTree2NativeNodeGenerator.java:84)
	at java.base/java.util.Optional.orElseThrow(Optional.java:403)
	at it.unibz.inf.ontop.generation.DefaultSQLIQTree2NativeNodeGenerator.extractUniqueKnownType(DefaultSQLIQTree2NativeNodeGenerator.java:84)
	at it.unibz.inf.ontop.generation.DefaultSQLIQTree2NativeNodeGenerator.lambda$extractVariableTypeMap$2(DefaultSQLIQTree2NativeNodeGenerator.java:76)
	at it.unibz.inf.ontop.utils.ImmutableCollectors.lambda$toMap$0(ImmutableCollectors.java:110)
	at java.base/java.util.stream.ReduceOps$3ReducingSink.accept(ReduceOps.java:169)
	at java.base/java.util.Spliterators$ArraySpliterator.forEachRemaining(Spliterators.java:992)
	at java.base/java.util.stream.AbstractPipeline.copyInto(AbstractPipeline.java:509)
	at java.base/java.util.stream.AbstractPipeline.wrapAndCopyInto(AbstractPipeline.java:499)
	at java.base/java.util.stream.ReduceOps$ReduceOp.evaluateSequential(ReduceOps.java:921)
	at java.base/java.util.stream.AbstractPipeline.evaluate(AbstractPipeline.java:234)
	at java.base/java.util.stream.ReferencePipeline.collect(ReferencePipeline.java:682)
	at it.unibz.inf.ontop.generation.DefaultSQLIQTree2NativeNodeGenerator.extractVariableTypeMap(DefaultSQLIQTree2NativeNodeGenerator.java:74)
	at it.unibz.inf.ontop.generation.DefaultSQLIQTree2NativeNodeGenerator.generate(DefaultSQLIQTree2NativeNodeGenerator.java:61)
	at it.unibz.inf.ontop.answering.reformulation.generation.impl.SQLGeneratorImpl.generateSourceQuery(SQLGeneratorImpl.java:156)
	at it.unibz.inf.ontop.answering.reformulation.generation.impl.SQLGeneratorImpl.generateSourceQuery(SQLGeneratorImpl.java:131)
	at it.unibz.inf.ontop.answering.reformulation.generation.impl.SQLGeneratorImpl.generateSourceQuery(SQLGeneratorImpl.java:111)
	at it.unibz.inf.ontop.answering.reformulation.impl.QuestQueryProcessor.generateExecutableQuery(QuestQueryProcessor.java:163)
	at it.unibz.inf.ontop.answering.reformulation.impl.QuestQueryProcessor.reformulateIntoNativeQuery(QuestQueryProcessor.java:123)
	... 3 more
12:11:12.889 |-WARN  in i.u.i.o.a.r.impl.QuestQueryProcessor - Unexpected exception: Was expecting a unique and known DB term type to be extracted for the SQL variable id1m1
it.unibz.inf.ontop.exception.MinorOntopInternalBugException: Was expecting a unique and known DB term type to be extracted for the SQL variable id1m1
	at it.unibz.inf.ontop.generation.DefaultSQLIQTree2NativeNodeGenerator.lambda$extractUniqueKnownType$6(DefaultSQLIQTree2NativeNodeGenerator.java:84)
	at java.base/java.util.Optional.orElseThrow(Optional.java:403)
	at it.unibz.inf.ontop.generation.DefaultSQLIQTree2NativeNodeGenerator.extractUniqueKnownType(DefaultSQLIQTree2NativeNodeGenerator.java:84)
	at it.unibz.inf.ontop.generation.DefaultSQLIQTree2NativeNodeGenerator.lambda$extractVariableTypeMap$2(DefaultSQLIQTree2NativeNodeGenerator.java:76)
	at it.unibz.inf.ontop.utils.ImmutableCollectors.lambda$toMap$0(ImmutableCollectors.java:110)
	at java.base/java.util.stream.ReduceOps$3ReducingSink.accept(ReduceOps.java:169)
	at java.base/java.util.Spliterators$ArraySpliterator.forEachRemaining(Spliterators.java:992)
	at java.base/java.util.stream.AbstractPipeline.copyInto(AbstractPipeline.java:509)
	at java.base/java.util.stream.AbstractPipeline.wrapAndCopyInto(AbstractPipeline.java:499)
	at java.base/java.util.stream.ReduceOps$ReduceOp.evaluateSequential(ReduceOps.java:921)
	at java.base/java.util.stream.AbstractPipeline.evaluate(AbstractPipeline.java:234)
	at java.base/java.util.stream.ReferencePipeline.collect(ReferencePipeline.java:682)
	at it.unibz.inf.ontop.generation.DefaultSQLIQTree2NativeNodeGenerator.extractVariableTypeMap(DefaultSQLIQTree2NativeNodeGenerator.java:74)
	at it.unibz.inf.ontop.generation.DefaultSQLIQTree2NativeNodeGenerator.generate(DefaultSQLIQTree2NativeNodeGenerator.java:61)
	at it.unibz.inf.ontop.answering.reformulation.generation.impl.SQLGeneratorImpl.generateSourceQuery(SQLGeneratorImpl.java:156)
	at it.unibz.inf.ontop.answering.reformulation.generation.impl.SQLGeneratorImpl.generateSourceQuery(SQLGeneratorImpl.java:131)
	at it.unibz.inf.ontop.answering.reformulation.generation.impl.SQLGeneratorImpl.generateSourceQuery(SQLGeneratorImpl.java:111)
	at it.unibz.inf.ontop.answering.reformulation.impl.QuestQueryProcessor.generateExecutableQuery(QuestQueryProcessor.java:163)
	at it.unibz.inf.ontop.answering.reformulation.impl.QuestQueryProcessor.reformulateIntoNativeQuery(QuestQueryProcessor.java:123)
	at it.unibz.inf.ontop.answering.connection.impl.QuestStatement.executeBooleanQuery(QuestStatement.java:148)
	at it.unibz.inf.ontop.answering.connection.impl.QuestStatement.lambda$execute$3(QuestStatement.java:227)
	at it.unibz.inf.ontop.answering.connection.impl.QuestStatement$QueryExecutionThread.run(QuestStatement.java:108)
12:11:12.889 |-ERROR in i.u.i.o.a.c.impl.QuestStatement - it.unibz.inf.ontop.exception.MinorOntopInternalBugException: Was expecting a unique and known DB term type to be extracted for the SQL variable id1m1
it.unibz.inf.ontop.exception.OntopReformulationException: it.unibz.inf.ontop.exception.MinorOntopInternalBugException: Was expecting a unique and known DB term type to be extracted for the SQL variable id1m1
	at it.unibz.inf.ontop.answering.reformulation.impl.QuestQueryProcessor.reformulateIntoNativeQuery(QuestQueryProcessor.java:154)
	at it.unibz.inf.ontop.answering.connection.impl.QuestStatement.executeBooleanQuery(QuestStatement.java:148)
	at it.unibz.inf.ontop.answering.connection.impl.QuestStatement.lambda$execute$3(QuestStatement.java:227)
	at it.unibz.inf.ontop.answering.connection.impl.QuestStatement$QueryExecutionThread.run(QuestStatement.java:108)
Caused by: it.unibz.inf.ontop.exception.MinorOntopInternalBugException: Was expecting a unique and known DB term type to be extracted for the SQL variable id1m1
	at it.unibz.inf.ontop.generation.DefaultSQLIQTree2NativeNodeGenerator.lambda$extractUniqueKnownType$6(DefaultSQLIQTree2NativeNodeGenerator.java:84)
	at java.base/java.util.Optional.orElseThrow(Optional.java:403)
	at it.unibz.inf.ontop.generation.DefaultSQLIQTree2NativeNodeGenerator.extractUniqueKnownType(DefaultSQLIQTree2NativeNodeGenerator.java:84)
	at it.unibz.inf.ontop.generation.DefaultSQLIQTree2NativeNodeGenerator.lambda$extractVariableTypeMap$2(DefaultSQLIQTree2NativeNodeGenerator.java:76)
	at it.unibz.inf.ontop.utils.ImmutableCollectors.lambda$toMap$0(ImmutableCollectors.java:110)
	at java.base/java.util.stream.ReduceOps$3ReducingSink.accept(ReduceOps.java:169)
	at java.base/java.util.Spliterators$ArraySpliterator.forEachRemaining(Spliterators.java:992)
	at java.base/java.util.stream.AbstractPipeline.copyInto(AbstractPipeline.java:509)
	at java.base/java.util.stream.AbstractPipeline.wrapAndCopyInto(AbstractPipeline.java:499)
	at java.base/java.util.stream.ReduceOps$ReduceOp.evaluateSequential(ReduceOps.java:921)
	at java.base/java.util.stream.AbstractPipeline.evaluate(AbstractPipeline.java:234)
	at java.base/java.util.stream.ReferencePipeline.collect(ReferencePipeline.java:682)
	at it.unibz.inf.ontop.generation.DefaultSQLIQTree2NativeNodeGenerator.extractVariableTypeMap(DefaultSQLIQTree2NativeNodeGenerator.java:74)
	at it.unibz.inf.ontop.generation.DefaultSQLIQTree2NativeNodeGenerator.generate(DefaultSQLIQTree2NativeNodeGenerator.java:61)
	at it.unibz.inf.ontop.answering.reformulation.generation.impl.SQLGeneratorImpl.generateSourceQuery(SQLGeneratorImpl.java:156)
	at it.unibz.inf.ontop.answering.reformulation.generation.impl.SQLGeneratorImpl.generateSourceQuery(SQLGeneratorImpl.java:131)
	at it.unibz.inf.ontop.answering.reformulation.generation.impl.SQLGeneratorImpl.generateSourceQuery(SQLGeneratorImpl.java:111)
	at it.unibz.inf.ontop.answering.reformulation.impl.QuestQueryProcessor.generateExecutableQuery(QuestQueryProcessor.java:163)
	at it.unibz.inf.ontop.answering.reformulation.impl.QuestQueryProcessor.reformulateIntoNativeQuery(QuestQueryProcessor.java:123)
	... 3 common frames omitted
org.eclipse.rdf4j.query.QueryEvaluationException: it.unibz.inf.ontop.exception.OntopReformulationException: it.unibz.inf.ontop.exception.MinorOntopInternalBugException: Was expecting a unique and known DB term type to be extracted for the SQL variable id1m1
	at it.unibz.inf.ontop.rdf4j.query.impl.OntopBooleanQuery.evaluate(OntopBooleanQuery.java:40)
	at it.unibz.inf.ontop.endpoint.processor.SparqlQueryExecutor.executeQuery(SparqlQueryExecutor.java:77)
	at it.unibz.inf.ontop.endpoint.controllers.SparqlQueryController.query_get(SparqlQueryController.java:42)
	at jdk.internal.reflect.GeneratedMethodAccessor7.invoke(Unknown Source)
	at java.base/jdk.internal.reflect.DelegatingMethodAccessorImpl.invoke(DelegatingMethodAccessorImpl.java:43)
	at java.base/java.lang.reflect.Method.invoke(Method.java:569)
	at org.springframework.web.method.support.InvocableHandlerMethod.doInvoke(InvocableHandlerMethod.java:205)
	at org.springframework.web.method.support.InvocableHandlerMethod.invokeForRequest(InvocableHandlerMethod.java:150)
	at org.springframework.web.servlet.mvc.method.annotation.ServletInvocableHandlerMethod.invokeAndHandle(ServletInvocableHandlerMethod.java:117)
	at org.springframework.web.servlet.mvc.method.annotation.RequestMappingHandlerAdapter.invokeHandlerMethod(RequestMappingHandlerAdapter.java:895)
	at org.springframework.web.servlet.mvc.method.annotation.RequestMappingHandlerAdapter.handleInternal(RequestMappingHandlerAdapter.java:808)
	at org.springframework.web.servlet.mvc.method.AbstractHandlerMethodAdapter.handle(AbstractHandlerMethodAdapter.java:87)
	at org.springframework.web.servlet.DispatcherServlet.doDispatch(DispatcherServlet.java:1072)
	at org.springframework.web.servlet.DispatcherServlet.doService(DispatcherServlet.java:965)
	at org.springframework.web.servlet.FrameworkServlet.processRequest(FrameworkServlet.java:1006)
	at org.springframework.web.servlet.FrameworkServlet.doGet(FrameworkServlet.java:898)
	at javax.servlet.http.HttpServlet.service(HttpServlet.java:529)
	at org.springframework.web.servlet.FrameworkServlet.service(FrameworkServlet.java:883)
	at javax.servlet.http.HttpServlet.service(HttpServlet.java:623)
	at org.apache.catalina.core.ApplicationFilterChain.internalDoFilter(ApplicationFilterChain.java:197)
	at org.apache.catalina.core.ApplicationFilterChain.doFilter(ApplicationFilterChain.java:142)
	at org.apache.tomcat.websocket.server.WsFilter.doFilter(WsFilter.java:51)
	at org.apache.catalina.core.ApplicationFilterChain.internalDoFilter(ApplicationFilterChain.java:166)
	at org.apache.catalina.core.ApplicationFilterChain.doFilter(ApplicationFilterChain.java:142)
	at org.springframework.web.filter.RequestContextFilter.doFilterInternal(RequestContextFilter.java:100)
	at org.springframework.web.filter.OncePerRequestFilter.doFilter(OncePerRequestFilter.java:117)
	at org.apache.catalina.core.ApplicationFilterChain.internalDoFilter(ApplicationFilterChain.java:166)
	at org.apache.catalina.core.ApplicationFilterChain.doFilter(ApplicationFilterChain.java:142)
	at org.springframework.web.filter.FormContentFilter.doFilterInternal(FormContentFilter.java:93)
	at org.springframework.web.filter.OncePerRequestFilter.doFilter(OncePerRequestFilter.java:117)
	at org.apache.catalina.core.ApplicationFilterChain.internalDoFilter(ApplicationFilterChain.java:166)
	at org.apache.catalina.core.ApplicationFilterChain.doFilter(ApplicationFilterChain.java:142)
	at org.springframework.boot.actuate.metrics.web.servlet.WebMvcMetricsFilter.doFilterInternal(WebMvcMetricsFilter.java:96)
	at org.springframework.web.filter.OncePerRequestFilter.doFilter(OncePerRequestFilter.java:117)
	at org.apache.catalina.core.ApplicationFilterChain.internalDoFilter(ApplicationFilterChain.java:166)
	at org.apache.catalina.core.ApplicationFilterChain.doFilter(ApplicationFilterChain.java:142)
	at org.springframework.web.filter.CharacterEncodingFilter.doFilterInternal(CharacterEncodingFilter.java:201)
	at org.springframework.web.filter.OncePerRequestFilter.doFilter(OncePerRequestFilter.java:117)
	at org.apache.catalina.core.ApplicationFilterChain.internalDoFilter(ApplicationFilterChain.java:166)
	at org.apache.catalina.core.ApplicationFilterChain.doFilter(ApplicationFilterChain.java:142)
	at org.apache.catalina.core.StandardWrapperValve.invoke(StandardWrapperValve.java:166)
	at org.apache.catalina.core.StandardContextValve.invoke(StandardContextValve.java:88)
	at org.apache.catalina.authenticator.AuthenticatorBase.invoke(AuthenticatorBase.java:491)
	at org.apache.catalina.core.StandardHostValve.invoke(StandardHostValve.java:127)
	at org.apache.catalina.valves.ErrorReportValve.invoke(ErrorReportValve.java:83)
	at org.apache.catalina.core.StandardEngineValve.invoke(StandardEngineValve.java:72)
	at org.apache.catalina.connector.CoyoteAdapter.service(CoyoteAdapter.java:344)
	at org.apache.coyote.http11.Http11Processor.service(Http11Processor.java:398)
	at org.apache.coyote.AbstractProcessorLight.process(AbstractProcessorLight.java:63)
	at org.apache.coyote.AbstractProtocol$ConnectionHandler.process(AbstractProtocol.java:939)
	at org.apache.tomcat.util.net.NioEndpoint$SocketProcessor.doRun(NioEndpoint.java:1854)
	at org.apache.tomcat.util.net.SocketProcessorBase.run(SocketProcessorBase.java:52)
	at org.apache.tomcat.util.threads.ThreadPoolExecutor.runWorker(ThreadPoolExecutor.java:973)
	at org.apache.tomcat.util.threads.ThreadPoolExecutor$Worker.run(ThreadPoolExecutor.java:491)
	at org.apache.tomcat.util.threads.TaskThread$WrappingRunnable.run(TaskThread.java:63)
	at java.base/java.lang.Thread.run(Thread.java:840)
Caused by: it.unibz.inf.ontop.exception.OntopReformulationException: it.unibz.inf.ontop.exception.MinorOntopInternalBugException: Was expecting a unique and known DB term type to be extracted for the SQL variable id1m1
	at it.unibz.inf.ontop.answering.reformulation.impl.QuestQueryProcessor.reformulateIntoNativeQuery(QuestQueryProcessor.java:154)
	at it.unibz.inf.ontop.answering.connection.impl.QuestStatement.executeBooleanQuery(QuestStatement.java:148)
	at it.unibz.inf.ontop.answering.connection.impl.QuestStatement.lambda$execute$3(QuestStatement.java:227)
	at it.unibz.inf.ontop.answering.connection.impl.QuestStatement$QueryExecutionThread.run(QuestStatement.java:108)
Caused by: it.unibz.inf.ontop.exception.MinorOntopInternalBugException: Was expecting a unique and known DB term type to be extracted for the SQL variable id1m1
	at it.unibz.inf.ontop.generation.DefaultSQLIQTree2NativeNodeGenerator.lambda$extractUniqueKnownType$6(DefaultSQLIQTree2NativeNodeGenerator.java:84)
	at java.base/java.util.Optional.orElseThrow(Optional.java:403)
	at it.unibz.inf.ontop.generation.DefaultSQLIQTree2NativeNodeGenerator.extractUniqueKnownType(DefaultSQLIQTree2NativeNodeGenerator.java:84)
	at it.unibz.inf.ontop.generation.DefaultSQLIQTree2NativeNodeGenerator.lambda$extractVariableTypeMap$2(DefaultSQLIQTree2NativeNodeGenerator.java:76)
	at it.unibz.inf.ontop.utils.ImmutableCollectors.lambda$toMap$0(ImmutableCollectors.java:110)
	at java.base/java.util.stream.ReduceOps$3ReducingSink.accept(ReduceOps.java:169)
	at java.base/java.util.Spliterators$ArraySpliterator.forEachRemaining(Spliterators.java:992)
	at java.base/java.util.stream.AbstractPipeline.copyInto(AbstractPipeline.java:509)
	at java.base/java.util.stream.AbstractPipeline.wrapAndCopyInto(AbstractPipeline.java:499)
	at java.base/java.util.stream.ReduceOps$ReduceOp.evaluateSequential(ReduceOps.java:921)
	at java.base/java.util.stream.AbstractPipeline.evaluate(AbstractPipeline.java:234)
	at java.base/java.util.stream.ReferencePipeline.collect(ReferencePipeline.java:682)
	at it.unibz.inf.ontop.generation.DefaultSQLIQTree2NativeNodeGenerator.extractVariableTypeMap(DefaultSQLIQTree2NativeNodeGenerator.java:74)
	at it.unibz.inf.ontop.generation.DefaultSQLIQTree2NativeNodeGenerator.generate(DefaultSQLIQTree2NativeNodeGenerator.java:61)
	at it.unibz.inf.ontop.answering.reformulation.generation.impl.SQLGeneratorImpl.generateSourceQuery(SQLGeneratorImpl.java:156)
	at it.unibz.inf.ontop.answering.reformulation.generation.impl.SQLGeneratorImpl.generateSourceQuery(SQLGeneratorImpl.java:131)
	at it.unibz.inf.ontop.answering.reformulation.generation.impl.SQLGeneratorImpl.generateSourceQuery(SQLGeneratorImpl.java:111)
	at it.unibz.inf.ontop.answering.reformulation.impl.QuestQueryProcessor.generateExecutableQuery(QuestQueryProcessor.java:163)
	at it.unibz.inf.ontop.answering.reformulation.impl.QuestQueryProcessor.reformulateIntoNativeQuery(QuestQueryProcessor.java:123)
	... 3 more
12:11:13.932 |-WARN  in i.u.i.o.a.r.impl.QuestQueryProcessor - Unexpected exception: Was expecting a unique and known DB term type to be extracted for the SQL variable id1m1
it.unibz.inf.ontop.exception.MinorOntopInternalBugException: Was expecting a unique and known DB term type to be extracted for the SQL variable id1m1
	at it.unibz.inf.ontop.generation.DefaultSQLIQTree2NativeNodeGenerator.lambda$extractUniqueKnownType$6(DefaultSQLIQTree2NativeNodeGenerator.java:84)
	at java.base/java.util.Optional.orElseThrow(Optional.java:403)
	at it.unibz.inf.ontop.generation.DefaultSQLIQTree2NativeNodeGenerator.extractUniqueKnownType(DefaultSQLIQTree2NativeNodeGenerator.java:84)
	at it.unibz.inf.ontop.generation.DefaultSQLIQTree2NativeNodeGenerator.lambda$extractVariableTypeMap$2(DefaultSQLIQTree2NativeNodeGenerator.java:76)
	at it.unibz.inf.ontop.utils.ImmutableCollectors.lambda$toMap$0(ImmutableCollectors.java:110)
	at java.base/java.util.stream.ReduceOps$3ReducingSink.accept(ReduceOps.java:169)
	at java.base/java.util.Spliterators$ArraySpliterator.forEachRemaining(Spliterators.java:992)
	at java.base/java.util.stream.AbstractPipeline.copyInto(AbstractPipeline.java:509)
	at java.base/java.util.stream.AbstractPipeline.wrapAndCopyInto(AbstractPipeline.java:499)
	at java.base/java.util.stream.ReduceOps$ReduceOp.evaluateSequential(ReduceOps.java:921)
	at java.base/java.util.stream.AbstractPipeline.evaluate(AbstractPipeline.java:234)
	at java.base/java.util.stream.ReferencePipeline.collect(ReferencePipeline.java:682)
	at it.unibz.inf.ontop.generation.DefaultSQLIQTree2NativeNodeGenerator.extractVariableTypeMap(DefaultSQLIQTree2NativeNodeGenerator.java:74)
	at it.unibz.inf.ontop.generation.DefaultSQLIQTree2NativeNodeGenerator.generate(DefaultSQLIQTree2NativeNodeGenerator.java:61)
	at it.unibz.inf.ontop.answering.reformulation.generation.impl.SQLGeneratorImpl.generateSourceQuery(SQLGeneratorImpl.java:156)
	at it.unibz.inf.ontop.answering.reformulation.generation.impl.SQLGeneratorImpl.generateSourceQuery(SQLGeneratorImpl.java:131)
	at it.unibz.inf.ontop.answering.reformulation.generation.impl.SQLGeneratorImpl.generateSourceQuery(SQLGeneratorImpl.java:111)
	at it.unibz.inf.ontop.answering.reformulation.impl.QuestQueryProcessor.generateExecutableQuery(QuestQueryProcessor.java:163)
	at it.unibz.inf.ontop.answering.reformulation.impl.QuestQueryProcessor.reformulateIntoNativeQuery(QuestQueryProcessor.java:123)
	at it.unibz.inf.ontop.answering.connection.impl.QuestStatement.executeBooleanQuery(QuestStatement.java:148)
	at it.unibz.inf.ontop.answering.connection.impl.QuestStatement.lambda$execute$3(QuestStatement.java:227)
	at it.unibz.inf.ontop.answering.connection.impl.QuestStatement$QueryExecutionThread.run(QuestStatement.java:108)
12:11:13.933 |-ERROR in i.u.i.o.a.c.impl.QuestStatement - it.unibz.inf.ontop.exception.MinorOntopInternalBugException: Was expecting a unique and known DB term type to be extracted for the SQL variable id1m1
it.unibz.inf.ontop.exception.OntopReformulationException: it.unibz.inf.ontop.exception.MinorOntopInternalBugException: Was expecting a unique and known DB term type to be extracted for the SQL variable id1m1
	at it.unibz.inf.ontop.answering.reformulation.impl.QuestQueryProcessor.reformulateIntoNativeQuery(QuestQueryProcessor.java:154)
	at it.unibz.inf.ontop.answering.connection.impl.QuestStatement.executeBooleanQuery(QuestStatement.java:148)
	at it.unibz.inf.ontop.answering.connection.impl.QuestStatement.lambda$execute$3(QuestStatement.java:227)
	at it.unibz.inf.ontop.answering.connection.impl.QuestStatement$QueryExecutionThread.run(QuestStatement.java:108)
Caused by: it.unibz.inf.ontop.exception.MinorOntopInternalBugException: Was expecting a unique and known DB term type to be extracted for the SQL variable id1m1
	at it.unibz.inf.ontop.generation.DefaultSQLIQTree2NativeNodeGenerator.lambda$extractUniqueKnownType$6(DefaultSQLIQTree2NativeNodeGenerator.java:84)
	at java.base/java.util.Optional.orElseThrow(Optional.java:403)
	at it.unibz.inf.ontop.generation.DefaultSQLIQTree2NativeNodeGenerator.extractUniqueKnownType(DefaultSQLIQTree2NativeNodeGenerator.java:84)
	at it.unibz.inf.ontop.generation.DefaultSQLIQTree2NativeNodeGenerator.lambda$extractVariableTypeMap$2(DefaultSQLIQTree2NativeNodeGenerator.java:76)
	at it.unibz.inf.ontop.utils.ImmutableCollectors.lambda$toMap$0(ImmutableCollectors.java:110)
	at java.base/java.util.stream.ReduceOps$3ReducingSink.accept(ReduceOps.java:169)
	at java.base/java.util.Spliterators$ArraySpliterator.forEachRemaining(Spliterators.java:992)
	at java.base/java.util.stream.AbstractPipeline.copyInto(AbstractPipeline.java:509)
	at java.base/java.util.stream.AbstractPipeline.wrapAndCopyInto(AbstractPipeline.java:499)
	at java.base/java.util.stream.ReduceOps$ReduceOp.evaluateSequential(ReduceOps.java:921)
	at java.base/java.util.stream.AbstractPipeline.evaluate(AbstractPipeline.java:234)
	at java.base/java.util.stream.ReferencePipeline.collect(ReferencePipeline.java:682)
	at it.unibz.inf.ontop.generation.DefaultSQLIQTree2NativeNodeGenerator.extractVariableTypeMap(DefaultSQLIQTree2NativeNodeGenerator.java:74)
	at it.unibz.inf.ontop.generation.DefaultSQLIQTree2NativeNodeGenerator.generate(DefaultSQLIQTree2NativeNodeGenerator.java:61)
	at it.unibz.inf.ontop.answering.reformulation.generation.impl.SQLGeneratorImpl.generateSourceQuery(SQLGeneratorImpl.java:156)
	at it.unibz.inf.ontop.answering.reformulation.generation.impl.SQLGeneratorImpl.generateSourceQuery(SQLGeneratorImpl.java:131)
	at it.unibz.inf.ontop.answering.reformulation.generation.impl.SQLGeneratorImpl.generateSourceQuery(SQLGeneratorImpl.java:111)
	at it.unibz.inf.ontop.answering.reformulation.impl.QuestQueryProcessor.generateExecutableQuery(QuestQueryProcessor.java:163)
	at it.unibz.inf.ontop.answering.reformulation.impl.QuestQueryProcessor.reformulateIntoNativeQuery(QuestQueryProcessor.java:123)
	... 3 common frames omitted
org.eclipse.rdf4j.query.QueryEvaluationException: it.unibz.inf.ontop.exception.OntopReformulationException: it.unibz.inf.ontop.exception.MinorOntopInternalBugException: Was expecting a unique and known DB term type to be extracted for the SQL variable id1m1
	at it.unibz.inf.ontop.rdf4j.query.impl.OntopBooleanQuery.evaluate(OntopBooleanQuery.java:40)
	at it.unibz.inf.ontop.endpoint.processor.SparqlQueryExecutor.executeQuery(SparqlQueryExecutor.java:77)
	at it.unibz.inf.ontop.endpoint.controllers.SparqlQueryController.query_get(SparqlQueryController.java:42)
	at jdk.internal.reflect.GeneratedMethodAccessor7.invoke(Unknown Source)
	at java.base/jdk.internal.reflect.DelegatingMethodAccessorImpl.invoke(DelegatingMethodAccessorImpl.java:43)
	at java.base/java.lang.reflect.Method.invoke(Method.java:569)
	at org.springframework.web.method.support.InvocableHandlerMethod.doInvoke(InvocableHandlerMethod.java:205)
	at org.springframework.web.method.support.InvocableHandlerMethod.invokeForRequest(InvocableHandlerMethod.java:150)
	at org.springframework.web.servlet.mvc.method.annotation.ServletInvocableHandlerMethod.invokeAndHandle(ServletInvocableHandlerMethod.java:117)
	at org.springframework.web.servlet.mvc.method.annotation.RequestMappingHandlerAdapter.invokeHandlerMethod(RequestMappingHandlerAdapter.java:895)
	at org.springframework.web.servlet.mvc.method.annotation.RequestMappingHandlerAdapter.handleInternal(RequestMappingHandlerAdapter.java:808)
	at org.springframework.web.servlet.mvc.method.AbstractHandlerMethodAdapter.handle(AbstractHandlerMethodAdapter.java:87)
	at org.springframework.web.servlet.DispatcherServlet.doDispatch(DispatcherServlet.java:1072)
	at org.springframework.web.servlet.DispatcherServlet.doService(DispatcherServlet.java:965)
	at org.springframework.web.servlet.FrameworkServlet.processRequest(FrameworkServlet.java:1006)
	at org.springframework.web.servlet.FrameworkServlet.doGet(FrameworkServlet.java:898)
	at javax.servlet.http.HttpServlet.service(HttpServlet.java:529)
	at org.springframework.web.servlet.FrameworkServlet.service(FrameworkServlet.java:883)
	at javax.servlet.http.HttpServlet.service(HttpServlet.java:623)
	at org.apache.catalina.core.ApplicationFilterChain.internalDoFilter(ApplicationFilterChain.java:197)
	at org.apache.catalina.core.ApplicationFilterChain.doFilter(ApplicationFilterChain.java:142)
	at org.apache.tomcat.websocket.server.WsFilter.doFilter(WsFilter.java:51)
	at org.apache.catalina.core.ApplicationFilterChain.internalDoFilter(ApplicationFilterChain.java:166)
	at org.apache.catalina.core.ApplicationFilterChain.doFilter(ApplicationFilterChain.java:142)
	at org.springframework.web.filter.RequestContextFilter.doFilterInternal(RequestContextFilter.java:100)
	at org.springframework.web.filter.OncePerRequestFilter.doFilter(OncePerRequestFilter.java:117)
	at org.apache.catalina.core.ApplicationFilterChain.internalDoFilter(ApplicationFilterChain.java:166)
	at org.apache.catalina.core.ApplicationFilterChain.doFilter(ApplicationFilterChain.java:142)
	at org.springframework.web.filter.FormContentFilter.doFilterInternal(FormContentFilter.java:93)
	at org.springframework.web.filter.OncePerRequestFilter.doFilter(OncePerRequestFilter.java:117)
	at org.apache.catalina.core.ApplicationFilterChain.internalDoFilter(ApplicationFilterChain.java:166)
	at org.apache.catalina.core.ApplicationFilterChain.doFilter(ApplicationFilterChain.java:142)
	at org.springframework.boot.actuate.metrics.web.servlet.WebMvcMetricsFilter.doFilterInternal(WebMvcMetricsFilter.java:96)
	at org.springframework.web.filter.OncePerRequestFilter.doFilter(OncePerRequestFilter.java:117)
	at org.apache.catalina.core.ApplicationFilterChain.internalDoFilter(ApplicationFilterChain.java:166)
	at org.apache.catalina.core.ApplicationFilterChain.doFilter(ApplicationFilterChain.java:142)
	at org.springframework.web.filter.CharacterEncodingFilter.doFilterInternal(CharacterEncodingFilter.java:201)
	at org.springframework.web.filter.OncePerRequestFilter.doFilter(OncePerRequestFilter.java:117)
	at org.apache.catalina.core.ApplicationFilterChain.internalDoFilter(ApplicationFilterChain.java:166)
	at org.apache.catalina.core.ApplicationFilterChain.doFilter(ApplicationFilterChain.java:142)
	at org.apache.catalina.core.StandardWrapperValve.invoke(StandardWrapperValve.java:166)
	at org.apache.catalina.core.StandardContextValve.invoke(StandardContextValve.java:88)
	at org.apache.catalina.authenticator.AuthenticatorBase.invoke(AuthenticatorBase.java:491)
	at org.apache.catalina.core.StandardHostValve.invoke(StandardHostValve.java:127)
	at org.apache.catalina.valves.ErrorReportValve.invoke(ErrorReportValve.java:83)
	at org.apache.catalina.core.StandardEngineValve.invoke(StandardEngineValve.java:72)
	at org.apache.catalina.connector.CoyoteAdapter.service(CoyoteAdapter.java:344)
	at org.apache.coyote.http11.Http11Processor.service(Http11Processor.java:398)
	at org.apache.coyote.AbstractProcessorLight.process(AbstractProcessorLight.java:63)
	at org.apache.coyote.AbstractProtocol$ConnectionHandler.process(AbstractProtocol.java:939)
	at org.apache.tomcat.util.net.NioEndpoint$SocketProcessor.doRun(NioEndpoint.java:1854)
	at org.apache.tomcat.util.net.SocketProcessorBase.run(SocketProcessorBase.java:52)
	at org.apache.tomcat.util.threads.ThreadPoolExecutor.runWorker(ThreadPoolExecutor.java:973)
	at org.apache.tomcat.util.threads.ThreadPoolExecutor$Worker.run(ThreadPoolExecutor.java:491)
	at org.apache.tomcat.util.threads.TaskThread$WrappingRunnable.run(TaskThread.java:63)
	at java.base/java.lang.Thread.run(Thread.java:840)
Caused by: it.unibz.inf.ontop.exception.OntopReformulationException: it.unibz.inf.ontop.exception.MinorOntopInternalBugException: Was expecting a unique and known DB term type to be extracted for the SQL variable id1m1
	at it.unibz.inf.ontop.answering.reformulation.impl.QuestQueryProcessor.reformulateIntoNativeQuery(QuestQueryProcessor.java:154)
	at it.unibz.inf.ontop.answering.connection.impl.QuestStatement.executeBooleanQuery(QuestStatement.java:148)
	at it.unibz.inf.ontop.answering.connection.impl.QuestStatement.lambda$execute$3(QuestStatement.java:227)
	at it.unibz.inf.ontop.answering.connection.impl.QuestStatement$QueryExecutionThread.run(QuestStatement.java:108)
Caused by: it.unibz.inf.ontop.exception.MinorOntopInternalBugException: Was expecting a unique and known DB term type to be extracted for the SQL variable id1m1
	at it.unibz.inf.ontop.generation.DefaultSQLIQTree2NativeNodeGenerator.lambda$extractUniqueKnownType$6(DefaultSQLIQTree2NativeNodeGenerator.java:84)
	at java.base/java.util.Optional.orElseThrow(Optional.java:403)
	at it.unibz.inf.ontop.generation.DefaultSQLIQTree2NativeNodeGenerator.extractUniqueKnownType(DefaultSQLIQTree2NativeNodeGenerator.java:84)
	at it.unibz.inf.ontop.generation.DefaultSQLIQTree2NativeNodeGenerator.lambda$extractVariableTypeMap$2(DefaultSQLIQTree2NativeNodeGenerator.java:76)
	at it.unibz.inf.ontop.utils.ImmutableCollectors.lambda$toMap$0(ImmutableCollectors.java:110)
	at java.base/java.util.stream.ReduceOps$3ReducingSink.accept(ReduceOps.java:169)
	at java.base/java.util.Spliterators$ArraySpliterator.forEachRemaining(Spliterators.java:992)
	at java.base/java.util.stream.AbstractPipeline.copyInto(AbstractPipeline.java:509)
	at java.base/java.util.stream.AbstractPipeline.wrapAndCopyInto(AbstractPipeline.java:499)
	at java.base/java.util.stream.ReduceOps$ReduceOp.evaluateSequential(ReduceOps.java:921)
	at java.base/java.util.stream.AbstractPipeline.evaluate(AbstractPipeline.java:234)
	at java.base/java.util.stream.ReferencePipeline.collect(ReferencePipeline.java:682)
	at it.unibz.inf.ontop.generation.DefaultSQLIQTree2NativeNodeGenerator.extractVariableTypeMap(DefaultSQLIQTree2NativeNodeGenerator.java:74)
	at it.unibz.inf.ontop.generation.DefaultSQLIQTree2NativeNodeGenerator.generate(DefaultSQLIQTree2NativeNodeGenerator.java:61)
	at it.unibz.inf.ontop.answering.reformulation.generation.impl.SQLGeneratorImpl.generateSourceQuery(SQLGeneratorImpl.java:156)
	at it.unibz.inf.ontop.answering.reformulation.generation.impl.SQLGeneratorImpl.generateSourceQuery(SQLGeneratorImpl.java:131)
	at it.unibz.inf.ontop.answering.reformulation.generation.impl.SQLGeneratorImpl.generateSourceQuery(SQLGeneratorImpl.java:111)
	at it.unibz.inf.ontop.answering.reformulation.impl.QuestQueryProcessor.generateExecutableQuery(QuestQueryProcessor.java:163)
	at it.unibz.inf.ontop.answering.reformulation.impl.QuestQueryProcessor.reformulateIntoNativeQuery(QuestQueryProcessor.java:123)
	... 3 more
12:11:14.976 |-WARN  in i.u.i.o.a.r.impl.QuestQueryProcessor - Unexpected exception: Was expecting a unique and known DB term type to be extracted for the SQL variable id1m1
it.unibz.inf.ontop.exception.MinorOntopInternalBugException: Was expecting a unique and known DB term type to be extracted for the SQL variable id1m1
	at it.unibz.inf.ontop.generation.DefaultSQLIQTree2NativeNodeGenerator.lambda$extractUniqueKnownType$6(DefaultSQLIQTree2NativeNodeGenerator.java:84)
	at java.base/java.util.Optional.orElseThrow(Optional.java:403)
	at it.unibz.inf.ontop.generation.DefaultSQLIQTree2NativeNodeGenerator.extractUniqueKnownType(DefaultSQLIQTree2NativeNodeGenerator.java:84)
	at it.unibz.inf.ontop.generation.DefaultSQLIQTree2NativeNodeGenerator.lambda$extractVariableTypeMap$2(DefaultSQLIQTree2NativeNodeGenerator.java:76)
	at it.unibz.inf.ontop.utils.ImmutableCollectors.lambda$toMap$0(ImmutableCollectors.java:110)
	at java.base/java.util.stream.ReduceOps$3ReducingSink.accept(ReduceOps.java:169)
	at java.base/java.util.Spliterators$ArraySpliterator.forEachRemaining(Spliterators.java:992)
	at java.base/java.util.stream.AbstractPipeline.copyInto(AbstractPipeline.java:509)
	at java.base/java.util.stream.AbstractPipeline.wrapAndCopyInto(AbstractPipeline.java:499)
	at java.base/java.util.stream.ReduceOps$ReduceOp.evaluateSequential(ReduceOps.java:921)
	at java.base/java.util.stream.AbstractPipeline.evaluate(AbstractPipeline.java:234)
	at java.base/java.util.stream.ReferencePipeline.collect(ReferencePipeline.java:682)
	at it.unibz.inf.ontop.generation.DefaultSQLIQTree2NativeNodeGenerator.extractVariableTypeMap(DefaultSQLIQTree2NativeNodeGenerator.java:74)
	at it.unibz.inf.ontop.generation.DefaultSQLIQTree2NativeNodeGenerator.generate(DefaultSQLIQTree2NativeNodeGenerator.java:61)
	at it.unibz.inf.ontop.answering.reformulation.generation.impl.SQLGeneratorImpl.generateSourceQuery(SQLGeneratorImpl.java:156)
	at it.unibz.inf.ontop.answering.reformulation.generation.impl.SQLGeneratorImpl.generateSourceQuery(SQLGeneratorImpl.java:131)
	at it.unibz.inf.ontop.answering.reformulation.generation.impl.SQLGeneratorImpl.generateSourceQuery(SQLGeneratorImpl.java:111)
	at it.unibz.inf.ontop.answering.reformulation.impl.QuestQueryProcessor.generateExecutableQuery(QuestQueryProcessor.java:163)
	at it.unibz.inf.ontop.answering.reformulation.impl.QuestQueryProcessor.reformulateIntoNativeQuery(QuestQueryProcessor.java:123)
	at it.unibz.inf.ontop.answering.connection.impl.QuestStatement.executeBooleanQuery(QuestStatement.java:148)
	at it.unibz.inf.ontop.answering.connection.impl.QuestStatement.lambda$execute$3(QuestStatement.java:227)
	at it.unibz.inf.ontop.answering.connection.impl.QuestStatement$QueryExecutionThread.run(QuestStatement.java:108)
12:11:14.976 |-ERROR in i.u.i.o.a.c.impl.QuestStatement - it.unibz.inf.ontop.exception.MinorOntopInternalBugException: Was expecting a unique and known DB term type to be extracted for the SQL variable id1m1
it.unibz.inf.ontop.exception.OntopReformulationException: it.unibz.inf.ontop.exception.MinorOntopInternalBugException: Was expecting a unique and known DB term type to be extracted for the SQL variable id1m1
	at it.unibz.inf.ontop.answering.reformulation.impl.QuestQueryProcessor.reformulateIntoNativeQuery(QuestQueryProcessor.java:154)
	at it.unibz.inf.ontop.answering.connection.impl.QuestStatement.executeBooleanQuery(QuestStatement.java:148)
	at it.unibz.inf.ontop.answering.connection.impl.QuestStatement.lambda$execute$3(QuestStatement.java:227)
	at it.unibz.inf.ontop.answering.connection.impl.QuestStatement$QueryExecutionThread.run(QuestStatement.java:108)
Caused by: it.unibz.inf.ontop.exception.MinorOntopInternalBugException: Was expecting a unique and known DB term type to be extracted for the SQL variable id1m1
	at it.unibz.inf.ontop.generation.DefaultSQLIQTree2NativeNodeGenerator.lambda$extractUniqueKnownType$6(DefaultSQLIQTree2NativeNodeGenerator.java:84)
	at java.base/java.util.Optional.orElseThrow(Optional.java:403)
	at it.unibz.inf.ontop.generation.DefaultSQLIQTree2NativeNodeGenerator.extractUniqueKnownType(DefaultSQLIQTree2NativeNodeGenerator.java:84)
	at it.unibz.inf.ontop.generation.DefaultSQLIQTree2NativeNodeGenerator.lambda$extractVariableTypeMap$2(DefaultSQLIQTree2NativeNodeGenerator.java:76)
	at it.unibz.inf.ontop.utils.ImmutableCollectors.lambda$toMap$0(ImmutableCollectors.java:110)
	at java.base/java.util.stream.ReduceOps$3ReducingSink.accept(ReduceOps.java:169)
	at java.base/java.util.Spliterators$ArraySpliterator.forEachRemaining(Spliterators.java:992)
	at java.base/java.util.stream.AbstractPipeline.copyInto(AbstractPipeline.java:509)
	at java.base/java.util.stream.AbstractPipeline.wrapAndCopyInto(AbstractPipeline.java:499)
	at java.base/java.util.stream.ReduceOps$ReduceOp.evaluateSequential(ReduceOps.java:921)
	at java.base/java.util.stream.AbstractPipeline.evaluate(AbstractPipeline.java:234)
	at java.base/java.util.stream.ReferencePipeline.collect(ReferencePipeline.java:682)
	at it.unibz.inf.ontop.generation.DefaultSQLIQTree2NativeNodeGenerator.extractVariableTypeMap(DefaultSQLIQTree2NativeNodeGenerator.java:74)
	at it.unibz.inf.ontop.generation.DefaultSQLIQTree2NativeNodeGenerator.generate(DefaultSQLIQTree2NativeNodeGenerator.java:61)
	at it.unibz.inf.ontop.answering.reformulation.generation.impl.SQLGeneratorImpl.generateSourceQuery(SQLGeneratorImpl.java:156)
	at it.unibz.inf.ontop.answering.reformulation.generation.impl.SQLGeneratorImpl.generateSourceQuery(SQLGeneratorImpl.java:131)
	at it.unibz.inf.ontop.answering.reformulation.generation.impl.SQLGeneratorImpl.generateSourceQuery(SQLGeneratorImpl.java:111)
	at it.unibz.inf.ontop.answering.reformulation.impl.QuestQueryProcessor.generateExecutableQuery(QuestQueryProcessor.java:163)
	at it.unibz.inf.ontop.answering.reformulation.impl.QuestQueryProcessor.reformulateIntoNativeQuery(QuestQueryProcessor.java:123)
	... 3 common frames omitted
org.eclipse.rdf4j.query.QueryEvaluationException: it.unibz.inf.ontop.exception.OntopReformulationException: it.unibz.inf.ontop.exception.MinorOntopInternalBugException: Was expecting a unique and known DB term type to be extracted for the SQL variable id1m1
	at it.unibz.inf.ontop.rdf4j.query.impl.OntopBooleanQuery.evaluate(OntopBooleanQuery.java:40)
	at it.unibz.inf.ontop.endpoint.processor.SparqlQueryExecutor.executeQuery(SparqlQueryExecutor.java:77)
	at it.unibz.inf.ontop.endpoint.controllers.SparqlQueryController.query_get(SparqlQueryController.java:42)
	at jdk.internal.reflect.GeneratedMethodAccessor7.invoke(Unknown Source)
	at java.base/jdk.internal.reflect.DelegatingMethodAccessorImpl.invoke(DelegatingMethodAccessorImpl.java:43)
	at java.base/java.lang.reflect.Method.invoke(Method.java:569)
	at org.springframework.web.method.support.InvocableHandlerMethod.doInvoke(InvocableHandlerMethod.java:205)
	at org.springframework.web.method.support.InvocableHandlerMethod.invokeForRequest(InvocableHandlerMethod.java:150)
	at org.springframework.web.servlet.mvc.method.annotation.ServletInvocableHandlerMethod.invokeAndHandle(ServletInvocableHandlerMethod.java:117)
	at org.springframework.web.servlet.mvc.method.annotation.RequestMappingHandlerAdapter.invokeHandlerMethod(RequestMappingHandlerAdapter.java:895)
	at org.springframework.web.servlet.mvc.method.annotation.RequestMappingHandlerAdapter.handleInternal(RequestMappingHandlerAdapter.java:808)
	at org.springframework.web.servlet.mvc.method.AbstractHandlerMethodAdapter.handle(AbstractHandlerMethodAdapter.java:87)
	at org.springframework.web.servlet.DispatcherServlet.doDispatch(DispatcherServlet.java:1072)
	at org.springframework.web.servlet.DispatcherServlet.doService(DispatcherServlet.java:965)
	at org.springframework.web.servlet.FrameworkServlet.processRequest(FrameworkServlet.java:1006)
	at org.springframework.web.servlet.FrameworkServlet.doGet(FrameworkServlet.java:898)
	at javax.servlet.http.HttpServlet.service(HttpServlet.java:529)
	at org.springframework.web.servlet.FrameworkServlet.service(FrameworkServlet.java:883)
	at javax.servlet.http.HttpServlet.service(HttpServlet.java:623)
	at org.apache.catalina.core.ApplicationFilterChain.internalDoFilter(ApplicationFilterChain.java:197)
	at org.apache.catalina.core.ApplicationFilterChain.doFilter(ApplicationFilterChain.java:142)
	at org.apache.tomcat.websocket.server.WsFilter.doFilter(WsFilter.java:51)
	at org.apache.catalina.core.ApplicationFilterChain.internalDoFilter(ApplicationFilterChain.java:166)
	at org.apache.catalina.core.ApplicationFilterChain.doFilter(ApplicationFilterChain.java:142)
	at org.springframework.web.filter.RequestContextFilter.doFilterInternal(RequestContextFilter.java:100)
	at org.springframework.web.filter.OncePerRequestFilter.doFilter(OncePerRequestFilter.java:117)
	at org.apache.catalina.core.ApplicationFilterChain.internalDoFilter(ApplicationFilterChain.java:166)
	at org.apache.catalina.core.ApplicationFilterChain.doFilter(ApplicationFilterChain.java:142)
	at org.springframework.web.filter.FormContentFilter.doFilterInternal(FormContentFilter.java:93)
	at org.springframework.web.filter.OncePerRequestFilter.doFilter(OncePerRequestFilter.java:117)
	at org.apache.catalina.core.ApplicationFilterChain.internalDoFilter(ApplicationFilterChain.java:166)
	at org.apache.catalina.core.ApplicationFilterChain.doFilter(ApplicationFilterChain.java:142)
	at org.springframework.boot.actuate.metrics.web.servlet.WebMvcMetricsFilter.doFilterInternal(WebMvcMetricsFilter.java:96)
	at org.springframework.web.filter.OncePerRequestFilter.doFilter(OncePerRequestFilter.java:117)
	at org.apache.catalina.core.ApplicationFilterChain.internalDoFilter(ApplicationFilterChain.java:166)
	at org.apache.catalina.core.ApplicationFilterChain.doFilter(ApplicationFilterChain.java:142)
	at org.springframework.web.filter.CharacterEncodingFilter.doFilterInternal(CharacterEncodingFilter.java:201)
	at org.springframework.web.filter.OncePerRequestFilter.doFilter(OncePerRequestFilter.java:117)
	at org.apache.catalina.core.ApplicationFilterChain.internalDoFilter(ApplicationFilterChain.java:166)
	at org.apache.catalina.core.ApplicationFilterChain.doFilter(ApplicationFilterChain.java:142)
	at org.apache.catalina.core.StandardWrapperValve.invoke(StandardWrapperValve.java:166)
	at org.apache.catalina.core.StandardContextValve.invoke(StandardContextValve.java:88)
	at org.apache.catalina.authenticator.AuthenticatorBase.invoke(AuthenticatorBase.java:491)
	at org.apache.catalina.core.StandardHostValve.invoke(StandardHostValve.java:127)
	at org.apache.catalina.valves.ErrorReportValve.invoke(ErrorReportValve.java:83)
	at org.apache.catalina.core.StandardEngineValve.invoke(StandardEngineValve.java:72)
	at org.apache.catalina.connector.CoyoteAdapter.service(CoyoteAdapter.java:344)
	at org.apache.coyote.http11.Http11Processor.service(Http11Processor.java:398)
	at org.apache.coyote.AbstractProcessorLight.process(AbstractProcessorLight.java:63)
	at org.apache.coyote.AbstractProtocol$ConnectionHandler.process(AbstractProtocol.java:939)
	at org.apache.tomcat.util.net.NioEndpoint$SocketProcessor.doRun(NioEndpoint.java:1854)
	at org.apache.tomcat.util.net.SocketProcessorBase.run(SocketProcessorBase.java:52)
	at org.apache.tomcat.util.threads.ThreadPoolExecutor.runWorker(ThreadPoolExecutor.java:973)
	at org.apache.tomcat.util.threads.ThreadPoolExecutor$Worker.run(ThreadPoolExecutor.java:491)
	at org.apache.tomcat.util.threads.TaskThread$WrappingRunnable.run(TaskThread.java:63)
	at java.base/java.lang.Thread.run(Thread.java:840)
Caused by: it.unibz.inf.ontop.exception.OntopReformulationException: it.unibz.inf.ontop.exception.MinorOntopInternalBugException: Was expecting a unique and known DB term type to be extracted for the SQL variable id1m1
	at it.unibz.inf.ontop.answering.reformulation.impl.QuestQueryProcessor.reformulateIntoNativeQuery(QuestQueryProcessor.java:154)
	at it.unibz.inf.ontop.answering.connection.impl.QuestStatement.executeBooleanQuery(QuestStatement.java:148)
	at it.unibz.inf.ontop.answering.connection.impl.QuestStatement.lambda$execute$3(QuestStatement.java:227)
	at it.unibz.inf.ontop.answering.connection.impl.QuestStatement$QueryExecutionThread.run(QuestStatement.java:108)
Caused by: it.unibz.inf.ontop.exception.MinorOntopInternalBugException: Was expecting a unique and known DB term type to be extracted for the SQL variable id1m1
	at it.unibz.inf.ontop.generation.DefaultSQLIQTree2NativeNodeGenerator.lambda$extractUniqueKnownType$6(DefaultSQLIQTree2NativeNodeGenerator.java:84)
	at java.base/java.util.Optional.orElseThrow(Optional.java:403)
	at it.unibz.inf.ontop.generation.DefaultSQLIQTree2NativeNodeGenerator.extractUniqueKnownType(DefaultSQLIQTree2NativeNodeGenerator.java:84)
	at it.unibz.inf.ontop.generation.DefaultSQLIQTree2NativeNodeGenerator.lambda$extractVariableTypeMap$2(DefaultSQLIQTree2NativeNodeGenerator.java:76)
	at it.unibz.inf.ontop.utils.ImmutableCollectors.lambda$toMap$0(ImmutableCollectors.java:110)
	at java.base/java.util.stream.ReduceOps$3ReducingSink.accept(ReduceOps.java:169)
	at java.base/java.util.Spliterators$ArraySpliterator.forEachRemaining(Spliterators.java:992)
	at java.base/java.util.stream.AbstractPipeline.copyInto(AbstractPipeline.java:509)
	at java.base/java.util.stream.AbstractPipeline.wrapAndCopyInto(AbstractPipeline.java:499)
	at java.base/java.util.stream.ReduceOps$ReduceOp.evaluateSequential(ReduceOps.java:921)
	at java.base/java.util.stream.AbstractPipeline.evaluate(AbstractPipeline.java:234)
	at java.base/java.util.stream.ReferencePipeline.collect(ReferencePipeline.java:682)
	at it.unibz.inf.ontop.generation.DefaultSQLIQTree2NativeNodeGenerator.extractVariableTypeMap(DefaultSQLIQTree2NativeNodeGenerator.java:74)
	at it.unibz.inf.ontop.generation.DefaultSQLIQTree2NativeNodeGenerator.generate(DefaultSQLIQTree2NativeNodeGenerator.java:61)
	at it.unibz.inf.ontop.answering.reformulation.generation.impl.SQLGeneratorImpl.generateSourceQuery(SQLGeneratorImpl.java:156)
	at it.unibz.inf.ontop.answering.reformulation.generation.impl.SQLGeneratorImpl.generateSourceQuery(SQLGeneratorImpl.java:131)
	at it.unibz.inf.ontop.answering.reformulation.generation.impl.SQLGeneratorImpl.generateSourceQuery(SQLGeneratorImpl.java:111)
	at it.unibz.inf.ontop.answering.reformulation.impl.QuestQueryProcessor.generateExecutableQuery(QuestQueryProcessor.java:163)
	at it.unibz.inf.ontop.answering.reformulation.impl.QuestQueryProcessor.reformulateIntoNativeQuery(QuestQueryProcessor.java:123)
	... 3 more
12:11:16.027 |-WARN  in i.u.i.o.a.r.impl.QuestQueryProcessor - Unexpected exception: Was expecting a unique and known DB term type to be extracted for the SQL variable id1m1
it.unibz.inf.ontop.exception.MinorOntopInternalBugException: Was expecting a unique and known DB term type to be extracted for the SQL variable id1m1
	at it.unibz.inf.ontop.generation.DefaultSQLIQTree2NativeNodeGenerator.lambda$extractUniqueKnownType$6(DefaultSQLIQTree2NativeNodeGenerator.java:84)
	at java.base/java.util.Optional.orElseThrow(Optional.java:403)
	at it.unibz.inf.ontop.generation.DefaultSQLIQTree2NativeNodeGenerator.extractUniqueKnownType(DefaultSQLIQTree2NativeNodeGenerator.java:84)
	at it.unibz.inf.ontop.generation.DefaultSQLIQTree2NativeNodeGenerator.lambda$extractVariableTypeMap$2(DefaultSQLIQTree2NativeNodeGenerator.java:76)
	at it.unibz.inf.ontop.utils.ImmutableCollectors.lambda$toMap$0(ImmutableCollectors.java:110)
	at java.base/java.util.stream.ReduceOps$3ReducingSink.accept(ReduceOps.java:169)
	at java.base/java.util.Spliterators$ArraySpliterator.forEachRemaining(Spliterators.java:992)
	at java.base/java.util.stream.AbstractPipeline.copyInto(AbstractPipeline.java:509)
	at java.base/java.util.stream.AbstractPipeline.wrapAndCopyInto(AbstractPipeline.java:499)
	at java.base/java.util.stream.ReduceOps$ReduceOp.evaluateSequential(ReduceOps.java:921)
	at java.base/java.util.stream.AbstractPipeline.evaluate(AbstractPipeline.java:234)
	at java.base/java.util.stream.ReferencePipeline.collect(ReferencePipeline.java:682)
	at it.unibz.inf.ontop.generation.DefaultSQLIQTree2NativeNodeGenerator.extractVariableTypeMap(DefaultSQLIQTree2NativeNodeGenerator.java:74)
	at it.unibz.inf.ontop.generation.DefaultSQLIQTree2NativeNodeGenerator.generate(DefaultSQLIQTree2NativeNodeGenerator.java:61)
	at it.unibz.inf.ontop.answering.reformulation.generation.impl.SQLGeneratorImpl.generateSourceQuery(SQLGeneratorImpl.java:156)
	at it.unibz.inf.ontop.answering.reformulation.generation.impl.SQLGeneratorImpl.generateSourceQuery(SQLGeneratorImpl.java:131)
	at it.unibz.inf.ontop.answering.reformulation.generation.impl.SQLGeneratorImpl.generateSourceQuery(SQLGeneratorImpl.java:111)
	at it.unibz.inf.ontop.answering.reformulation.impl.QuestQueryProcessor.generateExecutableQuery(QuestQueryProcessor.java:163)
	at it.unibz.inf.ontop.answering.reformulation.impl.QuestQueryProcessor.reformulateIntoNativeQuery(QuestQueryProcessor.java:123)
	at it.unibz.inf.ontop.answering.connection.impl.QuestStatement.executeBooleanQuery(QuestStatement.java:148)
	at it.unibz.inf.ontop.answering.connection.impl.QuestStatement.lambda$execute$3(QuestStatement.java:227)
	at it.unibz.inf.ontop.answering.connection.impl.QuestStatement$QueryExecutionThread.run(QuestStatement.java:108)
12:11:16.027 |-ERROR in i.u.i.o.a.c.impl.QuestStatement - it.unibz.inf.ontop.exception.MinorOntopInternalBugException: Was expecting a unique and known DB term type to be extracted for the SQL variable id1m1
it.unibz.inf.ontop.exception.OntopReformulationException: it.unibz.inf.ontop.exception.MinorOntopInternalBugException: Was expecting a unique and known DB term type to be extracted for the SQL variable id1m1
	at it.unibz.inf.ontop.answering.reformulation.impl.QuestQueryProcessor.reformulateIntoNativeQuery(QuestQueryProcessor.java:154)
	at it.unibz.inf.ontop.answering.connection.impl.QuestStatement.executeBooleanQuery(QuestStatement.java:148)
	at it.unibz.inf.ontop.answering.connection.impl.QuestStatement.lambda$execute$3(QuestStatement.java:227)
	at it.unibz.inf.ontop.answering.connection.impl.QuestStatement$QueryExecutionThread.run(QuestStatement.java:108)
Caused by: it.unibz.inf.ontop.exception.MinorOntopInternalBugException: Was expecting a unique and known DB term type to be extracted for the SQL variable id1m1
	at it.unibz.inf.ontop.generation.DefaultSQLIQTree2NativeNodeGenerator.lambda$extractUniqueKnownType$6(DefaultSQLIQTree2NativeNodeGenerator.java:84)
	at java.base/java.util.Optional.orElseThrow(Optional.java:403)
	at it.unibz.inf.ontop.generation.DefaultSQLIQTree2NativeNodeGenerator.extractUniqueKnownType(DefaultSQLIQTree2NativeNodeGenerator.java:84)
	at it.unibz.inf.ontop.generation.DefaultSQLIQTree2NativeNodeGenerator.lambda$extractVariableTypeMap$2(DefaultSQLIQTree2NativeNodeGenerator.java:76)
	at it.unibz.inf.ontop.utils.ImmutableCollectors.lambda$toMap$0(ImmutableCollectors.java:110)
	at java.base/java.util.stream.ReduceOps$3ReducingSink.accept(ReduceOps.java:169)
	at java.base/java.util.Spliterators$ArraySpliterator.forEachRemaining(Spliterators.java:992)
	at java.base/java.util.stream.AbstractPipeline.copyInto(AbstractPipeline.java:509)
	at java.base/java.util.stream.AbstractPipeline.wrapAndCopyInto(AbstractPipeline.java:499)
	at java.base/java.util.stream.ReduceOps$ReduceOp.evaluateSequential(ReduceOps.java:921)
	at java.base/java.util.stream.AbstractPipeline.evaluate(AbstractPipeline.java:234)
	at java.base/java.util.stream.ReferencePipeline.collect(ReferencePipeline.java:682)
	at it.unibz.inf.ontop.generation.DefaultSQLIQTree2NativeNodeGenerator.extractVariableTypeMap(DefaultSQLIQTree2NativeNodeGenerator.java:74)
	at it.unibz.inf.ontop.generation.DefaultSQLIQTree2NativeNodeGenerator.generate(DefaultSQLIQTree2NativeNodeGenerator.java:61)
	at it.unibz.inf.ontop.answering.reformulation.generation.impl.SQLGeneratorImpl.generateSourceQuery(SQLGeneratorImpl.java:156)
	at it.unibz.inf.ontop.answering.reformulation.generation.impl.SQLGeneratorImpl.generateSourceQuery(SQLGeneratorImpl.java:131)
	at it.unibz.inf.ontop.answering.reformulation.generation.impl.SQLGeneratorImpl.generateSourceQuery(SQLGeneratorImpl.java:111)
	at it.unibz.inf.ontop.answering.reformulation.impl.QuestQueryProcessor.generateExecutableQuery(QuestQueryProcessor.java:163)
	at it.unibz.inf.ontop.answering.reformulation.impl.QuestQueryProcessor.reformulateIntoNativeQuery(QuestQueryProcessor.java:123)
	... 3 common frames omitted
org.eclipse.rdf4j.query.QueryEvaluationException: it.unibz.inf.ontop.exception.OntopReformulationException: it.unibz.inf.ontop.exception.MinorOntopInternalBugException: Was expecting a unique and known DB term type to be extracted for the SQL variable id1m1
	at it.unibz.inf.ontop.rdf4j.query.impl.OntopBooleanQuery.evaluate(OntopBooleanQuery.java:40)
	at it.unibz.inf.ontop.endpoint.processor.SparqlQueryExecutor.executeQuery(SparqlQueryExecutor.java:77)
	at it.unibz.inf.ontop.endpoint.controllers.SparqlQueryController.query_get(SparqlQueryController.java:42)
	at jdk.internal.reflect.GeneratedMethodAccessor7.invoke(Unknown Source)
	at java.base/jdk.internal.reflect.DelegatingMethodAccessorImpl.invoke(DelegatingMethodAccessorImpl.java:43)
	at java.base/java.lang.reflect.Method.invoke(Method.java:569)
	at org.springframework.web.method.support.InvocableHandlerMethod.doInvoke(InvocableHandlerMethod.java:205)
	at org.springframework.web.method.support.InvocableHandlerMethod.invokeForRequest(InvocableHandlerMethod.java:150)
	at org.springframework.web.servlet.mvc.method.annotation.ServletInvocableHandlerMethod.invokeAndHandle(ServletInvocableHandlerMethod.java:117)
	at org.springframework.web.servlet.mvc.method.annotation.RequestMappingHandlerAdapter.invokeHandlerMethod(RequestMappingHandlerAdapter.java:895)
	at org.springframework.web.servlet.mvc.method.annotation.RequestMappingHandlerAdapter.handleInternal(RequestMappingHandlerAdapter.java:808)
	at org.springframework.web.servlet.mvc.method.AbstractHandlerMethodAdapter.handle(AbstractHandlerMethodAdapter.java:87)
	at org.springframework.web.servlet.DispatcherServlet.doDispatch(DispatcherServlet.java:1072)
	at org.springframework.web.servlet.DispatcherServlet.doService(DispatcherServlet.java:965)
	at org.springframework.web.servlet.FrameworkServlet.processRequest(FrameworkServlet.java:1006)
	at org.springframework.web.servlet.FrameworkServlet.doGet(FrameworkServlet.java:898)
	at javax.servlet.http.HttpServlet.service(HttpServlet.java:529)
	at org.springframework.web.servlet.FrameworkServlet.service(FrameworkServlet.java:883)
	at javax.servlet.http.HttpServlet.service(HttpServlet.java:623)
	at org.apache.catalina.core.ApplicationFilterChain.internalDoFilter(ApplicationFilterChain.java:197)
	at org.apache.catalina.core.ApplicationFilterChain.doFilter(ApplicationFilterChain.java:142)
	at org.apache.tomcat.websocket.server.WsFilter.doFilter(WsFilter.java:51)
	at org.apache.catalina.core.ApplicationFilterChain.internalDoFilter(ApplicationFilterChain.java:166)
	at org.apache.catalina.core.ApplicationFilterChain.doFilter(ApplicationFilterChain.java:142)
	at org.springframework.web.filter.RequestContextFilter.doFilterInternal(RequestContextFilter.java:100)
	at org.springframework.web.filter.OncePerRequestFilter.doFilter(OncePerRequestFilter.java:117)
	at org.apache.catalina.core.ApplicationFilterChain.internalDoFilter(ApplicationFilterChain.java:166)
	at org.apache.catalina.core.ApplicationFilterChain.doFilter(ApplicationFilterChain.java:142)
	at org.springframework.web.filter.FormContentFilter.doFilterInternal(FormContentFilter.java:93)
	at org.springframework.web.filter.OncePerRequestFilter.doFilter(OncePerRequestFilter.java:117)
	at org.apache.catalina.core.ApplicationFilterChain.internalDoFilter(ApplicationFilterChain.java:166)
	at org.apache.catalina.core.ApplicationFilterChain.doFilter(ApplicationFilterChain.java:142)
	at org.springframework.boot.actuate.metrics.web.servlet.WebMvcMetricsFilter.doFilterInternal(WebMvcMetricsFilter.java:96)
	at org.springframework.web.filter.OncePerRequestFilter.doFilter(OncePerRequestFilter.java:117)
	at org.apache.catalina.core.ApplicationFilterChain.internalDoFilter(ApplicationFilterChain.java:166)
	at org.apache.catalina.core.ApplicationFilterChain.doFilter(ApplicationFilterChain.java:142)
	at org.springframework.web.filter.CharacterEncodingFilter.doFilterInternal(CharacterEncodingFilter.java:201)
	at org.springframework.web.filter.OncePerRequestFilter.doFilter(OncePerRequestFilter.java:117)
	at org.apache.catalina.core.ApplicationFilterChain.internalDoFilter(ApplicationFilterChain.java:166)
	at org.apache.catalina.core.ApplicationFilterChain.doFilter(ApplicationFilterChain.java:142)
	at org.apache.catalina.core.StandardWrapperValve.invoke(StandardWrapperValve.java:166)
	at org.apache.catalina.core.StandardContextValve.invoke(StandardContextValve.java:88)
	at org.apache.catalina.authenticator.AuthenticatorBase.invoke(AuthenticatorBase.java:491)
	at org.apache.catalina.core.StandardHostValve.invoke(StandardHostValve.java:127)
	at org.apache.catalina.valves.ErrorReportValve.invoke(ErrorReportValve.java:83)
	at org.apache.catalina.core.StandardEngineValve.invoke(StandardEngineValve.java:72)
	at org.apache.catalina.connector.CoyoteAdapter.service(CoyoteAdapter.java:344)
	at org.apache.coyote.http11.Http11Processor.service(Http11Processor.java:398)
	at org.apache.coyote.AbstractProcessorLight.process(AbstractProcessorLight.java:63)
	at org.apache.coyote.AbstractProtocol$ConnectionHandler.process(AbstractProtocol.java:939)
	at org.apache.tomcat.util.net.NioEndpoint$SocketProcessor.doRun(NioEndpoint.java:1854)
	at org.apache.tomcat.util.net.SocketProcessorBase.run(SocketProcessorBase.java:52)
	at org.apache.tomcat.util.threads.ThreadPoolExecutor.runWorker(ThreadPoolExecutor.java:973)
	at org.apache.tomcat.util.threads.ThreadPoolExecutor$Worker.run(ThreadPoolExecutor.java:491)
	at org.apache.tomcat.util.threads.TaskThread$WrappingRunnable.run(TaskThread.java:63)
	at java.base/java.lang.Thread.run(Thread.java:840)
Caused by: it.unibz.inf.ontop.exception.OntopReformulationException: it.unibz.inf.ontop.exception.MinorOntopInternalBugException: Was expecting a unique and known DB term type to be extracted for the SQL variable id1m1
	at it.unibz.inf.ontop.answering.reformulation.impl.QuestQueryProcessor.reformulateIntoNativeQuery(QuestQueryProcessor.java:154)
	at it.unibz.inf.ontop.answering.connection.impl.QuestStatement.executeBooleanQuery(QuestStatement.java:148)
	at it.unibz.inf.ontop.answering.connection.impl.QuestStatement.lambda$execute$3(QuestStatement.java:227)
	at it.unibz.inf.ontop.answering.connection.impl.QuestStatement$QueryExecutionThread.run(QuestStatement.java:108)
Caused by: it.unibz.inf.ontop.exception.MinorOntopInternalBugException: Was expecting a unique and known DB term type to be extracted for the SQL variable id1m1
	at it.unibz.inf.ontop.generation.DefaultSQLIQTree2NativeNodeGenerator.lambda$extractUniqueKnownType$6(DefaultSQLIQTree2NativeNodeGenerator.java:84)
	at java.base/java.util.Optional.orElseThrow(Optional.java:403)
	at it.unibz.inf.ontop.generation.DefaultSQLIQTree2NativeNodeGenerator.extractUniqueKnownType(DefaultSQLIQTree2NativeNodeGenerator.java:84)
	at it.unibz.inf.ontop.generation.DefaultSQLIQTree2NativeNodeGenerator.lambda$extractVariableTypeMap$2(DefaultSQLIQTree2NativeNodeGenerator.java:76)
	at it.unibz.inf.ontop.utils.ImmutableCollectors.lambda$toMap$0(ImmutableCollectors.java:110)
	at java.base/java.util.stream.ReduceOps$3ReducingSink.accept(ReduceOps.java:169)
	at java.base/java.util.Spliterators$ArraySpliterator.forEachRemaining(Spliterators.java:992)
	at java.base/java.util.stream.AbstractPipeline.copyInto(AbstractPipeline.java:509)
	at java.base/java.util.stream.AbstractPipeline.wrapAndCopyInto(AbstractPipeline.java:499)
	at java.base/java.util.stream.ReduceOps$ReduceOp.evaluateSequential(ReduceOps.java:921)
	at java.base/java.util.stream.AbstractPipeline.evaluate(AbstractPipeline.java:234)
	at java.base/java.util.stream.ReferencePipeline.collect(ReferencePipeline.java:682)
	at it.unibz.inf.ontop.generation.DefaultSQLIQTree2NativeNodeGenerator.extractVariableTypeMap(DefaultSQLIQTree2NativeNodeGenerator.java:74)
	at it.unibz.inf.ontop.generation.DefaultSQLIQTree2NativeNodeGenerator.generate(DefaultSQLIQTree2NativeNodeGenerator.java:61)
	at it.unibz.inf.ontop.answering.reformulation.generation.impl.SQLGeneratorImpl.generateSourceQuery(SQLGeneratorImpl.java:156)
	at it.unibz.inf.ontop.answering.reformulation.generation.impl.SQLGeneratorImpl.generateSourceQuery(SQLGeneratorImpl.java:131)
	at it.unibz.inf.ontop.answering.reformulation.generation.impl.SQLGeneratorImpl.generateSourceQuery(SQLGeneratorImpl.java:111)
	at it.unibz.inf.ontop.answering.reformulation.impl.QuestQueryProcessor.generateExecutableQuery(QuestQueryProcessor.java:163)
	at it.unibz.inf.ontop.answering.reformulation.impl.QuestQueryProcessor.reformulateIntoNativeQuery(QuestQueryProcessor.java:123)
	... 3 more
12:11:17.074 |-WARN  in i.u.i.o.a.r.impl.QuestQueryProcessor - Unexpected exception: Was expecting a unique and known DB term type to be extracted for the SQL variable id1m1
it.unibz.inf.ontop.exception.MinorOntopInternalBugException: Was expecting a unique and known DB term type to be extracted for the SQL variable id1m1
	at it.unibz.inf.ontop.generation.DefaultSQLIQTree2NativeNodeGenerator.lambda$extractUniqueKnownType$6(DefaultSQLIQTree2NativeNodeGenerator.java:84)
	at java.base/java.util.Optional.orElseThrow(Optional.java:403)
	at it.unibz.inf.ontop.generation.DefaultSQLIQTree2NativeNodeGenerator.extractUniqueKnownType(DefaultSQLIQTree2NativeNodeGenerator.java:84)
	at it.unibz.inf.ontop.generation.DefaultSQLIQTree2NativeNodeGenerator.lambda$extractVariableTypeMap$2(DefaultSQLIQTree2NativeNodeGenerator.java:76)
	at it.unibz.inf.ontop.utils.ImmutableCollectors.lambda$toMap$0(ImmutableCollectors.java:110)
	at java.base/java.util.stream.ReduceOps$3ReducingSink.accept(ReduceOps.java:169)
	at java.base/java.util.Spliterators$ArraySpliterator.forEachRemaining(Spliterators.java:992)
	at java.base/java.util.stream.AbstractPipeline.copyInto(AbstractPipeline.java:509)
	at java.base/java.util.stream.AbstractPipeline.wrapAndCopyInto(AbstractPipeline.java:499)
	at java.base/java.util.stream.ReduceOps$ReduceOp.evaluateSequential(ReduceOps.java:921)
	at java.base/java.util.stream.AbstractPipeline.evaluate(AbstractPipeline.java:234)
	at java.base/java.util.stream.ReferencePipeline.collect(ReferencePipeline.java:682)
	at it.unibz.inf.ontop.generation.DefaultSQLIQTree2NativeNodeGenerator.extractVariableTypeMap(DefaultSQLIQTree2NativeNodeGenerator.java:74)
	at it.unibz.inf.ontop.generation.DefaultSQLIQTree2NativeNodeGenerator.generate(DefaultSQLIQTree2NativeNodeGenerator.java:61)
	at it.unibz.inf.ontop.answering.reformulation.generation.impl.SQLGeneratorImpl.generateSourceQuery(SQLGeneratorImpl.java:156)
	at it.unibz.inf.ontop.answering.reformulation.generation.impl.SQLGeneratorImpl.generateSourceQuery(SQLGeneratorImpl.java:131)
	at it.unibz.inf.ontop.answering.reformulation.generation.impl.SQLGeneratorImpl.generateSourceQuery(SQLGeneratorImpl.java:111)
	at it.unibz.inf.ontop.answering.reformulation.impl.QuestQueryProcessor.generateExecutableQuery(QuestQueryProcessor.java:163)
	at it.unibz.inf.ontop.answering.reformulation.impl.QuestQueryProcessor.reformulateIntoNativeQuery(QuestQueryProcessor.java:123)
	at it.unibz.inf.ontop.answering.connection.impl.QuestStatement.executeBooleanQuery(QuestStatement.java:148)
	at it.unibz.inf.ontop.answering.connection.impl.QuestStatement.lambda$execute$3(QuestStatement.java:227)
	at it.unibz.inf.ontop.answering.connection.impl.QuestStatement$QueryExecutionThread.run(QuestStatement.java:108)
12:11:17.074 |-ERROR in i.u.i.o.a.c.impl.QuestStatement - it.unibz.inf.ontop.exception.MinorOntopInternalBugException: Was expecting a unique and known DB term type to be extracted for the SQL variable id1m1
it.unibz.inf.ontop.exception.OntopReformulationException: it.unibz.inf.ontop.exception.MinorOntopInternalBugException: Was expecting a unique and known DB term type to be extracted for the SQL variable id1m1
	at it.unibz.inf.ontop.answering.reformulation.impl.QuestQueryProcessor.reformulateIntoNativeQuery(QuestQueryProcessor.java:154)
	at it.unibz.inf.ontop.answering.connection.impl.QuestStatement.executeBooleanQuery(QuestStatement.java:148)
	at it.unibz.inf.ontop.answering.connection.impl.QuestStatement.lambda$execute$3(QuestStatement.java:227)
	at it.unibz.inf.ontop.answering.connection.impl.QuestStatement$QueryExecutionThread.run(QuestStatement.java:108)
Caused by: it.unibz.inf.ontop.exception.MinorOntopInternalBugException: Was expecting a unique and known DB term type to be extracted for the SQL variable id1m1
	at it.unibz.inf.ontop.generation.DefaultSQLIQTree2NativeNodeGenerator.lambda$extractUniqueKnownType$6(DefaultSQLIQTree2NativeNodeGenerator.java:84)
	at java.base/java.util.Optional.orElseThrow(Optional.java:403)
	at it.unibz.inf.ontop.generation.DefaultSQLIQTree2NativeNodeGenerator.extractUniqueKnownType(DefaultSQLIQTree2NativeNodeGenerator.java:84)
	at it.unibz.inf.ontop.generation.DefaultSQLIQTree2NativeNodeGenerator.lambda$extractVariableTypeMap$2(DefaultSQLIQTree2NativeNodeGenerator.java:76)
	at it.unibz.inf.ontop.utils.ImmutableCollectors.lambda$toMap$0(ImmutableCollectors.java:110)
	at java.base/java.util.stream.ReduceOps$3ReducingSink.accept(ReduceOps.java:169)
	at java.base/java.util.Spliterators$ArraySpliterator.forEachRemaining(Spliterators.java:992)
	at java.base/java.util.stream.AbstractPipeline.copyInto(AbstractPipeline.java:509)
	at java.base/java.util.stream.AbstractPipeline.wrapAndCopyInto(AbstractPipeline.java:499)
	at java.base/java.util.stream.ReduceOps$ReduceOp.evaluateSequential(ReduceOps.java:921)
	at java.base/java.util.stream.AbstractPipeline.evaluate(AbstractPipeline.java:234)
	at java.base/java.util.stream.ReferencePipeline.collect(ReferencePipeline.java:682)
	at it.unibz.inf.ontop.generation.DefaultSQLIQTree2NativeNodeGenerator.extractVariableTypeMap(DefaultSQLIQTree2NativeNodeGenerator.java:74)
	at it.unibz.inf.ontop.generation.DefaultSQLIQTree2NativeNodeGenerator.generate(DefaultSQLIQTree2NativeNodeGenerator.java:61)
	at it.unibz.inf.ontop.answering.reformulation.generation.impl.SQLGeneratorImpl.generateSourceQuery(SQLGeneratorImpl.java:156)
	at it.unibz.inf.ontop.answering.reformulation.generation.impl.SQLGeneratorImpl.generateSourceQuery(SQLGeneratorImpl.java:131)
	at it.unibz.inf.ontop.answering.reformulation.generation.impl.SQLGeneratorImpl.generateSourceQuery(SQLGeneratorImpl.java:111)
	at it.unibz.inf.ontop.answering.reformulation.impl.QuestQueryProcessor.generateExecutableQuery(QuestQueryProcessor.java:163)
	at it.unibz.inf.ontop.answering.reformulation.impl.QuestQueryProcessor.reformulateIntoNativeQuery(QuestQueryProcessor.java:123)
	... 3 common frames omitted
org.eclipse.rdf4j.query.QueryEvaluationException: it.unibz.inf.ontop.exception.OntopReformulationException: it.unibz.inf.ontop.exception.MinorOntopInternalBugException: Was expecting a unique and known DB term type to be extracted for the SQL variable id1m1
	at it.unibz.inf.ontop.rdf4j.query.impl.OntopBooleanQuery.evaluate(OntopBooleanQuery.java:40)
	at it.unibz.inf.ontop.endpoint.processor.SparqlQueryExecutor.executeQuery(SparqlQueryExecutor.java:77)
	at it.unibz.inf.ontop.endpoint.controllers.SparqlQueryController.query_get(SparqlQueryController.java:42)
	at jdk.internal.reflect.GeneratedMethodAccessor7.invoke(Unknown Source)
	at java.base/jdk.internal.reflect.DelegatingMethodAccessorImpl.invoke(DelegatingMethodAccessorImpl.java:43)
	at java.base/java.lang.reflect.Method.invoke(Method.java:569)
	at org.springframework.web.method.support.InvocableHandlerMethod.doInvoke(InvocableHandlerMethod.java:205)
	at org.springframework.web.method.support.InvocableHandlerMethod.invokeForRequest(InvocableHandlerMethod.java:150)
	at org.springframework.web.servlet.mvc.method.annotation.ServletInvocableHandlerMethod.invokeAndHandle(ServletInvocableHandlerMethod.java:117)
	at org.springframework.web.servlet.mvc.method.annotation.RequestMappingHandlerAdapter.invokeHandlerMethod(RequestMappingHandlerAdapter.java:895)
	at org.springframework.web.servlet.mvc.method.annotation.RequestMappingHandlerAdapter.handleInternal(RequestMappingHandlerAdapter.java:808)
	at org.springframework.web.servlet.mvc.method.AbstractHandlerMethodAdapter.handle(AbstractHandlerMethodAdapter.java:87)
	at org.springframework.web.servlet.DispatcherServlet.doDispatch(DispatcherServlet.java:1072)
	at org.springframework.web.servlet.DispatcherServlet.doService(DispatcherServlet.java:965)
	at org.springframework.web.servlet.FrameworkServlet.processRequest(FrameworkServlet.java:1006)
	at org.springframework.web.servlet.FrameworkServlet.doGet(FrameworkServlet.java:898)
	at javax.servlet.http.HttpServlet.service(HttpServlet.java:529)
	at org.springframework.web.servlet.FrameworkServlet.service(FrameworkServlet.java:883)
	at javax.servlet.http.HttpServlet.service(HttpServlet.java:623)
	at org.apache.catalina.core.ApplicationFilterChain.internalDoFilter(ApplicationFilterChain.java:197)
	at org.apache.catalina.core.ApplicationFilterChain.doFilter(ApplicationFilterChain.java:142)
	at org.apache.tomcat.websocket.server.WsFilter.doFilter(WsFilter.java:51)
	at org.apache.catalina.core.ApplicationFilterChain.internalDoFilter(ApplicationFilterChain.java:166)
	at org.apache.catalina.core.ApplicationFilterChain.doFilter(ApplicationFilterChain.java:142)
	at org.springframework.web.filter.RequestContextFilter.doFilterInternal(RequestContextFilter.java:100)
	at org.springframework.web.filter.OncePerRequestFilter.doFilter(OncePerRequestFilter.java:117)
	at org.apache.catalina.core.ApplicationFilterChain.internalDoFilter(ApplicationFilterChain.java:166)
	at org.apache.catalina.core.ApplicationFilterChain.doFilter(ApplicationFilterChain.java:142)
	at org.springframework.web.filter.FormContentFilter.doFilterInternal(FormContentFilter.java:93)
	at org.springframework.web.filter.OncePerRequestFilter.doFilter(OncePerRequestFilter.java:117)
	at org.apache.catalina.core.ApplicationFilterChain.internalDoFilter(ApplicationFilterChain.java:166)
	at org.apache.catalina.core.ApplicationFilterChain.doFilter(ApplicationFilterChain.java:142)
	at org.springframework.boot.actuate.metrics.web.servlet.WebMvcMetricsFilter.doFilterInternal(WebMvcMetricsFilter.java:96)
	at org.springframework.web.filter.OncePerRequestFilter.doFilter(OncePerRequestFilter.java:117)
	at org.apache.catalina.core.ApplicationFilterChain.internalDoFilter(ApplicationFilterChain.java:166)
	at org.apache.catalina.core.ApplicationFilterChain.doFilter(ApplicationFilterChain.java:142)
	at org.springframework.web.filter.CharacterEncodingFilter.doFilterInternal(CharacterEncodingFilter.java:201)
	at org.springframework.web.filter.OncePerRequestFilter.doFilter(OncePerRequestFilter.java:117)
	at org.apache.catalina.core.ApplicationFilterChain.internalDoFilter(ApplicationFilterChain.java:166)
	at org.apache.catalina.core.ApplicationFilterChain.doFilter(ApplicationFilterChain.java:142)
	at org.apache.catalina.core.StandardWrapperValve.invoke(StandardWrapperValve.java:166)
	at org.apache.catalina.core.StandardContextValve.invoke(StandardContextValve.java:88)
	at org.apache.catalina.authenticator.AuthenticatorBase.invoke(AuthenticatorBase.java:491)
	at org.apache.catalina.core.StandardHostValve.invoke(StandardHostValve.java:127)
	at org.apache.catalina.valves.ErrorReportValve.invoke(ErrorReportValve.java:83)
	at org.apache.catalina.core.StandardEngineValve.invoke(StandardEngineValve.java:72)
	at org.apache.catalina.connector.CoyoteAdapter.service(CoyoteAdapter.java:344)
	at org.apache.coyote.http11.Http11Processor.service(Http11Processor.java:398)
	at org.apache.coyote.AbstractProcessorLight.process(AbstractProcessorLight.java:63)
	at org.apache.coyote.AbstractProtocol$ConnectionHandler.process(AbstractProtocol.java:939)
	at org.apache.tomcat.util.net.NioEndpoint$SocketProcessor.doRun(NioEndpoint.java:1854)
	at org.apache.tomcat.util.net.SocketProcessorBase.run(SocketProcessorBase.java:52)
	at org.apache.tomcat.util.threads.ThreadPoolExecutor.runWorker(ThreadPoolExecutor.java:973)
	at org.apache.tomcat.util.threads.ThreadPoolExecutor$Worker.run(ThreadPoolExecutor.java:491)
	at org.apache.tomcat.util.threads.TaskThread$WrappingRunnable.run(TaskThread.java:63)
	at java.base/java.lang.Thread.run(Thread.java:840)
Caused by: it.unibz.inf.ontop.exception.OntopReformulationException: it.unibz.inf.ontop.exception.MinorOntopInternalBugException: Was expecting a unique and known DB term type to be extracted for the SQL variable id1m1
	at it.unibz.inf.ontop.answering.reformulation.impl.QuestQueryProcessor.reformulateIntoNativeQuery(QuestQueryProcessor.java:154)
	at it.unibz.inf.ontop.answering.connection.impl.QuestStatement.executeBooleanQuery(QuestStatement.java:148)
	at it.unibz.inf.ontop.answering.connection.impl.QuestStatement.lambda$execute$3(QuestStatement.java:227)
	at it.unibz.inf.ontop.answering.connection.impl.QuestStatement$QueryExecutionThread.run(QuestStatement.java:108)
Caused by: it.unibz.inf.ontop.exception.MinorOntopInternalBugException: Was expecting a unique and known DB term type to be extracted for the SQL variable id1m1
	at it.unibz.inf.ontop.generation.DefaultSQLIQTree2NativeNodeGenerator.lambda$extractUniqueKnownType$6(DefaultSQLIQTree2NativeNodeGenerator.java:84)
	at java.base/java.util.Optional.orElseThrow(Optional.java:403)
	at it.unibz.inf.ontop.generation.DefaultSQLIQTree2NativeNodeGenerator.extractUniqueKnownType(DefaultSQLIQTree2NativeNodeGenerator.java:84)
	at it.unibz.inf.ontop.generation.DefaultSQLIQTree2NativeNodeGenerator.lambda$extractVariableTypeMap$2(DefaultSQLIQTree2NativeNodeGenerator.java:76)
	at it.unibz.inf.ontop.utils.ImmutableCollectors.lambda$toMap$0(ImmutableCollectors.java:110)
	at java.base/java.util.stream.ReduceOps$3ReducingSink.accept(ReduceOps.java:169)
	at java.base/java.util.Spliterators$ArraySpliterator.forEachRemaining(Spliterators.java:992)
	at java.base/java.util.stream.AbstractPipeline.copyInto(AbstractPipeline.java:509)
	at java.base/java.util.stream.AbstractPipeline.wrapAndCopyInto(AbstractPipeline.java:499)
	at java.base/java.util.stream.ReduceOps$ReduceOp.evaluateSequential(ReduceOps.java:921)
	at java.base/java.util.stream.AbstractPipeline.evaluate(AbstractPipeline.java:234)
	at java.base/java.util.stream.ReferencePipeline.collect(ReferencePipeline.java:682)
	at it.unibz.inf.ontop.generation.DefaultSQLIQTree2NativeNodeGenerator.extractVariableTypeMap(DefaultSQLIQTree2NativeNodeGenerator.java:74)
	at it.unibz.inf.ontop.generation.DefaultSQLIQTree2NativeNodeGenerator.generate(DefaultSQLIQTree2NativeNodeGenerator.java:61)
	at it.unibz.inf.ontop.answering.reformulation.generation.impl.SQLGeneratorImpl.generateSourceQuery(SQLGeneratorImpl.java:156)
	at it.unibz.inf.ontop.answering.reformulation.generation.impl.SQLGeneratorImpl.generateSourceQuery(SQLGeneratorImpl.java:131)
	at it.unibz.inf.ontop.answering.reformulation.generation.impl.SQLGeneratorImpl.generateSourceQuery(SQLGeneratorImpl.java:111)
	at it.unibz.inf.ontop.answering.reformulation.impl.QuestQueryProcessor.generateExecutableQuery(QuestQueryProcessor.java:163)
	at it.unibz.inf.ontop.answering.reformulation.impl.QuestQueryProcessor.reformulateIntoNativeQuery(QuestQueryProcessor.java:123)
	... 3 more
12:11:18.112 |-WARN  in i.u.i.o.a.r.impl.QuestQueryProcessor - Unexpected exception: Was expecting a unique and known DB term type to be extracted for the SQL variable id1m1
it.unibz.inf.ontop.exception.MinorOntopInternalBugException: Was expecting a unique and known DB term type to be extracted for the SQL variable id1m1
	at it.unibz.inf.ontop.generation.DefaultSQLIQTree2NativeNodeGenerator.lambda$extractUniqueKnownType$6(DefaultSQLIQTree2NativeNodeGenerator.java:84)
	at java.base/java.util.Optional.orElseThrow(Optional.java:403)
	at it.unibz.inf.ontop.generation.DefaultSQLIQTree2NativeNodeGenerator.extractUniqueKnownType(DefaultSQLIQTree2NativeNodeGenerator.java:84)
	at it.unibz.inf.ontop.generation.DefaultSQLIQTree2NativeNodeGenerator.lambda$extractVariableTypeMap$2(DefaultSQLIQTree2NativeNodeGenerator.java:76)
	at it.unibz.inf.ontop.utils.ImmutableCollectors.lambda$toMap$0(ImmutableCollectors.java:110)
	at java.base/java.util.stream.ReduceOps$3ReducingSink.accept(ReduceOps.java:169)
	at java.base/java.util.Spliterators$ArraySpliterator.forEachRemaining(Spliterators.java:992)
	at java.base/java.util.stream.AbstractPipeline.copyInto(AbstractPipeline.java:509)
	at java.base/java.util.stream.AbstractPipeline.wrapAndCopyInto(AbstractPipeline.java:499)
	at java.base/java.util.stream.ReduceOps$ReduceOp.evaluateSequential(ReduceOps.java:921)
	at java.base/java.util.stream.AbstractPipeline.evaluate(AbstractPipeline.java:234)
	at java.base/java.util.stream.ReferencePipeline.collect(ReferencePipeline.java:682)
	at it.unibz.inf.ontop.generation.DefaultSQLIQTree2NativeNodeGenerator.extractVariableTypeMap(DefaultSQLIQTree2NativeNodeGenerator.java:74)
	at it.unibz.inf.ontop.generation.DefaultSQLIQTree2NativeNodeGenerator.generate(DefaultSQLIQTree2NativeNodeGenerator.java:61)
	at it.unibz.inf.ontop.answering.reformulation.generation.impl.SQLGeneratorImpl.generateSourceQuery(SQLGeneratorImpl.java:156)
	at it.unibz.inf.ontop.answering.reformulation.generation.impl.SQLGeneratorImpl.generateSourceQuery(SQLGeneratorImpl.java:131)
	at it.unibz.inf.ontop.answering.reformulation.generation.impl.SQLGeneratorImpl.generateSourceQuery(SQLGeneratorImpl.java:111)
	at it.unibz.inf.ontop.answering.reformulation.impl.QuestQueryProcessor.generateExecutableQuery(QuestQueryProcessor.java:163)
	at it.unibz.inf.ontop.answering.reformulation.impl.QuestQueryProcessor.reformulateIntoNativeQuery(QuestQueryProcessor.java:123)
	at it.unibz.inf.ontop.answering.connection.impl.QuestStatement.executeBooleanQuery(QuestStatement.java:148)
	at it.unibz.inf.ontop.answering.connection.impl.QuestStatement.lambda$execute$3(QuestStatement.java:227)
	at it.unibz.inf.ontop.answering.connection.impl.QuestStatement$QueryExecutionThread.run(QuestStatement.java:108)
12:11:18.112 |-ERROR in i.u.i.o.a.c.impl.QuestStatement - it.unibz.inf.ontop.exception.MinorOntopInternalBugException: Was expecting a unique and known DB term type to be extracted for the SQL variable id1m1
it.unibz.inf.ontop.exception.OntopReformulationException: it.unibz.inf.ontop.exception.MinorOntopInternalBugException: Was expecting a unique and known DB term type to be extracted for the SQL variable id1m1
	at it.unibz.inf.ontop.answering.reformulation.impl.QuestQueryProcessor.reformulateIntoNativeQuery(QuestQueryProcessor.java:154)
	at it.unibz.inf.ontop.answering.connection.impl.QuestStatement.executeBooleanQuery(QuestStatement.java:148)
	at it.unibz.inf.ontop.answering.connection.impl.QuestStatement.lambda$execute$3(QuestStatement.java:227)
	at it.unibz.inf.ontop.answering.connection.impl.QuestStatement$QueryExecutionThread.run(QuestStatement.java:108)
Caused by: it.unibz.inf.ontop.exception.MinorOntopInternalBugException: Was expecting a unique and known DB term type to be extracted for the SQL variable id1m1
	at it.unibz.inf.ontop.generation.DefaultSQLIQTree2NativeNodeGenerator.lambda$extractUniqueKnownType$6(DefaultSQLIQTree2NativeNodeGenerator.java:84)
	at java.base/java.util.Optional.orElseThrow(Optional.java:403)
	at it.unibz.inf.ontop.generation.DefaultSQLIQTree2NativeNodeGenerator.extractUniqueKnownType(DefaultSQLIQTree2NativeNodeGenerator.java:84)
	at it.unibz.inf.ontop.generation.DefaultSQLIQTree2NativeNodeGenerator.lambda$extractVariableTypeMap$2(DefaultSQLIQTree2NativeNodeGenerator.java:76)
	at it.unibz.inf.ontop.utils.ImmutableCollectors.lambda$toMap$0(ImmutableCollectors.java:110)
	at java.base/java.util.stream.ReduceOps$3ReducingSink.accept(ReduceOps.java:169)
	at java.base/java.util.Spliterators$ArraySpliterator.forEachRemaining(Spliterators.java:992)
	at java.base/java.util.stream.AbstractPipeline.copyInto(AbstractPipeline.java:509)
	at java.base/java.util.stream.AbstractPipeline.wrapAndCopyInto(AbstractPipeline.java:499)
	at java.base/java.util.stream.ReduceOps$ReduceOp.evaluateSequential(ReduceOps.java:921)
	at java.base/java.util.stream.AbstractPipeline.evaluate(AbstractPipeline.java:234)
	at java.base/java.util.stream.ReferencePipeline.collect(ReferencePipeline.java:682)
	at it.unibz.inf.ontop.generation.DefaultSQLIQTree2NativeNodeGenerator.extractVariableTypeMap(DefaultSQLIQTree2NativeNodeGenerator.java:74)
	at it.unibz.inf.ontop.generation.DefaultSQLIQTree2NativeNodeGenerator.generate(DefaultSQLIQTree2NativeNodeGenerator.java:61)
	at it.unibz.inf.ontop.answering.reformulation.generation.impl.SQLGeneratorImpl.generateSourceQuery(SQLGeneratorImpl.java:156)
	at it.unibz.inf.ontop.answering.reformulation.generation.impl.SQLGeneratorImpl.generateSourceQuery(SQLGeneratorImpl.java:131)
	at it.unibz.inf.ontop.answering.reformulation.generation.impl.SQLGeneratorImpl.generateSourceQuery(SQLGeneratorImpl.java:111)
	at it.unibz.inf.ontop.answering.reformulation.impl.QuestQueryProcessor.generateExecutableQuery(QuestQueryProcessor.java:163)
	at it.unibz.inf.ontop.answering.reformulation.impl.QuestQueryProcessor.reformulateIntoNativeQuery(QuestQueryProcessor.java:123)
	... 3 common frames omitted
org.eclipse.rdf4j.query.QueryEvaluationException: it.unibz.inf.ontop.exception.OntopReformulationException: it.unibz.inf.ontop.exception.MinorOntopInternalBugException: Was expecting a unique and known DB term type to be extracted for the SQL variable id1m1
	at it.unibz.inf.ontop.rdf4j.query.impl.OntopBooleanQuery.evaluate(OntopBooleanQuery.java:40)
	at it.unibz.inf.ontop.endpoint.processor.SparqlQueryExecutor.executeQuery(SparqlQueryExecutor.java:77)
	at it.unibz.inf.ontop.endpoint.controllers.SparqlQueryController.query_get(SparqlQueryController.java:42)
	at jdk.internal.reflect.GeneratedMethodAccessor7.invoke(Unknown Source)
	at java.base/jdk.internal.reflect.DelegatingMethodAccessorImpl.invoke(DelegatingMethodAccessorImpl.java:43)
	at java.base/java.lang.reflect.Method.invoke(Method.java:569)
	at org.springframework.web.method.support.InvocableHandlerMethod.doInvoke(InvocableHandlerMethod.java:205)
	at org.springframework.web.method.support.InvocableHandlerMethod.invokeForRequest(InvocableHandlerMethod.java:150)
	at org.springframework.web.servlet.mvc.method.annotation.ServletInvocableHandlerMethod.invokeAndHandle(ServletInvocableHandlerMethod.java:117)
	at org.springframework.web.servlet.mvc.method.annotation.RequestMappingHandlerAdapter.invokeHandlerMethod(RequestMappingHandlerAdapter.java:895)
	at org.springframework.web.servlet.mvc.method.annotation.RequestMappingHandlerAdapter.handleInternal(RequestMappingHandlerAdapter.java:808)
	at org.springframework.web.servlet.mvc.method.AbstractHandlerMethodAdapter.handle(AbstractHandlerMethodAdapter.java:87)
	at org.springframework.web.servlet.DispatcherServlet.doDispatch(DispatcherServlet.java:1072)
	at org.springframework.web.servlet.DispatcherServlet.doService(DispatcherServlet.java:965)
	at org.springframework.web.servlet.FrameworkServlet.processRequest(FrameworkServlet.java:1006)
	at org.springframework.web.servlet.FrameworkServlet.doGet(FrameworkServlet.java:898)
	at javax.servlet.http.HttpServlet.service(HttpServlet.java:529)
	at org.springframework.web.servlet.FrameworkServlet.service(FrameworkServlet.java:883)
	at javax.servlet.http.HttpServlet.service(HttpServlet.java:623)
	at org.apache.catalina.core.ApplicationFilterChain.internalDoFilter(ApplicationFilterChain.java:197)
	at org.apache.catalina.core.ApplicationFilterChain.doFilter(ApplicationFilterChain.java:142)
	at org.apache.tomcat.websocket.server.WsFilter.doFilter(WsFilter.java:51)
	at org.apache.catalina.core.ApplicationFilterChain.internalDoFilter(ApplicationFilterChain.java:166)
	at org.apache.catalina.core.ApplicationFilterChain.doFilter(ApplicationFilterChain.java:142)
	at org.springframework.web.filter.RequestContextFilter.doFilterInternal(RequestContextFilter.java:100)
	at org.springframework.web.filter.OncePerRequestFilter.doFilter(OncePerRequestFilter.java:117)
	at org.apache.catalina.core.ApplicationFilterChain.internalDoFilter(ApplicationFilterChain.java:166)
	at org.apache.catalina.core.ApplicationFilterChain.doFilter(ApplicationFilterChain.java:142)
	at org.springframework.web.filter.FormContentFilter.doFilterInternal(FormContentFilter.java:93)
	at org.springframework.web.filter.OncePerRequestFilter.doFilter(OncePerRequestFilter.java:117)
	at org.apache.catalina.core.ApplicationFilterChain.internalDoFilter(ApplicationFilterChain.java:166)
	at org.apache.catalina.core.ApplicationFilterChain.doFilter(ApplicationFilterChain.java:142)
	at org.springframework.boot.actuate.metrics.web.servlet.WebMvcMetricsFilter.doFilterInternal(WebMvcMetricsFilter.java:96)
	at org.springframework.web.filter.OncePerRequestFilter.doFilter(OncePerRequestFilter.java:117)
	at org.apache.catalina.core.ApplicationFilterChain.internalDoFilter(ApplicationFilterChain.java:166)
	at org.apache.catalina.core.ApplicationFilterChain.doFilter(ApplicationFilterChain.java:142)
	at org.springframework.web.filter.CharacterEncodingFilter.doFilterInternal(CharacterEncodingFilter.java:201)
	at org.springframework.web.filter.OncePerRequestFilter.doFilter(OncePerRequestFilter.java:117)
	at org.apache.catalina.core.ApplicationFilterChain.internalDoFilter(ApplicationFilterChain.java:166)
	at org.apache.catalina.core.ApplicationFilterChain.doFilter(ApplicationFilterChain.java:142)
	at org.apache.catalina.core.StandardWrapperValve.invoke(StandardWrapperValve.java:166)
	at org.apache.catalina.core.StandardContextValve.invoke(StandardContextValve.java:88)
	at org.apache.catalina.authenticator.AuthenticatorBase.invoke(AuthenticatorBase.java:491)
	at org.apache.catalina.core.StandardHostValve.invoke(StandardHostValve.java:127)
	at org.apache.catalina.valves.ErrorReportValve.invoke(ErrorReportValve.java:83)
	at org.apache.catalina.core.StandardEngineValve.invoke(StandardEngineValve.java:72)
	at org.apache.catalina.connector.CoyoteAdapter.service(CoyoteAdapter.java:344)
	at org.apache.coyote.http11.Http11Processor.service(Http11Processor.java:398)
	at org.apache.coyote.AbstractProcessorLight.process(AbstractProcessorLight.java:63)
	at org.apache.coyote.AbstractProtocol$ConnectionHandler.process(AbstractProtocol.java:939)
	at org.apache.tomcat.util.net.NioEndpoint$SocketProcessor.doRun(NioEndpoint.java:1854)
	at org.apache.tomcat.util.net.SocketProcessorBase.run(SocketProcessorBase.java:52)
	at org.apache.tomcat.util.threads.ThreadPoolExecutor.runWorker(ThreadPoolExecutor.java:973)
	at org.apache.tomcat.util.threads.ThreadPoolExecutor$Worker.run(ThreadPoolExecutor.java:491)
	at org.apache.tomcat.util.threads.TaskThread$WrappingRunnable.run(TaskThread.java:63)
	at java.base/java.lang.Thread.run(Thread.java:840)
Caused by: it.unibz.inf.ontop.exception.OntopReformulationException: it.unibz.inf.ontop.exception.MinorOntopInternalBugException: Was expecting a unique and known DB term type to be extracted for the SQL variable id1m1
	at it.unibz.inf.ontop.answering.reformulation.impl.QuestQueryProcessor.reformulateIntoNativeQuery(QuestQueryProcessor.java:154)
	at it.unibz.inf.ontop.answering.connection.impl.QuestStatement.executeBooleanQuery(QuestStatement.java:148)
	at it.unibz.inf.ontop.answering.connection.impl.QuestStatement.lambda$execute$3(QuestStatement.java:227)
	at it.unibz.inf.ontop.answering.connection.impl.QuestStatement$QueryExecutionThread.run(QuestStatement.java:108)
Caused by: it.unibz.inf.ontop.exception.MinorOntopInternalBugException: Was expecting a unique and known DB term type to be extracted for the SQL variable id1m1
	at it.unibz.inf.ontop.generation.DefaultSQLIQTree2NativeNodeGenerator.lambda$extractUniqueKnownType$6(DefaultSQLIQTree2NativeNodeGenerator.java:84)
	at java.base/java.util.Optional.orElseThrow(Optional.java:403)
	at it.unibz.inf.ontop.generation.DefaultSQLIQTree2NativeNodeGenerator.extractUniqueKnownType(DefaultSQLIQTree2NativeNodeGenerator.java:84)
	at it.unibz.inf.ontop.generation.DefaultSQLIQTree2NativeNodeGenerator.lambda$extractVariableTypeMap$2(DefaultSQLIQTree2NativeNodeGenerator.java:76)
	at it.unibz.inf.ontop.utils.ImmutableCollectors.lambda$toMap$0(ImmutableCollectors.java:110)
	at java.base/java.util.stream.ReduceOps$3ReducingSink.accept(ReduceOps.java:169)
	at java.base/java.util.Spliterators$ArraySpliterator.forEachRemaining(Spliterators.java:992)
	at java.base/java.util.stream.AbstractPipeline.copyInto(AbstractPipeline.java:509)
	at java.base/java.util.stream.AbstractPipeline.wrapAndCopyInto(AbstractPipeline.java:499)
	at java.base/java.util.stream.ReduceOps$ReduceOp.evaluateSequential(ReduceOps.java:921)
	at java.base/java.util.stream.AbstractPipeline.evaluate(AbstractPipeline.java:234)
	at java.base/java.util.stream.ReferencePipeline.collect(ReferencePipeline.java:682)
	at it.unibz.inf.ontop.generation.DefaultSQLIQTree2NativeNodeGenerator.extractVariableTypeMap(DefaultSQLIQTree2NativeNodeGenerator.java:74)
	at it.unibz.inf.ontop.generation.DefaultSQLIQTree2NativeNodeGenerator.generate(DefaultSQLIQTree2NativeNodeGenerator.java:61)
	at it.unibz.inf.ontop.answering.reformulation.generation.impl.SQLGeneratorImpl.generateSourceQuery(SQLGeneratorImpl.java:156)
	at it.unibz.inf.ontop.answering.reformulation.generation.impl.SQLGeneratorImpl.generateSourceQuery(SQLGeneratorImpl.java:131)
	at it.unibz.inf.ontop.answering.reformulation.generation.impl.SQLGeneratorImpl.generateSourceQuery(SQLGeneratorImpl.java:111)
	at it.unibz.inf.ontop.answering.reformulation.impl.QuestQueryProcessor.generateExecutableQuery(QuestQueryProcessor.java:163)
	at it.unibz.inf.ontop.answering.reformulation.impl.QuestQueryProcessor.reformulateIntoNativeQuery(QuestQueryProcessor.java:123)
	... 3 more
12:11:19.145 |-WARN  in i.u.i.o.a.r.impl.QuestQueryProcessor - Unexpected exception: Was expecting a unique and known DB term type to be extracted for the SQL variable id1m1
it.unibz.inf.ontop.exception.MinorOntopInternalBugException: Was expecting a unique and known DB term type to be extracted for the SQL variable id1m1
	at it.unibz.inf.ontop.generation.DefaultSQLIQTree2NativeNodeGenerator.lambda$extractUniqueKnownType$6(DefaultSQLIQTree2NativeNodeGenerator.java:84)
	at java.base/java.util.Optional.orElseThrow(Optional.java:403)
	at it.unibz.inf.ontop.generation.DefaultSQLIQTree2NativeNodeGenerator.extractUniqueKnownType(DefaultSQLIQTree2NativeNodeGenerator.java:84)
	at it.unibz.inf.ontop.generation.DefaultSQLIQTree2NativeNodeGenerator.lambda$extractVariableTypeMap$2(DefaultSQLIQTree2NativeNodeGenerator.java:76)
	at it.unibz.inf.ontop.utils.ImmutableCollectors.lambda$toMap$0(ImmutableCollectors.java:110)
	at java.base/java.util.stream.ReduceOps$3ReducingSink.accept(ReduceOps.java:169)
	at java.base/java.util.Spliterators$ArraySpliterator.forEachRemaining(Spliterators.java:992)
	at java.base/java.util.stream.AbstractPipeline.copyInto(AbstractPipeline.java:509)
	at java.base/java.util.stream.AbstractPipeline.wrapAndCopyInto(AbstractPipeline.java:499)
	at java.base/java.util.stream.ReduceOps$ReduceOp.evaluateSequential(ReduceOps.java:921)
	at java.base/java.util.stream.AbstractPipeline.evaluate(AbstractPipeline.java:234)
	at java.base/java.util.stream.ReferencePipeline.collect(ReferencePipeline.java:682)
	at it.unibz.inf.ontop.generation.DefaultSQLIQTree2NativeNodeGenerator.extractVariableTypeMap(DefaultSQLIQTree2NativeNodeGenerator.java:74)
	at it.unibz.inf.ontop.generation.DefaultSQLIQTree2NativeNodeGenerator.generate(DefaultSQLIQTree2NativeNodeGenerator.java:61)
	at it.unibz.inf.ontop.answering.reformulation.generation.impl.SQLGeneratorImpl.generateSourceQuery(SQLGeneratorImpl.java:156)
	at it.unibz.inf.ontop.answering.reformulation.generation.impl.SQLGeneratorImpl.generateSourceQuery(SQLGeneratorImpl.java:131)
	at it.unibz.inf.ontop.answering.reformulation.generation.impl.SQLGeneratorImpl.generateSourceQuery(SQLGeneratorImpl.java:111)
	at it.unibz.inf.ontop.answering.reformulation.impl.QuestQueryProcessor.generateExecutableQuery(QuestQueryProcessor.java:163)
	at it.unibz.inf.ontop.answering.reformulation.impl.QuestQueryProcessor.reformulateIntoNativeQuery(QuestQueryProcessor.java:123)
	at it.unibz.inf.ontop.answering.connection.impl.QuestStatement.executeBooleanQuery(QuestStatement.java:148)
	at it.unibz.inf.ontop.answering.connection.impl.QuestStatement.lambda$execute$3(QuestStatement.java:227)
	at it.unibz.inf.ontop.answering.connection.impl.QuestStatement$QueryExecutionThread.run(QuestStatement.java:108)
12:11:19.145 |-ERROR in i.u.i.o.a.c.impl.QuestStatement - it.unibz.inf.ontop.exception.MinorOntopInternalBugException: Was expecting a unique and known DB term type to be extracted for the SQL variable id1m1
it.unibz.inf.ontop.exception.OntopReformulationException: it.unibz.inf.ontop.exception.MinorOntopInternalBugException: Was expecting a unique and known DB term type to be extracted for the SQL variable id1m1
	at it.unibz.inf.ontop.answering.reformulation.impl.QuestQueryProcessor.reformulateIntoNativeQuery(QuestQueryProcessor.java:154)
	at it.unibz.inf.ontop.answering.connection.impl.QuestStatement.executeBooleanQuery(QuestStatement.java:148)
	at it.unibz.inf.ontop.answering.connection.impl.QuestStatement.lambda$execute$3(QuestStatement.java:227)
	at it.unibz.inf.ontop.answering.connection.impl.QuestStatement$QueryExecutionThread.run(QuestStatement.java:108)
Caused by: it.unibz.inf.ontop.exception.MinorOntopInternalBugException: Was expecting a unique and known DB term type to be extracted for the SQL variable id1m1
	at it.unibz.inf.ontop.generation.DefaultSQLIQTree2NativeNodeGenerator.lambda$extractUniqueKnownType$6(DefaultSQLIQTree2NativeNodeGenerator.java:84)
	at java.base/java.util.Optional.orElseThrow(Optional.java:403)
	at it.unibz.inf.ontop.generation.DefaultSQLIQTree2NativeNodeGenerator.extractUniqueKnownType(DefaultSQLIQTree2NativeNodeGenerator.java:84)
	at it.unibz.inf.ontop.generation.DefaultSQLIQTree2NativeNodeGenerator.lambda$extractVariableTypeMap$2(DefaultSQLIQTree2NativeNodeGenerator.java:76)
	at it.unibz.inf.ontop.utils.ImmutableCollectors.lambda$toMap$0(ImmutableCollectors.java:110)
	at java.base/java.util.stream.ReduceOps$3ReducingSink.accept(ReduceOps.java:169)
	at java.base/java.util.Spliterators$ArraySpliterator.forEachRemaining(Spliterators.java:992)
	at java.base/java.util.stream.AbstractPipeline.copyInto(AbstractPipeline.java:509)
	at java.base/java.util.stream.AbstractPipeline.wrapAndCopyInto(AbstractPipeline.java:499)
	at java.base/java.util.stream.ReduceOps$ReduceOp.evaluateSequential(ReduceOps.java:921)
	at java.base/java.util.stream.AbstractPipeline.evaluate(AbstractPipeline.java:234)
	at java.base/java.util.stream.ReferencePipeline.collect(ReferencePipeline.java:682)
	at it.unibz.inf.ontop.generation.DefaultSQLIQTree2NativeNodeGenerator.extractVariableTypeMap(DefaultSQLIQTree2NativeNodeGenerator.java:74)
	at it.unibz.inf.ontop.generation.DefaultSQLIQTree2NativeNodeGenerator.generate(DefaultSQLIQTree2NativeNodeGenerator.java:61)
	at it.unibz.inf.ontop.answering.reformulation.generation.impl.SQLGeneratorImpl.generateSourceQuery(SQLGeneratorImpl.java:156)
	at it.unibz.inf.ontop.answering.reformulation.generation.impl.SQLGeneratorImpl.generateSourceQuery(SQLGeneratorImpl.java:131)
	at it.unibz.inf.ontop.answering.reformulation.generation.impl.SQLGeneratorImpl.generateSourceQuery(SQLGeneratorImpl.java:111)
	at it.unibz.inf.ontop.answering.reformulation.impl.QuestQueryProcessor.generateExecutableQuery(QuestQueryProcessor.java:163)
	at it.unibz.inf.ontop.answering.reformulation.impl.QuestQueryProcessor.reformulateIntoNativeQuery(QuestQueryProcessor.java:123)
	... 3 common frames omitted
org.eclipse.rdf4j.query.QueryEvaluationException: it.unibz.inf.ontop.exception.OntopReformulationException: it.unibz.inf.ontop.exception.MinorOntopInternalBugException: Was expecting a unique and known DB term type to be extracted for the SQL variable id1m1
	at it.unibz.inf.ontop.rdf4j.query.impl.OntopBooleanQuery.evaluate(OntopBooleanQuery.java:40)
	at it.unibz.inf.ontop.endpoint.processor.SparqlQueryExecutor.executeQuery(SparqlQueryExecutor.java:77)
	at it.unibz.inf.ontop.endpoint.controllers.SparqlQueryController.query_get(SparqlQueryController.java:42)
	at jdk.internal.reflect.GeneratedMethodAccessor7.invoke(Unknown Source)
	at java.base/jdk.internal.reflect.DelegatingMethodAccessorImpl.invoke(DelegatingMethodAccessorImpl.java:43)
	at java.base/java.lang.reflect.Method.invoke(Method.java:569)
	at org.springframework.web.method.support.InvocableHandlerMethod.doInvoke(InvocableHandlerMethod.java:205)
	at org.springframework.web.method.support.InvocableHandlerMethod.invokeForRequest(InvocableHandlerMethod.java:150)
	at org.springframework.web.servlet.mvc.method.annotation.ServletInvocableHandlerMethod.invokeAndHandle(ServletInvocableHandlerMethod.java:117)
	at org.springframework.web.servlet.mvc.method.annotation.RequestMappingHandlerAdapter.invokeHandlerMethod(RequestMappingHandlerAdapter.java:895)
	at org.springframework.web.servlet.mvc.method.annotation.RequestMappingHandlerAdapter.handleInternal(RequestMappingHandlerAdapter.java:808)
	at org.springframework.web.servlet.mvc.method.AbstractHandlerMethodAdapter.handle(AbstractHandlerMethodAdapter.java:87)
	at org.springframework.web.servlet.DispatcherServlet.doDispatch(DispatcherServlet.java:1072)
	at org.springframework.web.servlet.DispatcherServlet.doService(DispatcherServlet.java:965)
	at org.springframework.web.servlet.FrameworkServlet.processRequest(FrameworkServlet.java:1006)
	at org.springframework.web.servlet.FrameworkServlet.doGet(FrameworkServlet.java:898)
	at javax.servlet.http.HttpServlet.service(HttpServlet.java:529)
	at org.springframework.web.servlet.FrameworkServlet.service(FrameworkServlet.java:883)
	at javax.servlet.http.HttpServlet.service(HttpServlet.java:623)
	at org.apache.catalina.core.ApplicationFilterChain.internalDoFilter(ApplicationFilterChain.java:197)
	at org.apache.catalina.core.ApplicationFilterChain.doFilter(ApplicationFilterChain.java:142)
	at org.apache.tomcat.websocket.server.WsFilter.doFilter(WsFilter.java:51)
	at org.apache.catalina.core.ApplicationFilterChain.internalDoFilter(ApplicationFilterChain.java:166)
	at org.apache.catalina.core.ApplicationFilterChain.doFilter(ApplicationFilterChain.java:142)
	at org.springframework.web.filter.RequestContextFilter.doFilterInternal(RequestContextFilter.java:100)
	at org.springframework.web.filter.OncePerRequestFilter.doFilter(OncePerRequestFilter.java:117)
	at org.apache.catalina.core.ApplicationFilterChain.internalDoFilter(ApplicationFilterChain.java:166)
	at org.apache.catalina.core.ApplicationFilterChain.doFilter(ApplicationFilterChain.java:142)
	at org.springframework.web.filter.FormContentFilter.doFilterInternal(FormContentFilter.java:93)
	at org.springframework.web.filter.OncePerRequestFilter.doFilter(OncePerRequestFilter.java:117)
	at org.apache.catalina.core.ApplicationFilterChain.internalDoFilter(ApplicationFilterChain.java:166)
	at org.apache.catalina.core.ApplicationFilterChain.doFilter(ApplicationFilterChain.java:142)
	at org.springframework.boot.actuate.metrics.web.servlet.WebMvcMetricsFilter.doFilterInternal(WebMvcMetricsFilter.java:96)
	at org.springframework.web.filter.OncePerRequestFilter.doFilter(OncePerRequestFilter.java:117)
	at org.apache.catalina.core.ApplicationFilterChain.internalDoFilter(ApplicationFilterChain.java:166)
	at org.apache.catalina.core.ApplicationFilterChain.doFilter(ApplicationFilterChain.java:142)
	at org.springframework.web.filter.CharacterEncodingFilter.doFilterInternal(CharacterEncodingFilter.java:201)
	at org.springframework.web.filter.OncePerRequestFilter.doFilter(OncePerRequestFilter.java:117)
	at org.apache.catalina.core.ApplicationFilterChain.internalDoFilter(ApplicationFilterChain.java:166)
	at org.apache.catalina.core.ApplicationFilterChain.doFilter(ApplicationFilterChain.java:142)
	at org.apache.catalina.core.StandardWrapperValve.invoke(StandardWrapperValve.java:166)
	at org.apache.catalina.core.StandardContextValve.invoke(StandardContextValve.java:88)
	at org.apache.catalina.authenticator.AuthenticatorBase.invoke(AuthenticatorBase.java:491)
	at org.apache.catalina.core.StandardHostValve.invoke(StandardHostValve.java:127)
	at org.apache.catalina.valves.ErrorReportValve.invoke(ErrorReportValve.java:83)
	at org.apache.catalina.core.StandardEngineValve.invoke(StandardEngineValve.java:72)
	at org.apache.catalina.connector.CoyoteAdapter.service(CoyoteAdapter.java:344)
	at org.apache.coyote.http11.Http11Processor.service(Http11Processor.java:398)
	at org.apache.coyote.AbstractProcessorLight.process(AbstractProcessorLight.java:63)
	at org.apache.coyote.AbstractProtocol$ConnectionHandler.process(AbstractProtocol.java:939)
	at org.apache.tomcat.util.net.NioEndpoint$SocketProcessor.doRun(NioEndpoint.java:1854)
	at org.apache.tomcat.util.net.SocketProcessorBase.run(SocketProcessorBase.java:52)
	at org.apache.tomcat.util.threads.ThreadPoolExecutor.runWorker(ThreadPoolExecutor.java:973)
	at org.apache.tomcat.util.threads.ThreadPoolExecutor$Worker.run(ThreadPoolExecutor.java:491)
	at org.apache.tomcat.util.threads.TaskThread$WrappingRunnable.run(TaskThread.java:63)
	at java.base/java.lang.Thread.run(Thread.java:840)
Caused by: it.unibz.inf.ontop.exception.OntopReformulationException: it.unibz.inf.ontop.exception.MinorOntopInternalBugException: Was expecting a unique and known DB term type to be extracted for the SQL variable id1m1
	at it.unibz.inf.ontop.answering.reformulation.impl.QuestQueryProcessor.reformulateIntoNativeQuery(QuestQueryProcessor.java:154)
	at it.unibz.inf.ontop.answering.connection.impl.QuestStatement.executeBooleanQuery(QuestStatement.java:148)
	at it.unibz.inf.ontop.answering.connection.impl.QuestStatement.lambda$execute$3(QuestStatement.java:227)
	at it.unibz.inf.ontop.answering.connection.impl.QuestStatement$QueryExecutionThread.run(QuestStatement.java:108)
Caused by: it.unibz.inf.ontop.exception.MinorOntopInternalBugException: Was expecting a unique and known DB term type to be extracted for the SQL variable id1m1
	at it.unibz.inf.ontop.generation.DefaultSQLIQTree2NativeNodeGenerator.lambda$extractUniqueKnownType$6(DefaultSQLIQTree2NativeNodeGenerator.java:84)
	at java.base/java.util.Optional.orElseThrow(Optional.java:403)
	at it.unibz.inf.ontop.generation.DefaultSQLIQTree2NativeNodeGenerator.extractUniqueKnownType(DefaultSQLIQTree2NativeNodeGenerator.java:84)
	at it.unibz.inf.ontop.generation.DefaultSQLIQTree2NativeNodeGenerator.lambda$extractVariableTypeMap$2(DefaultSQLIQTree2NativeNodeGenerator.java:76)
	at it.unibz.inf.ontop.utils.ImmutableCollectors.lambda$toMap$0(ImmutableCollectors.java:110)
	at java.base/java.util.stream.ReduceOps$3ReducingSink.accept(ReduceOps.java:169)
	at java.base/java.util.Spliterators$ArraySpliterator.forEachRemaining(Spliterators.java:992)
	at java.base/java.util.stream.AbstractPipeline.copyInto(AbstractPipeline.java:509)
	at java.base/java.util.stream.AbstractPipeline.wrapAndCopyInto(AbstractPipeline.java:499)
	at java.base/java.util.stream.ReduceOps$ReduceOp.evaluateSequential(ReduceOps.java:921)
	at java.base/java.util.stream.AbstractPipeline.evaluate(AbstractPipeline.java:234)
	at java.base/java.util.stream.ReferencePipeline.collect(ReferencePipeline.java:682)
	at it.unibz.inf.ontop.generation.DefaultSQLIQTree2NativeNodeGenerator.extractVariableTypeMap(DefaultSQLIQTree2NativeNodeGenerator.java:74)
	at it.unibz.inf.ontop.generation.DefaultSQLIQTree2NativeNodeGenerator.generate(DefaultSQLIQTree2NativeNodeGenerator.java:61)
	at it.unibz.inf.ontop.answering.reformulation.generation.impl.SQLGeneratorImpl.generateSourceQuery(SQLGeneratorImpl.java:156)
	at it.unibz.inf.ontop.answering.reformulation.generation.impl.SQLGeneratorImpl.generateSourceQuery(SQLGeneratorImpl.java:131)
	at it.unibz.inf.ontop.answering.reformulation.generation.impl.SQLGeneratorImpl.generateSourceQuery(SQLGeneratorImpl.java:111)
	at it.unibz.inf.ontop.answering.reformulation.impl.QuestQueryProcessor.generateExecutableQuery(QuestQueryProcessor.java:163)
	at it.unibz.inf.ontop.answering.reformulation.impl.QuestQueryProcessor.reformulateIntoNativeQuery(QuestQueryProcessor.java:123)
	... 3 more
12:11:20.195 |-WARN  in i.u.i.o.a.r.impl.QuestQueryProcessor - Unexpected exception: Was expecting a unique and known DB term type to be extracted for the SQL variable id1m1
it.unibz.inf.ontop.exception.MinorOntopInternalBugException: Was expecting a unique and known DB term type to be extracted for the SQL variable id1m1
	at it.unibz.inf.ontop.generation.DefaultSQLIQTree2NativeNodeGenerator.lambda$extractUniqueKnownType$6(DefaultSQLIQTree2NativeNodeGenerator.java:84)
	at java.base/java.util.Optional.orElseThrow(Optional.java:403)
	at it.unibz.inf.ontop.generation.DefaultSQLIQTree2NativeNodeGenerator.extractUniqueKnownType(DefaultSQLIQTree2NativeNodeGenerator.java:84)
	at it.unibz.inf.ontop.generation.DefaultSQLIQTree2NativeNodeGenerator.lambda$extractVariableTypeMap$2(DefaultSQLIQTree2NativeNodeGenerator.java:76)
	at it.unibz.inf.ontop.utils.ImmutableCollectors.lambda$toMap$0(ImmutableCollectors.java:110)
	at java.base/java.util.stream.ReduceOps$3ReducingSink.accept(ReduceOps.java:169)
	at java.base/java.util.Spliterators$ArraySpliterator.forEachRemaining(Spliterators.java:992)
	at java.base/java.util.stream.AbstractPipeline.copyInto(AbstractPipeline.java:509)
	at java.base/java.util.stream.AbstractPipeline.wrapAndCopyInto(AbstractPipeline.java:499)
	at java.base/java.util.stream.ReduceOps$ReduceOp.evaluateSequential(ReduceOps.java:921)
	at java.base/java.util.stream.AbstractPipeline.evaluate(AbstractPipeline.java:234)
	at java.base/java.util.stream.ReferencePipeline.collect(ReferencePipeline.java:682)
	at it.unibz.inf.ontop.generation.DefaultSQLIQTree2NativeNodeGenerator.extractVariableTypeMap(DefaultSQLIQTree2NativeNodeGenerator.java:74)
	at it.unibz.inf.ontop.generation.DefaultSQLIQTree2NativeNodeGenerator.generate(DefaultSQLIQTree2NativeNodeGenerator.java:61)
	at it.unibz.inf.ontop.answering.reformulation.generation.impl.SQLGeneratorImpl.generateSourceQuery(SQLGeneratorImpl.java:156)
	at it.unibz.inf.ontop.answering.reformulation.generation.impl.SQLGeneratorImpl.generateSourceQuery(SQLGeneratorImpl.java:131)
	at it.unibz.inf.ontop.answering.reformulation.generation.impl.SQLGeneratorImpl.generateSourceQuery(SQLGeneratorImpl.java:111)
	at it.unibz.inf.ontop.answering.reformulation.impl.QuestQueryProcessor.generateExecutableQuery(QuestQueryProcessor.java:163)
	at it.unibz.inf.ontop.answering.reformulation.impl.QuestQueryProcessor.reformulateIntoNativeQuery(QuestQueryProcessor.java:123)
	at it.unibz.inf.ontop.answering.connection.impl.QuestStatement.executeBooleanQuery(QuestStatement.java:148)
	at it.unibz.inf.ontop.answering.connection.impl.QuestStatement.lambda$execute$3(QuestStatement.java:227)
	at it.unibz.inf.ontop.answering.connection.impl.QuestStatement$QueryExecutionThread.run(QuestStatement.java:108)
12:11:20.195 |-ERROR in i.u.i.o.a.c.impl.QuestStatement - it.unibz.inf.ontop.exception.MinorOntopInternalBugException: Was expecting a unique and known DB term type to be extracted for the SQL variable id1m1
it.unibz.inf.ontop.exception.OntopReformulationException: it.unibz.inf.ontop.exception.MinorOntopInternalBugException: Was expecting a unique and known DB term type to be extracted for the SQL variable id1m1
	at it.unibz.inf.ontop.answering.reformulation.impl.QuestQueryProcessor.reformulateIntoNativeQuery(QuestQueryProcessor.java:154)
	at it.unibz.inf.ontop.answering.connection.impl.QuestStatement.executeBooleanQuery(QuestStatement.java:148)
	at it.unibz.inf.ontop.answering.connection.impl.QuestStatement.lambda$execute$3(QuestStatement.java:227)
	at it.unibz.inf.ontop.answering.connection.impl.QuestStatement$QueryExecutionThread.run(QuestStatement.java:108)
Caused by: it.unibz.inf.ontop.exception.MinorOntopInternalBugException: Was expecting a unique and known DB term type to be extracted for the SQL variable id1m1
	at it.unibz.inf.ontop.generation.DefaultSQLIQTree2NativeNodeGenerator.lambda$extractUniqueKnownType$6(DefaultSQLIQTree2NativeNodeGenerator.java:84)
	at java.base/java.util.Optional.orElseThrow(Optional.java:403)
	at it.unibz.inf.ontop.generation.DefaultSQLIQTree2NativeNodeGenerator.extractUniqueKnownType(DefaultSQLIQTree2NativeNodeGenerator.java:84)
	at it.unibz.inf.ontop.generation.DefaultSQLIQTree2NativeNodeGenerator.lambda$extractVariableTypeMap$2(DefaultSQLIQTree2NativeNodeGenerator.java:76)
	at it.unibz.inf.ontop.utils.ImmutableCollectors.lambda$toMap$0(ImmutableCollectors.java:110)
	at java.base/java.util.stream.ReduceOps$3ReducingSink.accept(ReduceOps.java:169)
	at java.base/java.util.Spliterators$ArraySpliterator.forEachRemaining(Spliterators.java:992)
	at java.base/java.util.stream.AbstractPipeline.copyInto(AbstractPipeline.java:509)
	at java.base/java.util.stream.AbstractPipeline.wrapAndCopyInto(AbstractPipeline.java:499)
	at java.base/java.util.stream.ReduceOps$ReduceOp.evaluateSequential(ReduceOps.java:921)
	at java.base/java.util.stream.AbstractPipeline.evaluate(AbstractPipeline.java:234)
	at java.base/java.util.stream.ReferencePipeline.collect(ReferencePipeline.java:682)
	at it.unibz.inf.ontop.generation.DefaultSQLIQTree2NativeNodeGenerator.extractVariableTypeMap(DefaultSQLIQTree2NativeNodeGenerator.java:74)
	at it.unibz.inf.ontop.generation.DefaultSQLIQTree2NativeNodeGenerator.generate(DefaultSQLIQTree2NativeNodeGenerator.java:61)
	at it.unibz.inf.ontop.answering.reformulation.generation.impl.SQLGeneratorImpl.generateSourceQuery(SQLGeneratorImpl.java:156)
	at it.unibz.inf.ontop.answering.reformulation.generation.impl.SQLGeneratorImpl.generateSourceQuery(SQLGeneratorImpl.java:131)
	at it.unibz.inf.ontop.answering.reformulation.generation.impl.SQLGeneratorImpl.generateSourceQuery(SQLGeneratorImpl.java:111)
	at it.unibz.inf.ontop.answering.reformulation.impl.QuestQueryProcessor.generateExecutableQuery(QuestQueryProcessor.java:163)
	at it.unibz.inf.ontop.answering.reformulation.impl.QuestQueryProcessor.reformulateIntoNativeQuery(QuestQueryProcessor.java:123)
	... 3 common frames omitted
org.eclipse.rdf4j.query.QueryEvaluationException: it.unibz.inf.ontop.exception.OntopReformulationException: it.unibz.inf.ontop.exception.MinorOntopInternalBugException: Was expecting a unique and known DB term type to be extracted for the SQL variable id1m1
	at it.unibz.inf.ontop.rdf4j.query.impl.OntopBooleanQuery.evaluate(OntopBooleanQuery.java:40)
	at it.unibz.inf.ontop.endpoint.processor.SparqlQueryExecutor.executeQuery(SparqlQueryExecutor.java:77)
	at it.unibz.inf.ontop.endpoint.controllers.SparqlQueryController.query_get(SparqlQueryController.java:42)
	at jdk.internal.reflect.GeneratedMethodAccessor7.invoke(Unknown Source)
	at java.base/jdk.internal.reflect.DelegatingMethodAccessorImpl.invoke(DelegatingMethodAccessorImpl.java:43)
	at java.base/java.lang.reflect.Method.invoke(Method.java:569)
	at org.springframework.web.method.support.InvocableHandlerMethod.doInvoke(InvocableHandlerMethod.java:205)
	at org.springframework.web.method.support.InvocableHandlerMethod.invokeForRequest(InvocableHandlerMethod.java:150)
	at org.springframework.web.servlet.mvc.method.annotation.ServletInvocableHandlerMethod.invokeAndHandle(ServletInvocableHandlerMethod.java:117)
	at org.springframework.web.servlet.mvc.method.annotation.RequestMappingHandlerAdapter.invokeHandlerMethod(RequestMappingHandlerAdapter.java:895)
	at org.springframework.web.servlet.mvc.method.annotation.RequestMappingHandlerAdapter.handleInternal(RequestMappingHandlerAdapter.java:808)
	at org.springframework.web.servlet.mvc.method.AbstractHandlerMethodAdapter.handle(AbstractHandlerMethodAdapter.java:87)
	at org.springframework.web.servlet.DispatcherServlet.doDispatch(DispatcherServlet.java:1072)
	at org.springframework.web.servlet.DispatcherServlet.doService(DispatcherServlet.java:965)
	at org.springframework.web.servlet.FrameworkServlet.processRequest(FrameworkServlet.java:1006)
	at org.springframework.web.servlet.FrameworkServlet.doGet(FrameworkServlet.java:898)
	at javax.servlet.http.HttpServlet.service(HttpServlet.java:529)
	at org.springframework.web.servlet.FrameworkServlet.service(FrameworkServlet.java:883)
	at javax.servlet.http.HttpServlet.service(HttpServlet.java:623)
	at org.apache.catalina.core.ApplicationFilterChain.internalDoFilter(ApplicationFilterChain.java:197)
	at org.apache.catalina.core.ApplicationFilterChain.doFilter(ApplicationFilterChain.java:142)
	at org.apache.tomcat.websocket.server.WsFilter.doFilter(WsFilter.java:51)
	at org.apache.catalina.core.ApplicationFilterChain.internalDoFilter(ApplicationFilterChain.java:166)
	at org.apache.catalina.core.ApplicationFilterChain.doFilter(ApplicationFilterChain.java:142)
	at org.springframework.web.filter.RequestContextFilter.doFilterInternal(RequestContextFilter.java:100)
	at org.springframework.web.filter.OncePerRequestFilter.doFilter(OncePerRequestFilter.java:117)
	at org.apache.catalina.core.ApplicationFilterChain.internalDoFilter(ApplicationFilterChain.java:166)
	at org.apache.catalina.core.ApplicationFilterChain.doFilter(ApplicationFilterChain.java:142)
	at org.springframework.web.filter.FormContentFilter.doFilterInternal(FormContentFilter.java:93)
	at org.springframework.web.filter.OncePerRequestFilter.doFilter(OncePerRequestFilter.java:117)
	at org.apache.catalina.core.ApplicationFilterChain.internalDoFilter(ApplicationFilterChain.java:166)
	at org.apache.catalina.core.ApplicationFilterChain.doFilter(ApplicationFilterChain.java:142)
	at org.springframework.boot.actuate.metrics.web.servlet.WebMvcMetricsFilter.doFilterInternal(WebMvcMetricsFilter.java:96)
	at org.springframework.web.filter.OncePerRequestFilter.doFilter(OncePerRequestFilter.java:117)
	at org.apache.catalina.core.ApplicationFilterChain.internalDoFilter(ApplicationFilterChain.java:166)
	at org.apache.catalina.core.ApplicationFilterChain.doFilter(ApplicationFilterChain.java:142)
	at org.springframework.web.filter.CharacterEncodingFilter.doFilterInternal(CharacterEncodingFilter.java:201)
	at org.springframework.web.filter.OncePerRequestFilter.doFilter(OncePerRequestFilter.java:117)
	at org.apache.catalina.core.ApplicationFilterChain.internalDoFilter(ApplicationFilterChain.java:166)
	at org.apache.catalina.core.ApplicationFilterChain.doFilter(ApplicationFilterChain.java:142)
	at org.apache.catalina.core.StandardWrapperValve.invoke(StandardWrapperValve.java:166)
	at org.apache.catalina.core.StandardContextValve.invoke(StandardContextValve.java:88)
	at org.apache.catalina.authenticator.AuthenticatorBase.invoke(AuthenticatorBase.java:491)
	at org.apache.catalina.core.StandardHostValve.invoke(StandardHostValve.java:127)
	at org.apache.catalina.valves.ErrorReportValve.invoke(ErrorReportValve.java:83)
	at org.apache.catalina.core.StandardEngineValve.invoke(StandardEngineValve.java:72)
	at org.apache.catalina.connector.CoyoteAdapter.service(CoyoteAdapter.java:344)
	at org.apache.coyote.http11.Http11Processor.service(Http11Processor.java:398)
	at org.apache.coyote.AbstractProcessorLight.process(AbstractProcessorLight.java:63)
	at org.apache.coyote.AbstractProtocol$ConnectionHandler.process(AbstractProtocol.java:939)
	at org.apache.tomcat.util.net.NioEndpoint$SocketProcessor.doRun(NioEndpoint.java:1854)
	at org.apache.tomcat.util.net.SocketProcessorBase.run(SocketProcessorBase.java:52)
	at org.apache.tomcat.util.threads.ThreadPoolExecutor.runWorker(ThreadPoolExecutor.java:973)
	at org.apache.tomcat.util.threads.ThreadPoolExecutor$Worker.run(ThreadPoolExecutor.java:491)
	at org.apache.tomcat.util.threads.TaskThread$WrappingRunnable.run(TaskThread.java:63)
	at java.base/java.lang.Thread.run(Thread.java:840)
Caused by: it.unibz.inf.ontop.exception.OntopReformulationException: it.unibz.inf.ontop.exception.MinorOntopInternalBugException: Was expecting a unique and known DB term type to be extracted for the SQL variable id1m1
	at it.unibz.inf.ontop.answering.reformulation.impl.QuestQueryProcessor.reformulateIntoNativeQuery(QuestQueryProcessor.java:154)
	at it.unibz.inf.ontop.answering.connection.impl.QuestStatement.executeBooleanQuery(QuestStatement.java:148)
	at it.unibz.inf.ontop.answering.connection.impl.QuestStatement.lambda$execute$3(QuestStatement.java:227)
	at it.unibz.inf.ontop.answering.connection.impl.QuestStatement$QueryExecutionThread.run(QuestStatement.java:108)
Caused by: it.unibz.inf.ontop.exception.MinorOntopInternalBugException: Was expecting a unique and known DB term type to be extracted for the SQL variable id1m1
	at it.unibz.inf.ontop.generation.DefaultSQLIQTree2NativeNodeGenerator.lambda$extractUniqueKnownType$6(DefaultSQLIQTree2NativeNodeGenerator.java:84)
	at java.base/java.util.Optional.orElseThrow(Optional.java:403)
	at it.unibz.inf.ontop.generation.DefaultSQLIQTree2NativeNodeGenerator.extractUniqueKnownType(DefaultSQLIQTree2NativeNodeGenerator.java:84)
	at it.unibz.inf.ontop.generation.DefaultSQLIQTree2NativeNodeGenerator.lambda$extractVariableTypeMap$2(DefaultSQLIQTree2NativeNodeGenerator.java:76)
	at it.unibz.inf.ontop.utils.ImmutableCollectors.lambda$toMap$0(ImmutableCollectors.java:110)
	at java.base/java.util.stream.ReduceOps$3ReducingSink.accept(ReduceOps.java:169)
	at java.base/java.util.Spliterators$ArraySpliterator.forEachRemaining(Spliterators.java:992)
	at java.base/java.util.stream.AbstractPipeline.copyInto(AbstractPipeline.java:509)
	at java.base/java.util.stream.AbstractPipeline.wrapAndCopyInto(AbstractPipeline.java:499)
	at java.base/java.util.stream.ReduceOps$ReduceOp.evaluateSequential(ReduceOps.java:921)
	at java.base/java.util.stream.AbstractPipeline.evaluate(AbstractPipeline.java:234)
	at java.base/java.util.stream.ReferencePipeline.collect(ReferencePipeline.java:682)
	at it.unibz.inf.ontop.generation.DefaultSQLIQTree2NativeNodeGenerator.extractVariableTypeMap(DefaultSQLIQTree2NativeNodeGenerator.java:74)
	at it.unibz.inf.ontop.generation.DefaultSQLIQTree2NativeNodeGenerator.generate(DefaultSQLIQTree2NativeNodeGenerator.java:61)
	at it.unibz.inf.ontop.answering.reformulation.generation.impl.SQLGeneratorImpl.generateSourceQuery(SQLGeneratorImpl.java:156)
	at it.unibz.inf.ontop.answering.reformulation.generation.impl.SQLGeneratorImpl.generateSourceQuery(SQLGeneratorImpl.java:131)
	at it.unibz.inf.ontop.answering.reformulation.generation.impl.SQLGeneratorImpl.generateSourceQuery(SQLGeneratorImpl.java:111)
	at it.unibz.inf.ontop.answering.reformulation.impl.QuestQueryProcessor.generateExecutableQuery(QuestQueryProcessor.java:163)
	at it.unibz.inf.ontop.answering.reformulation.impl.QuestQueryProcessor.reformulateIntoNativeQuery(QuestQueryProcessor.java:123)
	... 3 more
12:11:21.226 |-WARN  in i.u.i.o.a.r.impl.QuestQueryProcessor - Unexpected exception: Was expecting a unique and known DB term type to be extracted for the SQL variable id1m1
it.unibz.inf.ontop.exception.MinorOntopInternalBugException: Was expecting a unique and known DB term type to be extracted for the SQL variable id1m1
	at it.unibz.inf.ontop.generation.DefaultSQLIQTree2NativeNodeGenerator.lambda$extractUniqueKnownType$6(DefaultSQLIQTree2NativeNodeGenerator.java:84)
	at java.base/java.util.Optional.orElseThrow(Optional.java:403)
	at it.unibz.inf.ontop.generation.DefaultSQLIQTree2NativeNodeGenerator.extractUniqueKnownType(DefaultSQLIQTree2NativeNodeGenerator.java:84)
	at it.unibz.inf.ontop.generation.DefaultSQLIQTree2NativeNodeGenerator.lambda$extractVariableTypeMap$2(DefaultSQLIQTree2NativeNodeGenerator.java:76)
	at it.unibz.inf.ontop.utils.ImmutableCollectors.lambda$toMap$0(ImmutableCollectors.java:110)
	at java.base/java.util.stream.ReduceOps$3ReducingSink.accept(ReduceOps.java:169)
	at java.base/java.util.Spliterators$ArraySpliterator.forEachRemaining(Spliterators.java:992)
	at java.base/java.util.stream.AbstractPipeline.copyInto(AbstractPipeline.java:509)
	at java.base/java.util.stream.AbstractPipeline.wrapAndCopyInto(AbstractPipeline.java:499)
	at java.base/java.util.stream.ReduceOps$ReduceOp.evaluateSequential(ReduceOps.java:921)
	at java.base/java.util.stream.AbstractPipeline.evaluate(AbstractPipeline.java:234)
	at java.base/java.util.stream.ReferencePipeline.collect(ReferencePipeline.java:682)
	at it.unibz.inf.ontop.generation.DefaultSQLIQTree2NativeNodeGenerator.extractVariableTypeMap(DefaultSQLIQTree2NativeNodeGenerator.java:74)
	at it.unibz.inf.ontop.generation.DefaultSQLIQTree2NativeNodeGenerator.generate(DefaultSQLIQTree2NativeNodeGenerator.java:61)
	at it.unibz.inf.ontop.answering.reformulation.generation.impl.SQLGeneratorImpl.generateSourceQuery(SQLGeneratorImpl.java:156)
	at it.unibz.inf.ontop.answering.reformulation.generation.impl.SQLGeneratorImpl.generateSourceQuery(SQLGeneratorImpl.java:131)
	at it.unibz.inf.ontop.answering.reformulation.generation.impl.SQLGeneratorImpl.generateSourceQuery(SQLGeneratorImpl.java:111)
	at it.unibz.inf.ontop.answering.reformulation.impl.QuestQueryProcessor.generateExecutableQuery(QuestQueryProcessor.java:163)
	at it.unibz.inf.ontop.answering.reformulation.impl.QuestQueryProcessor.reformulateIntoNativeQuery(QuestQueryProcessor.java:123)
	at it.unibz.inf.ontop.answering.connection.impl.QuestStatement.executeBooleanQuery(QuestStatement.java:148)
	at it.unibz.inf.ontop.answering.connection.impl.QuestStatement.lambda$execute$3(QuestStatement.java:227)
	at it.unibz.inf.ontop.answering.connection.impl.QuestStatement$QueryExecutionThread.run(QuestStatement.java:108)
12:11:21.227 |-ERROR in i.u.i.o.a.c.impl.QuestStatement - it.unibz.inf.ontop.exception.MinorOntopInternalBugException: Was expecting a unique and known DB term type to be extracted for the SQL variable id1m1
it.unibz.inf.ontop.exception.OntopReformulationException: it.unibz.inf.ontop.exception.MinorOntopInternalBugException: Was expecting a unique and known DB term type to be extracted for the SQL variable id1m1
	at it.unibz.inf.ontop.answering.reformulation.impl.QuestQueryProcessor.reformulateIntoNativeQuery(QuestQueryProcessor.java:154)
	at it.unibz.inf.ontop.answering.connection.impl.QuestStatement.executeBooleanQuery(QuestStatement.java:148)
	at it.unibz.inf.ontop.answering.connection.impl.QuestStatement.lambda$execute$3(QuestStatement.java:227)
	at it.unibz.inf.ontop.answering.connection.impl.QuestStatement$QueryExecutionThread.run(QuestStatement.java:108)
Caused by: it.unibz.inf.ontop.exception.MinorOntopInternalBugException: Was expecting a unique and known DB term type to be extracted for the SQL variable id1m1
	at it.unibz.inf.ontop.generation.DefaultSQLIQTree2NativeNodeGenerator.lambda$extractUniqueKnownType$6(DefaultSQLIQTree2NativeNodeGenerator.java:84)
	at java.base/java.util.Optional.orElseThrow(Optional.java:403)
	at it.unibz.inf.ontop.generation.DefaultSQLIQTree2NativeNodeGenerator.extractUniqueKnownType(DefaultSQLIQTree2NativeNodeGenerator.java:84)
	at it.unibz.inf.ontop.generation.DefaultSQLIQTree2NativeNodeGenerator.lambda$extractVariableTypeMap$2(DefaultSQLIQTree2NativeNodeGenerator.java:76)
	at it.unibz.inf.ontop.utils.ImmutableCollectors.lambda$toMap$0(ImmutableCollectors.java:110)
	at java.base/java.util.stream.ReduceOps$3ReducingSink.accept(ReduceOps.java:169)
	at java.base/java.util.Spliterators$ArraySpliterator.forEachRemaining(Spliterators.java:992)
	at java.base/java.util.stream.AbstractPipeline.copyInto(AbstractPipeline.java:509)
	at java.base/java.util.stream.AbstractPipeline.wrapAndCopyInto(AbstractPipeline.java:499)
	at java.base/java.util.stream.ReduceOps$ReduceOp.evaluateSequential(ReduceOps.java:921)
	at java.base/java.util.stream.AbstractPipeline.evaluate(AbstractPipeline.java:234)
	at java.base/java.util.stream.ReferencePipeline.collect(ReferencePipeline.java:682)
	at it.unibz.inf.ontop.generation.DefaultSQLIQTree2NativeNodeGenerator.extractVariableTypeMap(DefaultSQLIQTree2NativeNodeGenerator.java:74)
	at it.unibz.inf.ontop.generation.DefaultSQLIQTree2NativeNodeGenerator.generate(DefaultSQLIQTree2NativeNodeGenerator.java:61)
	at it.unibz.inf.ontop.answering.reformulation.generation.impl.SQLGeneratorImpl.generateSourceQuery(SQLGeneratorImpl.java:156)
	at it.unibz.inf.ontop.answering.reformulation.generation.impl.SQLGeneratorImpl.generateSourceQuery(SQLGeneratorImpl.java:131)
	at it.unibz.inf.ontop.answering.reformulation.generation.impl.SQLGeneratorImpl.generateSourceQuery(SQLGeneratorImpl.java:111)
	at it.unibz.inf.ontop.answering.reformulation.impl.QuestQueryProcessor.generateExecutableQuery(QuestQueryProcessor.java:163)
	at it.unibz.inf.ontop.answering.reformulation.impl.QuestQueryProcessor.reformulateIntoNativeQuery(QuestQueryProcessor.java:123)
	... 3 common frames omitted
org.eclipse.rdf4j.query.QueryEvaluationException: it.unibz.inf.ontop.exception.OntopReformulationException: it.unibz.inf.ontop.exception.MinorOntopInternalBugException: Was expecting a unique and known DB term type to be extracted for the SQL variable id1m1
	at it.unibz.inf.ontop.rdf4j.query.impl.OntopBooleanQuery.evaluate(OntopBooleanQuery.java:40)
	at it.unibz.inf.ontop.endpoint.processor.SparqlQueryExecutor.executeQuery(SparqlQueryExecutor.java:77)
	at it.unibz.inf.ontop.endpoint.controllers.SparqlQueryController.query_get(SparqlQueryController.java:42)
	at jdk.internal.reflect.GeneratedMethodAccessor7.invoke(Unknown Source)
	at java.base/jdk.internal.reflect.DelegatingMethodAccessorImpl.invoke(DelegatingMethodAccessorImpl.java:43)
	at java.base/java.lang.reflect.Method.invoke(Method.java:569)
	at org.springframework.web.method.support.InvocableHandlerMethod.doInvoke(InvocableHandlerMethod.java:205)
	at org.springframework.web.method.support.InvocableHandlerMethod.invokeForRequest(InvocableHandlerMethod.java:150)
	at org.springframework.web.servlet.mvc.method.annotation.ServletInvocableHandlerMethod.invokeAndHandle(ServletInvocableHandlerMethod.java:117)
	at org.springframework.web.servlet.mvc.method.annotation.RequestMappingHandlerAdapter.invokeHandlerMethod(RequestMappingHandlerAdapter.java:895)
	at org.springframework.web.servlet.mvc.method.annotation.RequestMappingHandlerAdapter.handleInternal(RequestMappingHandlerAdapter.java:808)
	at org.springframework.web.servlet.mvc.method.AbstractHandlerMethodAdapter.handle(AbstractHandlerMethodAdapter.java:87)
	at org.springframework.web.servlet.DispatcherServlet.doDispatch(DispatcherServlet.java:1072)
	at org.springframework.web.servlet.DispatcherServlet.doService(DispatcherServlet.java:965)
	at org.springframework.web.servlet.FrameworkServlet.processRequest(FrameworkServlet.java:1006)
	at org.springframework.web.servlet.FrameworkServlet.doGet(FrameworkServlet.java:898)
	at javax.servlet.http.HttpServlet.service(HttpServlet.java:529)
	at org.springframework.web.servlet.FrameworkServlet.service(FrameworkServlet.java:883)
	at javax.servlet.http.HttpServlet.service(HttpServlet.java:623)
	at org.apache.catalina.core.ApplicationFilterChain.internalDoFilter(ApplicationFilterChain.java:197)
	at org.apache.catalina.core.ApplicationFilterChain.doFilter(ApplicationFilterChain.java:142)
	at org.apache.tomcat.websocket.server.WsFilter.doFilter(WsFilter.java:51)
	at org.apache.catalina.core.ApplicationFilterChain.internalDoFilter(ApplicationFilterChain.java:166)
	at org.apache.catalina.core.ApplicationFilterChain.doFilter(ApplicationFilterChain.java:142)
	at org.springframework.web.filter.RequestContextFilter.doFilterInternal(RequestContextFilter.java:100)
	at org.springframework.web.filter.OncePerRequestFilter.doFilter(OncePerRequestFilter.java:117)
	at org.apache.catalina.core.ApplicationFilterChain.internalDoFilter(ApplicationFilterChain.java:166)
	at org.apache.catalina.core.ApplicationFilterChain.doFilter(ApplicationFilterChain.java:142)
	at org.springframework.web.filter.FormContentFilter.doFilterInternal(FormContentFilter.java:93)
	at org.springframework.web.filter.OncePerRequestFilter.doFilter(OncePerRequestFilter.java:117)
	at org.apache.catalina.core.ApplicationFilterChain.internalDoFilter(ApplicationFilterChain.java:166)
	at org.apache.catalina.core.ApplicationFilterChain.doFilter(ApplicationFilterChain.java:142)
	at org.springframework.boot.actuate.metrics.web.servlet.WebMvcMetricsFilter.doFilterInternal(WebMvcMetricsFilter.java:96)
	at org.springframework.web.filter.OncePerRequestFilter.doFilter(OncePerRequestFilter.java:117)
	at org.apache.catalina.core.ApplicationFilterChain.internalDoFilter(ApplicationFilterChain.java:166)
	at org.apache.catalina.core.ApplicationFilterChain.doFilter(ApplicationFilterChain.java:142)
	at org.springframework.web.filter.CharacterEncodingFilter.doFilterInternal(CharacterEncodingFilter.java:201)
	at org.springframework.web.filter.OncePerRequestFilter.doFilter(OncePerRequestFilter.java:117)
	at org.apache.catalina.core.ApplicationFilterChain.internalDoFilter(ApplicationFilterChain.java:166)
	at org.apache.catalina.core.ApplicationFilterChain.doFilter(ApplicationFilterChain.java:142)
	at org.apache.catalina.core.StandardWrapperValve.invoke(StandardWrapperValve.java:166)
	at org.apache.catalina.core.StandardContextValve.invoke(StandardContextValve.java:88)
	at org.apache.catalina.authenticator.AuthenticatorBase.invoke(AuthenticatorBase.java:491)
	at org.apache.catalina.core.StandardHostValve.invoke(StandardHostValve.java:127)
	at org.apache.catalina.valves.ErrorReportValve.invoke(ErrorReportValve.java:83)
	at org.apache.catalina.core.StandardEngineValve.invoke(StandardEngineValve.java:72)
	at org.apache.catalina.connector.CoyoteAdapter.service(CoyoteAdapter.java:344)
	at org.apache.coyote.http11.Http11Processor.service(Http11Processor.java:398)
	at org.apache.coyote.AbstractProcessorLight.process(AbstractProcessorLight.java:63)
	at org.apache.coyote.AbstractProtocol$ConnectionHandler.process(AbstractProtocol.java:939)
	at org.apache.tomcat.util.net.NioEndpoint$SocketProcessor.doRun(NioEndpoint.java:1854)
	at org.apache.tomcat.util.net.SocketProcessorBase.run(SocketProcessorBase.java:52)
	at org.apache.tomcat.util.threads.ThreadPoolExecutor.runWorker(ThreadPoolExecutor.java:973)
	at org.apache.tomcat.util.threads.ThreadPoolExecutor$Worker.run(ThreadPoolExecutor.java:491)
	at org.apache.tomcat.util.threads.TaskThread$WrappingRunnable.run(TaskThread.java:63)
	at java.base/java.lang.Thread.run(Thread.java:840)
Caused by: it.unibz.inf.ontop.exception.OntopReformulationException: it.unibz.inf.ontop.exception.MinorOntopInternalBugException: Was expecting a unique and known DB term type to be extracted for the SQL variable id1m1
	at it.unibz.inf.ontop.answering.reformulation.impl.QuestQueryProcessor.reformulateIntoNativeQuery(QuestQueryProcessor.java:154)
	at it.unibz.inf.ontop.answering.connection.impl.QuestStatement.executeBooleanQuery(QuestStatement.java:148)
	at it.unibz.inf.ontop.answering.connection.impl.QuestStatement.lambda$execute$3(QuestStatement.java:227)
	at it.unibz.inf.ontop.answering.connection.impl.QuestStatement$QueryExecutionThread.run(QuestStatement.java:108)
Caused by: it.unibz.inf.ontop.exception.MinorOntopInternalBugException: Was expecting a unique and known DB term type to be extracted for the SQL variable id1m1
	at it.unibz.inf.ontop.generation.DefaultSQLIQTree2NativeNodeGenerator.lambda$extractUniqueKnownType$6(DefaultSQLIQTree2NativeNodeGenerator.java:84)
	at java.base/java.util.Optional.orElseThrow(Optional.java:403)
	at it.unibz.inf.ontop.generation.DefaultSQLIQTree2NativeNodeGenerator.extractUniqueKnownType(DefaultSQLIQTree2NativeNodeGenerator.java:84)
	at it.unibz.inf.ontop.generation.DefaultSQLIQTree2NativeNodeGenerator.lambda$extractVariableTypeMap$2(DefaultSQLIQTree2NativeNodeGenerator.java:76)
	at it.unibz.inf.ontop.utils.ImmutableCollectors.lambda$toMap$0(ImmutableCollectors.java:110)
	at java.base/java.util.stream.ReduceOps$3ReducingSink.accept(ReduceOps.java:169)
	at java.base/java.util.Spliterators$ArraySpliterator.forEachRemaining(Spliterators.java:992)
	at java.base/java.util.stream.AbstractPipeline.copyInto(AbstractPipeline.java:509)
	at java.base/java.util.stream.AbstractPipeline.wrapAndCopyInto(AbstractPipeline.java:499)
	at java.base/java.util.stream.ReduceOps$ReduceOp.evaluateSequential(ReduceOps.java:921)
	at java.base/java.util.stream.AbstractPipeline.evaluate(AbstractPipeline.java:234)
	at java.base/java.util.stream.ReferencePipeline.collect(ReferencePipeline.java:682)
	at it.unibz.inf.ontop.generation.DefaultSQLIQTree2NativeNodeGenerator.extractVariableTypeMap(DefaultSQLIQTree2NativeNodeGenerator.java:74)
	at it.unibz.inf.ontop.generation.DefaultSQLIQTree2NativeNodeGenerator.generate(DefaultSQLIQTree2NativeNodeGenerator.java:61)
	at it.unibz.inf.ontop.answering.reformulation.generation.impl.SQLGeneratorImpl.generateSourceQuery(SQLGeneratorImpl.java:156)
	at it.unibz.inf.ontop.answering.reformulation.generation.impl.SQLGeneratorImpl.generateSourceQuery(SQLGeneratorImpl.java:131)
	at it.unibz.inf.ontop.answering.reformulation.generation.impl.SQLGeneratorImpl.generateSourceQuery(SQLGeneratorImpl.java:111)
	at it.unibz.inf.ontop.answering.reformulation.impl.QuestQueryProcessor.generateExecutableQuery(QuestQueryProcessor.java:163)
	at it.unibz.inf.ontop.answering.reformulation.impl.QuestQueryProcessor.reformulateIntoNativeQuery(QuestQueryProcessor.java:123)
	... 3 more
12:11:22.263 |-WARN  in i.u.i.o.a.r.impl.QuestQueryProcessor - Unexpected exception: Was expecting a unique and known DB term type to be extracted for the SQL variable id1m1
it.unibz.inf.ontop.exception.MinorOntopInternalBugException: Was expecting a unique and known DB term type to be extracted for the SQL variable id1m1
	at it.unibz.inf.ontop.generation.DefaultSQLIQTree2NativeNodeGenerator.lambda$extractUniqueKnownType$6(DefaultSQLIQTree2NativeNodeGenerator.java:84)
	at java.base/java.util.Optional.orElseThrow(Optional.java:403)
	at it.unibz.inf.ontop.generation.DefaultSQLIQTree2NativeNodeGenerator.extractUniqueKnownType(DefaultSQLIQTree2NativeNodeGenerator.java:84)
	at it.unibz.inf.ontop.generation.DefaultSQLIQTree2NativeNodeGenerator.lambda$extractVariableTypeMap$2(DefaultSQLIQTree2NativeNodeGenerator.java:76)
	at it.unibz.inf.ontop.utils.ImmutableCollectors.lambda$toMap$0(ImmutableCollectors.java:110)
	at java.base/java.util.stream.ReduceOps$3ReducingSink.accept(ReduceOps.java:169)
	at java.base/java.util.Spliterators$ArraySpliterator.forEachRemaining(Spliterators.java:992)
	at java.base/java.util.stream.AbstractPipeline.copyInto(AbstractPipeline.java:509)
	at java.base/java.util.stream.AbstractPipeline.wrapAndCopyInto(AbstractPipeline.java:499)
	at java.base/java.util.stream.ReduceOps$ReduceOp.evaluateSequential(ReduceOps.java:921)
	at java.base/java.util.stream.AbstractPipeline.evaluate(AbstractPipeline.java:234)
	at java.base/java.util.stream.ReferencePipeline.collect(ReferencePipeline.java:682)
	at it.unibz.inf.ontop.generation.DefaultSQLIQTree2NativeNodeGenerator.extractVariableTypeMap(DefaultSQLIQTree2NativeNodeGenerator.java:74)
	at it.unibz.inf.ontop.generation.DefaultSQLIQTree2NativeNodeGenerator.generate(DefaultSQLIQTree2NativeNodeGenerator.java:61)
	at it.unibz.inf.ontop.answering.reformulation.generation.impl.SQLGeneratorImpl.generateSourceQuery(SQLGeneratorImpl.java:156)
	at it.unibz.inf.ontop.answering.reformulation.generation.impl.SQLGeneratorImpl.generateSourceQuery(SQLGeneratorImpl.java:131)
	at it.unibz.inf.ontop.answering.reformulation.generation.impl.SQLGeneratorImpl.generateSourceQuery(SQLGeneratorImpl.java:111)
	at it.unibz.inf.ontop.answering.reformulation.impl.QuestQueryProcessor.generateExecutableQuery(QuestQueryProcessor.java:163)
	at it.unibz.inf.ontop.answering.reformulation.impl.QuestQueryProcessor.reformulateIntoNativeQuery(QuestQueryProcessor.java:123)
	at it.unibz.inf.ontop.answering.connection.impl.QuestStatement.executeBooleanQuery(QuestStatement.java:148)
	at it.unibz.inf.ontop.answering.connection.impl.QuestStatement.lambda$execute$3(QuestStatement.java:227)
	at it.unibz.inf.ontop.answering.connection.impl.QuestStatement$QueryExecutionThread.run(QuestStatement.java:108)
12:11:22.264 |-ERROR in i.u.i.o.a.c.impl.QuestStatement - it.unibz.inf.ontop.exception.MinorOntopInternalBugException: Was expecting a unique and known DB term type to be extracted for the SQL variable id1m1
it.unibz.inf.ontop.exception.OntopReformulationException: it.unibz.inf.ontop.exception.MinorOntopInternalBugException: Was expecting a unique and known DB term type to be extracted for the SQL variable id1m1
	at it.unibz.inf.ontop.answering.reformulation.impl.QuestQueryProcessor.reformulateIntoNativeQuery(QuestQueryProcessor.java:154)
	at it.unibz.inf.ontop.answering.connection.impl.QuestStatement.executeBooleanQuery(QuestStatement.java:148)
	at it.unibz.inf.ontop.answering.connection.impl.QuestStatement.lambda$execute$3(QuestStatement.java:227)
	at it.unibz.inf.ontop.answering.connection.impl.QuestStatement$QueryExecutionThread.run(QuestStatement.java:108)
Caused by: it.unibz.inf.ontop.exception.MinorOntopInternalBugException: Was expecting a unique and known DB term type to be extracted for the SQL variable id1m1
	at it.unibz.inf.ontop.generation.DefaultSQLIQTree2NativeNodeGenerator.lambda$extractUniqueKnownType$6(DefaultSQLIQTree2NativeNodeGenerator.java:84)
	at java.base/java.util.Optional.orElseThrow(Optional.java:403)
	at it.unibz.inf.ontop.generation.DefaultSQLIQTree2NativeNodeGenerator.extractUniqueKnownType(DefaultSQLIQTree2NativeNodeGenerator.java:84)
	at it.unibz.inf.ontop.generation.DefaultSQLIQTree2NativeNodeGenerator.lambda$extractVariableTypeMap$2(DefaultSQLIQTree2NativeNodeGenerator.java:76)
	at it.unibz.inf.ontop.utils.ImmutableCollectors.lambda$toMap$0(ImmutableCollectors.java:110)
	at java.base/java.util.stream.ReduceOps$3ReducingSink.accept(ReduceOps.java:169)
	at java.base/java.util.Spliterators$ArraySpliterator.forEachRemaining(Spliterators.java:992)
	at java.base/java.util.stream.AbstractPipeline.copyInto(AbstractPipeline.java:509)
	at java.base/java.util.stream.AbstractPipeline.wrapAndCopyInto(AbstractPipeline.java:499)
	at java.base/java.util.stream.ReduceOps$ReduceOp.evaluateSequential(ReduceOps.java:921)
	at java.base/java.util.stream.AbstractPipeline.evaluate(AbstractPipeline.java:234)
	at java.base/java.util.stream.ReferencePipeline.collect(ReferencePipeline.java:682)
	at it.unibz.inf.ontop.generation.DefaultSQLIQTree2NativeNodeGenerator.extractVariableTypeMap(DefaultSQLIQTree2NativeNodeGenerator.java:74)
	at it.unibz.inf.ontop.generation.DefaultSQLIQTree2NativeNodeGenerator.generate(DefaultSQLIQTree2NativeNodeGenerator.java:61)
	at it.unibz.inf.ontop.answering.reformulation.generation.impl.SQLGeneratorImpl.generateSourceQuery(SQLGeneratorImpl.java:156)
	at it.unibz.inf.ontop.answering.reformulation.generation.impl.SQLGeneratorImpl.generateSourceQuery(SQLGeneratorImpl.java:131)
	at it.unibz.inf.ontop.answering.reformulation.generation.impl.SQLGeneratorImpl.generateSourceQuery(SQLGeneratorImpl.java:111)
	at it.unibz.inf.ontop.answering.reformulation.impl.QuestQueryProcessor.generateExecutableQuery(QuestQueryProcessor.java:163)
	at it.unibz.inf.ontop.answering.reformulation.impl.QuestQueryProcessor.reformulateIntoNativeQuery(QuestQueryProcessor.java:123)
	... 3 common frames omitted
org.eclipse.rdf4j.query.QueryEvaluationException: it.unibz.inf.ontop.exception.OntopReformulationException: it.unibz.inf.ontop.exception.MinorOntopInternalBugException: Was expecting a unique and known DB term type to be extracted for the SQL variable id1m1
	at it.unibz.inf.ontop.rdf4j.query.impl.OntopBooleanQuery.evaluate(OntopBooleanQuery.java:40)
	at it.unibz.inf.ontop.endpoint.processor.SparqlQueryExecutor.executeQuery(SparqlQueryExecutor.java:77)
	at it.unibz.inf.ontop.endpoint.controllers.SparqlQueryController.query_get(SparqlQueryController.java:42)
	at jdk.internal.reflect.GeneratedMethodAccessor7.invoke(Unknown Source)
	at java.base/jdk.internal.reflect.DelegatingMethodAccessorImpl.invoke(DelegatingMethodAccessorImpl.java:43)
	at java.base/java.lang.reflect.Method.invoke(Method.java:569)
	at org.springframework.web.method.support.InvocableHandlerMethod.doInvoke(InvocableHandlerMethod.java:205)
	at org.springframework.web.method.support.InvocableHandlerMethod.invokeForRequest(InvocableHandlerMethod.java:150)
	at org.springframework.web.servlet.mvc.method.annotation.ServletInvocableHandlerMethod.invokeAndHandle(ServletInvocableHandlerMethod.java:117)
	at org.springframework.web.servlet.mvc.method.annotation.RequestMappingHandlerAdapter.invokeHandlerMethod(RequestMappingHandlerAdapter.java:895)
	at org.springframework.web.servlet.mvc.method.annotation.RequestMappingHandlerAdapter.handleInternal(RequestMappingHandlerAdapter.java:808)
	at org.springframework.web.servlet.mvc.method.AbstractHandlerMethodAdapter.handle(AbstractHandlerMethodAdapter.java:87)
	at org.springframework.web.servlet.DispatcherServlet.doDispatch(DispatcherServlet.java:1072)
	at org.springframework.web.servlet.DispatcherServlet.doService(DispatcherServlet.java:965)
	at org.springframework.web.servlet.FrameworkServlet.processRequest(FrameworkServlet.java:1006)
	at org.springframework.web.servlet.FrameworkServlet.doGet(FrameworkServlet.java:898)
	at javax.servlet.http.HttpServlet.service(HttpServlet.java:529)
	at org.springframework.web.servlet.FrameworkServlet.service(FrameworkServlet.java:883)
	at javax.servlet.http.HttpServlet.service(HttpServlet.java:623)
	at org.apache.catalina.core.ApplicationFilterChain.internalDoFilter(ApplicationFilterChain.java:197)
	at org.apache.catalina.core.ApplicationFilterChain.doFilter(ApplicationFilterChain.java:142)
	at org.apache.tomcat.websocket.server.WsFilter.doFilter(WsFilter.java:51)
	at org.apache.catalina.core.ApplicationFilterChain.internalDoFilter(ApplicationFilterChain.java:166)
	at org.apache.catalina.core.ApplicationFilterChain.doFilter(ApplicationFilterChain.java:142)
	at org.springframework.web.filter.RequestContextFilter.doFilterInternal(RequestContextFilter.java:100)
	at org.springframework.web.filter.OncePerRequestFilter.doFilter(OncePerRequestFilter.java:117)
	at org.apache.catalina.core.ApplicationFilterChain.internalDoFilter(ApplicationFilterChain.java:166)
	at org.apache.catalina.core.ApplicationFilterChain.doFilter(ApplicationFilterChain.java:142)
	at org.springframework.web.filter.FormContentFilter.doFilterInternal(FormContentFilter.java:93)
	at org.springframework.web.filter.OncePerRequestFilter.doFilter(OncePerRequestFilter.java:117)
	at org.apache.catalina.core.ApplicationFilterChain.internalDoFilter(ApplicationFilterChain.java:166)
	at org.apache.catalina.core.ApplicationFilterChain.doFilter(ApplicationFilterChain.java:142)
	at org.springframework.boot.actuate.metrics.web.servlet.WebMvcMetricsFilter.doFilterInternal(WebMvcMetricsFilter.java:96)
	at org.springframework.web.filter.OncePerRequestFilter.doFilter(OncePerRequestFilter.java:117)
	at org.apache.catalina.core.ApplicationFilterChain.internalDoFilter(ApplicationFilterChain.java:166)
	at org.apache.catalina.core.ApplicationFilterChain.doFilter(ApplicationFilterChain.java:142)
	at org.springframework.web.filter.CharacterEncodingFilter.doFilterInternal(CharacterEncodingFilter.java:201)
	at org.springframework.web.filter.OncePerRequestFilter.doFilter(OncePerRequestFilter.java:117)
	at org.apache.catalina.core.ApplicationFilterChain.internalDoFilter(ApplicationFilterChain.java:166)
	at org.apache.catalina.core.ApplicationFilterChain.doFilter(ApplicationFilterChain.java:142)
	at org.apache.catalina.core.StandardWrapperValve.invoke(StandardWrapperValve.java:166)
	at org.apache.catalina.core.StandardContextValve.invoke(StandardContextValve.java:88)
	at org.apache.catalina.authenticator.AuthenticatorBase.invoke(AuthenticatorBase.java:491)
	at org.apache.catalina.core.StandardHostValve.invoke(StandardHostValve.java:127)
	at org.apache.catalina.valves.ErrorReportValve.invoke(ErrorReportValve.java:83)
	at org.apache.catalina.core.StandardEngineValve.invoke(StandardEngineValve.java:72)
	at org.apache.catalina.connector.CoyoteAdapter.service(CoyoteAdapter.java:344)
	at org.apache.coyote.http11.Http11Processor.service(Http11Processor.java:398)
	at org.apache.coyote.AbstractProcessorLight.process(AbstractProcessorLight.java:63)
	at org.apache.coyote.AbstractProtocol$ConnectionHandler.process(AbstractProtocol.java:939)
	at org.apache.tomcat.util.net.NioEndpoint$SocketProcessor.doRun(NioEndpoint.java:1854)
	at org.apache.tomcat.util.net.SocketProcessorBase.run(SocketProcessorBase.java:52)
	at org.apache.tomcat.util.threads.ThreadPoolExecutor.runWorker(ThreadPoolExecutor.java:973)
	at org.apache.tomcat.util.threads.ThreadPoolExecutor$Worker.run(ThreadPoolExecutor.java:491)
	at org.apache.tomcat.util.threads.TaskThread$WrappingRunnable.run(TaskThread.java:63)
	at java.base/java.lang.Thread.run(Thread.java:840)
Caused by: it.unibz.inf.ontop.exception.OntopReformulationException: it.unibz.inf.ontop.exception.MinorOntopInternalBugException: Was expecting a unique and known DB term type to be extracted for the SQL variable id1m1
	at it.unibz.inf.ontop.answering.reformulation.impl.QuestQueryProcessor.reformulateIntoNativeQuery(QuestQueryProcessor.java:154)
	at it.unibz.inf.ontop.answering.connection.impl.QuestStatement.executeBooleanQuery(QuestStatement.java:148)
	at it.unibz.inf.ontop.answering.connection.impl.QuestStatement.lambda$execute$3(QuestStatement.java:227)
	at it.unibz.inf.ontop.answering.connection.impl.QuestStatement$QueryExecutionThread.run(QuestStatement.java:108)
Caused by: it.unibz.inf.ontop.exception.MinorOntopInternalBugException: Was expecting a unique and known DB term type to be extracted for the SQL variable id1m1
	at it.unibz.inf.ontop.generation.DefaultSQLIQTree2NativeNodeGenerator.lambda$extractUniqueKnownType$6(DefaultSQLIQTree2NativeNodeGenerator.java:84)
	at java.base/java.util.Optional.orElseThrow(Optional.java:403)
	at it.unibz.inf.ontop.generation.DefaultSQLIQTree2NativeNodeGenerator.extractUniqueKnownType(DefaultSQLIQTree2NativeNodeGenerator.java:84)
	at it.unibz.inf.ontop.generation.DefaultSQLIQTree2NativeNodeGenerator.lambda$extractVariableTypeMap$2(DefaultSQLIQTree2NativeNodeGenerator.java:76)
	at it.unibz.inf.ontop.utils.ImmutableCollectors.lambda$toMap$0(ImmutableCollectors.java:110)
	at java.base/java.util.stream.ReduceOps$3ReducingSink.accept(ReduceOps.java:169)
	at java.base/java.util.Spliterators$ArraySpliterator.forEachRemaining(Spliterators.java:992)
	at java.base/java.util.stream.AbstractPipeline.copyInto(AbstractPipeline.java:509)
	at java.base/java.util.stream.AbstractPipeline.wrapAndCopyInto(AbstractPipeline.java:499)
	at java.base/java.util.stream.ReduceOps$ReduceOp.evaluateSequential(ReduceOps.java:921)
	at java.base/java.util.stream.AbstractPipeline.evaluate(AbstractPipeline.java:234)
	at java.base/java.util.stream.ReferencePipeline.collect(ReferencePipeline.java:682)
	at it.unibz.inf.ontop.generation.DefaultSQLIQTree2NativeNodeGenerator.extractVariableTypeMap(DefaultSQLIQTree2NativeNodeGenerator.java:74)
	at it.unibz.inf.ontop.generation.DefaultSQLIQTree2NativeNodeGenerator.generate(DefaultSQLIQTree2NativeNodeGenerator.java:61)
	at it.unibz.inf.ontop.answering.reformulation.generation.impl.SQLGeneratorImpl.generateSourceQuery(SQLGeneratorImpl.java:156)
	at it.unibz.inf.ontop.answering.reformulation.generation.impl.SQLGeneratorImpl.generateSourceQuery(SQLGeneratorImpl.java:131)
	at it.unibz.inf.ontop.answering.reformulation.generation.impl.SQLGeneratorImpl.generateSourceQuery(SQLGeneratorImpl.java:111)
	at it.unibz.inf.ontop.answering.reformulation.impl.QuestQueryProcessor.generateExecutableQuery(QuestQueryProcessor.java:163)
	at it.unibz.inf.ontop.answering.reformulation.impl.QuestQueryProcessor.reformulateIntoNativeQuery(QuestQueryProcessor.java:123)
	... 3 more
12:11:23.296 |-WARN  in i.u.i.o.a.r.impl.QuestQueryProcessor - Unexpected exception: Was expecting a unique and known DB term type to be extracted for the SQL variable id1m1
it.unibz.inf.ontop.exception.MinorOntopInternalBugException: Was expecting a unique and known DB term type to be extracted for the SQL variable id1m1
	at it.unibz.inf.ontop.generation.DefaultSQLIQTree2NativeNodeGenerator.lambda$extractUniqueKnownType$6(DefaultSQLIQTree2NativeNodeGenerator.java:84)
	at java.base/java.util.Optional.orElseThrow(Optional.java:403)
	at it.unibz.inf.ontop.generation.DefaultSQLIQTree2NativeNodeGenerator.extractUniqueKnownType(DefaultSQLIQTree2NativeNodeGenerator.java:84)
	at it.unibz.inf.ontop.generation.DefaultSQLIQTree2NativeNodeGenerator.lambda$extractVariableTypeMap$2(DefaultSQLIQTree2NativeNodeGenerator.java:76)
	at it.unibz.inf.ontop.utils.ImmutableCollectors.lambda$toMap$0(ImmutableCollectors.java:110)
	at java.base/java.util.stream.ReduceOps$3ReducingSink.accept(ReduceOps.java:169)
	at java.base/java.util.Spliterators$ArraySpliterator.forEachRemaining(Spliterators.java:992)
	at java.base/java.util.stream.AbstractPipeline.copyInto(AbstractPipeline.java:509)
	at java.base/java.util.stream.AbstractPipeline.wrapAndCopyInto(AbstractPipeline.java:499)
	at java.base/java.util.stream.ReduceOps$ReduceOp.evaluateSequential(ReduceOps.java:921)
	at java.base/java.util.stream.AbstractPipeline.evaluate(AbstractPipeline.java:234)
	at java.base/java.util.stream.ReferencePipeline.collect(ReferencePipeline.java:682)
	at it.unibz.inf.ontop.generation.DefaultSQLIQTree2NativeNodeGenerator.extractVariableTypeMap(DefaultSQLIQTree2NativeNodeGenerator.java:74)
	at it.unibz.inf.ontop.generation.DefaultSQLIQTree2NativeNodeGenerator.generate(DefaultSQLIQTree2NativeNodeGenerator.java:61)
	at it.unibz.inf.ontop.answering.reformulation.generation.impl.SQLGeneratorImpl.generateSourceQuery(SQLGeneratorImpl.java:156)
	at it.unibz.inf.ontop.answering.reformulation.generation.impl.SQLGeneratorImpl.generateSourceQuery(SQLGeneratorImpl.java:131)
	at it.unibz.inf.ontop.answering.reformulation.generation.impl.SQLGeneratorImpl.generateSourceQuery(SQLGeneratorImpl.java:111)
	at it.unibz.inf.ontop.answering.reformulation.impl.QuestQueryProcessor.generateExecutableQuery(QuestQueryProcessor.java:163)
	at it.unibz.inf.ontop.answering.reformulation.impl.QuestQueryProcessor.reformulateIntoNativeQuery(QuestQueryProcessor.java:123)
	at it.unibz.inf.ontop.answering.connection.impl.QuestStatement.executeBooleanQuery(QuestStatement.java:148)
	at it.unibz.inf.ontop.answering.connection.impl.QuestStatement.lambda$execute$3(QuestStatement.java:227)
	at it.unibz.inf.ontop.answering.connection.impl.QuestStatement$QueryExecutionThread.run(QuestStatement.java:108)
12:11:23.296 |-ERROR in i.u.i.o.a.c.impl.QuestStatement - it.unibz.inf.ontop.exception.MinorOntopInternalBugException: Was expecting a unique and known DB term type to be extracted for the SQL variable id1m1
it.unibz.inf.ontop.exception.OntopReformulationException: it.unibz.inf.ontop.exception.MinorOntopInternalBugException: Was expecting a unique and known DB term type to be extracted for the SQL variable id1m1
	at it.unibz.inf.ontop.answering.reformulation.impl.QuestQueryProcessor.reformulateIntoNativeQuery(QuestQueryProcessor.java:154)
	at it.unibz.inf.ontop.answering.connection.impl.QuestStatement.executeBooleanQuery(QuestStatement.java:148)
	at it.unibz.inf.ontop.answering.connection.impl.QuestStatement.lambda$execute$3(QuestStatement.java:227)
	at it.unibz.inf.ontop.answering.connection.impl.QuestStatement$QueryExecutionThread.run(QuestStatement.java:108)
Caused by: it.unibz.inf.ontop.exception.MinorOntopInternalBugException: Was expecting a unique and known DB term type to be extracted for the SQL variable id1m1
	at it.unibz.inf.ontop.generation.DefaultSQLIQTree2NativeNodeGenerator.lambda$extractUniqueKnownType$6(DefaultSQLIQTree2NativeNodeGenerator.java:84)
	at java.base/java.util.Optional.orElseThrow(Optional.java:403)
	at it.unibz.inf.ontop.generation.DefaultSQLIQTree2NativeNodeGenerator.extractUniqueKnownType(DefaultSQLIQTree2NativeNodeGenerator.java:84)
	at it.unibz.inf.ontop.generation.DefaultSQLIQTree2NativeNodeGenerator.lambda$extractVariableTypeMap$2(DefaultSQLIQTree2NativeNodeGenerator.java:76)
	at it.unibz.inf.ontop.utils.ImmutableCollectors.lambda$toMap$0(ImmutableCollectors.java:110)
	at java.base/java.util.stream.ReduceOps$3ReducingSink.accept(ReduceOps.java:169)
	at java.base/java.util.Spliterators$ArraySpliterator.forEachRemaining(Spliterators.java:992)
	at java.base/java.util.stream.AbstractPipeline.copyInto(AbstractPipeline.java:509)
	at java.base/java.util.stream.AbstractPipeline.wrapAndCopyInto(AbstractPipeline.java:499)
	at java.base/java.util.stream.ReduceOps$ReduceOp.evaluateSequential(ReduceOps.java:921)
	at java.base/java.util.stream.AbstractPipeline.evaluate(AbstractPipeline.java:234)
	at java.base/java.util.stream.ReferencePipeline.collect(ReferencePipeline.java:682)
	at it.unibz.inf.ontop.generation.DefaultSQLIQTree2NativeNodeGenerator.extractVariableTypeMap(DefaultSQLIQTree2NativeNodeGenerator.java:74)
	at it.unibz.inf.ontop.generation.DefaultSQLIQTree2NativeNodeGenerator.generate(DefaultSQLIQTree2NativeNodeGenerator.java:61)
	at it.unibz.inf.ontop.answering.reformulation.generation.impl.SQLGeneratorImpl.generateSourceQuery(SQLGeneratorImpl.java:156)
	at it.unibz.inf.ontop.answering.reformulation.generation.impl.SQLGeneratorImpl.generateSourceQuery(SQLGeneratorImpl.java:131)
	at it.unibz.inf.ontop.answering.reformulation.generation.impl.SQLGeneratorImpl.generateSourceQuery(SQLGeneratorImpl.java:111)
	at it.unibz.inf.ontop.answering.reformulation.impl.QuestQueryProcessor.generateExecutableQuery(QuestQueryProcessor.java:163)
	at it.unibz.inf.ontop.answering.reformulation.impl.QuestQueryProcessor.reformulateIntoNativeQuery(QuestQueryProcessor.java:123)
	... 3 common frames omitted
org.eclipse.rdf4j.query.QueryEvaluationException: it.unibz.inf.ontop.exception.OntopReformulationException: it.unibz.inf.ontop.exception.MinorOntopInternalBugException: Was expecting a unique and known DB term type to be extracted for the SQL variable id1m1
	at it.unibz.inf.ontop.rdf4j.query.impl.OntopBooleanQuery.evaluate(OntopBooleanQuery.java:40)
	at it.unibz.inf.ontop.endpoint.processor.SparqlQueryExecutor.executeQuery(SparqlQueryExecutor.java:77)
	at it.unibz.inf.ontop.endpoint.controllers.SparqlQueryController.query_get(SparqlQueryController.java:42)
	at jdk.internal.reflect.GeneratedMethodAccessor7.invoke(Unknown Source)
	at java.base/jdk.internal.reflect.DelegatingMethodAccessorImpl.invoke(DelegatingMethodAccessorImpl.java:43)
	at java.base/java.lang.reflect.Method.invoke(Method.java:569)
	at org.springframework.web.method.support.InvocableHandlerMethod.doInvoke(InvocableHandlerMethod.java:205)
	at org.springframework.web.method.support.InvocableHandlerMethod.invokeForRequest(InvocableHandlerMethod.java:150)
	at org.springframework.web.servlet.mvc.method.annotation.ServletInvocableHandlerMethod.invokeAndHandle(ServletInvocableHandlerMethod.java:117)
	at org.springframework.web.servlet.mvc.method.annotation.RequestMappingHandlerAdapter.invokeHandlerMethod(RequestMappingHandlerAdapter.java:895)
	at org.springframework.web.servlet.mvc.method.annotation.RequestMappingHandlerAdapter.handleInternal(RequestMappingHandlerAdapter.java:808)
	at org.springframework.web.servlet.mvc.method.AbstractHandlerMethodAdapter.handle(AbstractHandlerMethodAdapter.java:87)
	at org.springframework.web.servlet.DispatcherServlet.doDispatch(DispatcherServlet.java:1072)
	at org.springframework.web.servlet.DispatcherServlet.doService(DispatcherServlet.java:965)
	at org.springframework.web.servlet.FrameworkServlet.processRequest(FrameworkServlet.java:1006)
	at org.springframework.web.servlet.FrameworkServlet.doGet(FrameworkServlet.java:898)
	at javax.servlet.http.HttpServlet.service(HttpServlet.java:529)
	at org.springframework.web.servlet.FrameworkServlet.service(FrameworkServlet.java:883)
	at javax.servlet.http.HttpServlet.service(HttpServlet.java:623)
	at org.apache.catalina.core.ApplicationFilterChain.internalDoFilter(ApplicationFilterChain.java:197)
	at org.apache.catalina.core.ApplicationFilterChain.doFilter(ApplicationFilterChain.java:142)
	at org.apache.tomcat.websocket.server.WsFilter.doFilter(WsFilter.java:51)
	at org.apache.catalina.core.ApplicationFilterChain.internalDoFilter(ApplicationFilterChain.java:166)
	at org.apache.catalina.core.ApplicationFilterChain.doFilter(ApplicationFilterChain.java:142)
	at org.springframework.web.filter.RequestContextFilter.doFilterInternal(RequestContextFilter.java:100)
	at org.springframework.web.filter.OncePerRequestFilter.doFilter(OncePerRequestFilter.java:117)
	at org.apache.catalina.core.ApplicationFilterChain.internalDoFilter(ApplicationFilterChain.java:166)
	at org.apache.catalina.core.ApplicationFilterChain.doFilter(ApplicationFilterChain.java:142)
	at org.springframework.web.filter.FormContentFilter.doFilterInternal(FormContentFilter.java:93)
	at org.springframework.web.filter.OncePerRequestFilter.doFilter(OncePerRequestFilter.java:117)
	at org.apache.catalina.core.ApplicationFilterChain.internalDoFilter(ApplicationFilterChain.java:166)
	at org.apache.catalina.core.ApplicationFilterChain.doFilter(ApplicationFilterChain.java:142)
	at org.springframework.boot.actuate.metrics.web.servlet.WebMvcMetricsFilter.doFilterInternal(WebMvcMetricsFilter.java:96)
	at org.springframework.web.filter.OncePerRequestFilter.doFilter(OncePerRequestFilter.java:117)
	at org.apache.catalina.core.ApplicationFilterChain.internalDoFilter(ApplicationFilterChain.java:166)
	at org.apache.catalina.core.ApplicationFilterChain.doFilter(ApplicationFilterChain.java:142)
	at org.springframework.web.filter.CharacterEncodingFilter.doFilterInternal(CharacterEncodingFilter.java:201)
	at org.springframework.web.filter.OncePerRequestFilter.doFilter(OncePerRequestFilter.java:117)
	at org.apache.catalina.core.ApplicationFilterChain.internalDoFilter(ApplicationFilterChain.java:166)
	at org.apache.catalina.core.ApplicationFilterChain.doFilter(ApplicationFilterChain.java:142)
	at org.apache.catalina.core.StandardWrapperValve.invoke(StandardWrapperValve.java:166)
	at org.apache.catalina.core.StandardContextValve.invoke(StandardContextValve.java:88)
	at org.apache.catalina.authenticator.AuthenticatorBase.invoke(AuthenticatorBase.java:491)
	at org.apache.catalina.core.StandardHostValve.invoke(StandardHostValve.java:127)
	at org.apache.catalina.valves.ErrorReportValve.invoke(ErrorReportValve.java:83)
	at org.apache.catalina.core.StandardEngineValve.invoke(StandardEngineValve.java:72)
	at org.apache.catalina.connector.CoyoteAdapter.service(CoyoteAdapter.java:344)
	at org.apache.coyote.http11.Http11Processor.service(Http11Processor.java:398)
	at org.apache.coyote.AbstractProcessorLight.process(AbstractProcessorLight.java:63)
	at org.apache.coyote.AbstractProtocol$ConnectionHandler.process(AbstractProtocol.java:939)
	at org.apache.tomcat.util.net.NioEndpoint$SocketProcessor.doRun(NioEndpoint.java:1854)
	at org.apache.tomcat.util.net.SocketProcessorBase.run(SocketProcessorBase.java:52)
	at org.apache.tomcat.util.threads.ThreadPoolExecutor.runWorker(ThreadPoolExecutor.java:973)
	at org.apache.tomcat.util.threads.ThreadPoolExecutor$Worker.run(ThreadPoolExecutor.java:491)
	at org.apache.tomcat.util.threads.TaskThread$WrappingRunnable.run(TaskThread.java:63)
	at java.base/java.lang.Thread.run(Thread.java:840)
Caused by: it.unibz.inf.ontop.exception.OntopReformulationException: it.unibz.inf.ontop.exception.MinorOntopInternalBugException: Was expecting a unique and known DB term type to be extracted for the SQL variable id1m1
	at it.unibz.inf.ontop.answering.reformulation.impl.QuestQueryProcessor.reformulateIntoNativeQuery(QuestQueryProcessor.java:154)
	at it.unibz.inf.ontop.answering.connection.impl.QuestStatement.executeBooleanQuery(QuestStatement.java:148)
	at it.unibz.inf.ontop.answering.connection.impl.QuestStatement.lambda$execute$3(QuestStatement.java:227)
	at it.unibz.inf.ontop.answering.connection.impl.QuestStatement$QueryExecutionThread.run(QuestStatement.java:108)
Caused by: it.unibz.inf.ontop.exception.MinorOntopInternalBugException: Was expecting a unique and known DB term type to be extracted for the SQL variable id1m1
	at it.unibz.inf.ontop.generation.DefaultSQLIQTree2NativeNodeGenerator.lambda$extractUniqueKnownType$6(DefaultSQLIQTree2NativeNodeGenerator.java:84)
	at java.base/java.util.Optional.orElseThrow(Optional.java:403)
	at it.unibz.inf.ontop.generation.DefaultSQLIQTree2NativeNodeGenerator.extractUniqueKnownType(DefaultSQLIQTree2NativeNodeGenerator.java:84)
	at it.unibz.inf.ontop.generation.DefaultSQLIQTree2NativeNodeGenerator.lambda$extractVariableTypeMap$2(DefaultSQLIQTree2NativeNodeGenerator.java:76)
	at it.unibz.inf.ontop.utils.ImmutableCollectors.lambda$toMap$0(ImmutableCollectors.java:110)
	at java.base/java.util.stream.ReduceOps$3ReducingSink.accept(ReduceOps.java:169)
	at java.base/java.util.Spliterators$ArraySpliterator.forEachRemaining(Spliterators.java:992)
	at java.base/java.util.stream.AbstractPipeline.copyInto(AbstractPipeline.java:509)
	at java.base/java.util.stream.AbstractPipeline.wrapAndCopyInto(AbstractPipeline.java:499)
	at java.base/java.util.stream.ReduceOps$ReduceOp.evaluateSequential(ReduceOps.java:921)
	at java.base/java.util.stream.AbstractPipeline.evaluate(AbstractPipeline.java:234)
	at java.base/java.util.stream.ReferencePipeline.collect(ReferencePipeline.java:682)
	at it.unibz.inf.ontop.generation.DefaultSQLIQTree2NativeNodeGenerator.extractVariableTypeMap(DefaultSQLIQTree2NativeNodeGenerator.java:74)
	at it.unibz.inf.ontop.generation.DefaultSQLIQTree2NativeNodeGenerator.generate(DefaultSQLIQTree2NativeNodeGenerator.java:61)
	at it.unibz.inf.ontop.answering.reformulation.generation.impl.SQLGeneratorImpl.generateSourceQuery(SQLGeneratorImpl.java:156)
	at it.unibz.inf.ontop.answering.reformulation.generation.impl.SQLGeneratorImpl.generateSourceQuery(SQLGeneratorImpl.java:131)
	at it.unibz.inf.ontop.answering.reformulation.generation.impl.SQLGeneratorImpl.generateSourceQuery(SQLGeneratorImpl.java:111)
	at it.unibz.inf.ontop.answering.reformulation.impl.QuestQueryProcessor.generateExecutableQuery(QuestQueryProcessor.java:163)
	at it.unibz.inf.ontop.answering.reformulation.impl.QuestQueryProcessor.reformulateIntoNativeQuery(QuestQueryProcessor.java:123)
	... 3 more
12:11:24.338 |-WARN  in i.u.i.o.a.r.impl.QuestQueryProcessor - Unexpected exception: Was expecting a unique and known DB term type to be extracted for the SQL variable id1m1
it.unibz.inf.ontop.exception.MinorOntopInternalBugException: Was expecting a unique and known DB term type to be extracted for the SQL variable id1m1
	at it.unibz.inf.ontop.generation.DefaultSQLIQTree2NativeNodeGenerator.lambda$extractUniqueKnownType$6(DefaultSQLIQTree2NativeNodeGenerator.java:84)
	at java.base/java.util.Optional.orElseThrow(Optional.java:403)
	at it.unibz.inf.ontop.generation.DefaultSQLIQTree2NativeNodeGenerator.extractUniqueKnownType(DefaultSQLIQTree2NativeNodeGenerator.java:84)
	at it.unibz.inf.ontop.generation.DefaultSQLIQTree2NativeNodeGenerator.lambda$extractVariableTypeMap$2(DefaultSQLIQTree2NativeNodeGenerator.java:76)
	at it.unibz.inf.ontop.utils.ImmutableCollectors.lambda$toMap$0(ImmutableCollectors.java:110)
	at java.base/java.util.stream.ReduceOps$3ReducingSink.accept(ReduceOps.java:169)
	at java.base/java.util.Spliterators$ArraySpliterator.forEachRemaining(Spliterators.java:992)
	at java.base/java.util.stream.AbstractPipeline.copyInto(AbstractPipeline.java:509)
	at java.base/java.util.stream.AbstractPipeline.wrapAndCopyInto(AbstractPipeline.java:499)
	at java.base/java.util.stream.ReduceOps$ReduceOp.evaluateSequential(ReduceOps.java:921)
	at java.base/java.util.stream.AbstractPipeline.evaluate(AbstractPipeline.java:234)
	at java.base/java.util.stream.ReferencePipeline.collect(ReferencePipeline.java:682)
	at it.unibz.inf.ontop.generation.DefaultSQLIQTree2NativeNodeGenerator.extractVariableTypeMap(DefaultSQLIQTree2NativeNodeGenerator.java:74)
	at it.unibz.inf.ontop.generation.DefaultSQLIQTree2NativeNodeGenerator.generate(DefaultSQLIQTree2NativeNodeGenerator.java:61)
	at it.unibz.inf.ontop.answering.reformulation.generation.impl.SQLGeneratorImpl.generateSourceQuery(SQLGeneratorImpl.java:156)
	at it.unibz.inf.ontop.answering.reformulation.generation.impl.SQLGeneratorImpl.generateSourceQuery(SQLGeneratorImpl.java:131)
	at it.unibz.inf.ontop.answering.reformulation.generation.impl.SQLGeneratorImpl.generateSourceQuery(SQLGeneratorImpl.java:111)
	at it.unibz.inf.ontop.answering.reformulation.impl.QuestQueryProcessor.generateExecutableQuery(QuestQueryProcessor.java:163)
	at it.unibz.inf.ontop.answering.reformulation.impl.QuestQueryProcessor.reformulateIntoNativeQuery(QuestQueryProcessor.java:123)
	at it.unibz.inf.ontop.answering.connection.impl.QuestStatement.executeBooleanQuery(QuestStatement.java:148)
	at it.unibz.inf.ontop.answering.connection.impl.QuestStatement.lambda$execute$3(QuestStatement.java:227)
	at it.unibz.inf.ontop.answering.connection.impl.QuestStatement$QueryExecutionThread.run(QuestStatement.java:108)
12:11:24.338 |-ERROR in i.u.i.o.a.c.impl.QuestStatement - it.unibz.inf.ontop.exception.MinorOntopInternalBugException: Was expecting a unique and known DB term type to be extracted for the SQL variable id1m1
it.unibz.inf.ontop.exception.OntopReformulationException: it.unibz.inf.ontop.exception.MinorOntopInternalBugException: Was expecting a unique and known DB term type to be extracted for the SQL variable id1m1
	at it.unibz.inf.ontop.answering.reformulation.impl.QuestQueryProcessor.reformulateIntoNativeQuery(QuestQueryProcessor.java:154)
	at it.unibz.inf.ontop.answering.connection.impl.QuestStatement.executeBooleanQuery(QuestStatement.java:148)
	at it.unibz.inf.ontop.answering.connection.impl.QuestStatement.lambda$execute$3(QuestStatement.java:227)
	at it.unibz.inf.ontop.answering.connection.impl.QuestStatement$QueryExecutionThread.run(QuestStatement.java:108)
Caused by: it.unibz.inf.ontop.exception.MinorOntopInternalBugException: Was expecting a unique and known DB term type to be extracted for the SQL variable id1m1
	at it.unibz.inf.ontop.generation.DefaultSQLIQTree2NativeNodeGenerator.lambda$extractUniqueKnownType$6(DefaultSQLIQTree2NativeNodeGenerator.java:84)
	at java.base/java.util.Optional.orElseThrow(Optional.java:403)
	at it.unibz.inf.ontop.generation.DefaultSQLIQTree2NativeNodeGenerator.extractUniqueKnownType(DefaultSQLIQTree2NativeNodeGenerator.java:84)
	at it.unibz.inf.ontop.generation.DefaultSQLIQTree2NativeNodeGenerator.lambda$extractVariableTypeMap$2(DefaultSQLIQTree2NativeNodeGenerator.java:76)
	at it.unibz.inf.ontop.utils.ImmutableCollectors.lambda$toMap$0(ImmutableCollectors.java:110)
	at java.base/java.util.stream.ReduceOps$3ReducingSink.accept(ReduceOps.java:169)
	at java.base/java.util.Spliterators$ArraySpliterator.forEachRemaining(Spliterators.java:992)
	at java.base/java.util.stream.AbstractPipeline.copyInto(AbstractPipeline.java:509)
	at java.base/java.util.stream.AbstractPipeline.wrapAndCopyInto(AbstractPipeline.java:499)
	at java.base/java.util.stream.ReduceOps$ReduceOp.evaluateSequential(ReduceOps.java:921)
	at java.base/java.util.stream.AbstractPipeline.evaluate(AbstractPipeline.java:234)
	at java.base/java.util.stream.ReferencePipeline.collect(ReferencePipeline.java:682)
	at it.unibz.inf.ontop.generation.DefaultSQLIQTree2NativeNodeGenerator.extractVariableTypeMap(DefaultSQLIQTree2NativeNodeGenerator.java:74)
	at it.unibz.inf.ontop.generation.DefaultSQLIQTree2NativeNodeGenerator.generate(DefaultSQLIQTree2NativeNodeGenerator.java:61)
	at it.unibz.inf.ontop.answering.reformulation.generation.impl.SQLGeneratorImpl.generateSourceQuery(SQLGeneratorImpl.java:156)
	at it.unibz.inf.ontop.answering.reformulation.generation.impl.SQLGeneratorImpl.generateSourceQuery(SQLGeneratorImpl.java:131)
	at it.unibz.inf.ontop.answering.reformulation.generation.impl.SQLGeneratorImpl.generateSourceQuery(SQLGeneratorImpl.java:111)
	at it.unibz.inf.ontop.answering.reformulation.impl.QuestQueryProcessor.generateExecutableQuery(QuestQueryProcessor.java:163)
	at it.unibz.inf.ontop.answering.reformulation.impl.QuestQueryProcessor.reformulateIntoNativeQuery(QuestQueryProcessor.java:123)
	... 3 common frames omitted
org.eclipse.rdf4j.query.QueryEvaluationException: it.unibz.inf.ontop.exception.OntopReformulationException: it.unibz.inf.ontop.exception.MinorOntopInternalBugException: Was expecting a unique and known DB term type to be extracted for the SQL variable id1m1
	at it.unibz.inf.ontop.rdf4j.query.impl.OntopBooleanQuery.evaluate(OntopBooleanQuery.java:40)
	at it.unibz.inf.ontop.endpoint.processor.SparqlQueryExecutor.executeQuery(SparqlQueryExecutor.java:77)
	at it.unibz.inf.ontop.endpoint.controllers.SparqlQueryController.query_get(SparqlQueryController.java:42)
	at jdk.internal.reflect.GeneratedMethodAccessor7.invoke(Unknown Source)
	at java.base/jdk.internal.reflect.DelegatingMethodAccessorImpl.invoke(DelegatingMethodAccessorImpl.java:43)
	at java.base/java.lang.reflect.Method.invoke(Method.java:569)
	at org.springframework.web.method.support.InvocableHandlerMethod.doInvoke(InvocableHandlerMethod.java:205)
	at org.springframework.web.method.support.InvocableHandlerMethod.invokeForRequest(InvocableHandlerMethod.java:150)
	at org.springframework.web.servlet.mvc.method.annotation.ServletInvocableHandlerMethod.invokeAndHandle(ServletInvocableHandlerMethod.java:117)
	at org.springframework.web.servlet.mvc.method.annotation.RequestMappingHandlerAdapter.invokeHandlerMethod(RequestMappingHandlerAdapter.java:895)
	at org.springframework.web.servlet.mvc.method.annotation.RequestMappingHandlerAdapter.handleInternal(RequestMappingHandlerAdapter.java:808)
	at org.springframework.web.servlet.mvc.method.AbstractHandlerMethodAdapter.handle(AbstractHandlerMethodAdapter.java:87)
	at org.springframework.web.servlet.DispatcherServlet.doDispatch(DispatcherServlet.java:1072)
	at org.springframework.web.servlet.DispatcherServlet.doService(DispatcherServlet.java:965)
	at org.springframework.web.servlet.FrameworkServlet.processRequest(FrameworkServlet.java:1006)
	at org.springframework.web.servlet.FrameworkServlet.doGet(FrameworkServlet.java:898)
	at javax.servlet.http.HttpServlet.service(HttpServlet.java:529)
	at org.springframework.web.servlet.FrameworkServlet.service(FrameworkServlet.java:883)
	at javax.servlet.http.HttpServlet.service(HttpServlet.java:623)
	at org.apache.catalina.core.ApplicationFilterChain.internalDoFilter(ApplicationFilterChain.java:197)
	at org.apache.catalina.core.ApplicationFilterChain.doFilter(ApplicationFilterChain.java:142)
	at org.apache.tomcat.websocket.server.WsFilter.doFilter(WsFilter.java:51)
	at org.apache.catalina.core.ApplicationFilterChain.internalDoFilter(ApplicationFilterChain.java:166)
	at org.apache.catalina.core.ApplicationFilterChain.doFilter(ApplicationFilterChain.java:142)
	at org.springframework.web.filter.RequestContextFilter.doFilterInternal(RequestContextFilter.java:100)
	at org.springframework.web.filter.OncePerRequestFilter.doFilter(OncePerRequestFilter.java:117)
	at org.apache.catalina.core.ApplicationFilterChain.internalDoFilter(ApplicationFilterChain.java:166)
	at org.apache.catalina.core.ApplicationFilterChain.doFilter(ApplicationFilterChain.java:142)
	at org.springframework.web.filter.FormContentFilter.doFilterInternal(FormContentFilter.java:93)
	at org.springframework.web.filter.OncePerRequestFilter.doFilter(OncePerRequestFilter.java:117)
	at org.apache.catalina.core.ApplicationFilterChain.internalDoFilter(ApplicationFilterChain.java:166)
	at org.apache.catalina.core.ApplicationFilterChain.doFilter(ApplicationFilterChain.java:142)
	at org.springframework.boot.actuate.metrics.web.servlet.WebMvcMetricsFilter.doFilterInternal(WebMvcMetricsFilter.java:96)
	at org.springframework.web.filter.OncePerRequestFilter.doFilter(OncePerRequestFilter.java:117)
	at org.apache.catalina.core.ApplicationFilterChain.internalDoFilter(ApplicationFilterChain.java:166)
	at org.apache.catalina.core.ApplicationFilterChain.doFilter(ApplicationFilterChain.java:142)
	at org.springframework.web.filter.CharacterEncodingFilter.doFilterInternal(CharacterEncodingFilter.java:201)
	at org.springframework.web.filter.OncePerRequestFilter.doFilter(OncePerRequestFilter.java:117)
	at org.apache.catalina.core.ApplicationFilterChain.internalDoFilter(ApplicationFilterChain.java:166)
	at org.apache.catalina.core.ApplicationFilterChain.doFilter(ApplicationFilterChain.java:142)
	at org.apache.catalina.core.StandardWrapperValve.invoke(StandardWrapperValve.java:166)
	at org.apache.catalina.core.StandardContextValve.invoke(StandardContextValve.java:88)
	at org.apache.catalina.authenticator.AuthenticatorBase.invoke(AuthenticatorBase.java:491)
	at org.apache.catalina.core.StandardHostValve.invoke(StandardHostValve.java:127)
	at org.apache.catalina.valves.ErrorReportValve.invoke(ErrorReportValve.java:83)
	at org.apache.catalina.core.StandardEngineValve.invoke(StandardEngineValve.java:72)
	at org.apache.catalina.connector.CoyoteAdapter.service(CoyoteAdapter.java:344)
	at org.apache.coyote.http11.Http11Processor.service(Http11Processor.java:398)
	at org.apache.coyote.AbstractProcessorLight.process(AbstractProcessorLight.java:63)
	at org.apache.coyote.AbstractProtocol$ConnectionHandler.process(AbstractProtocol.java:939)
	at org.apache.tomcat.util.net.NioEndpoint$SocketProcessor.doRun(NioEndpoint.java:1854)
	at org.apache.tomcat.util.net.SocketProcessorBase.run(SocketProcessorBase.java:52)
	at org.apache.tomcat.util.threads.ThreadPoolExecutor.runWorker(ThreadPoolExecutor.java:973)
	at org.apache.tomcat.util.threads.ThreadPoolExecutor$Worker.run(ThreadPoolExecutor.java:491)
	at org.apache.tomcat.util.threads.TaskThread$WrappingRunnable.run(TaskThread.java:63)
	at java.base/java.lang.Thread.run(Thread.java:840)
Caused by: it.unibz.inf.ontop.exception.OntopReformulationException: it.unibz.inf.ontop.exception.MinorOntopInternalBugException: Was expecting a unique and known DB term type to be extracted for the SQL variable id1m1
	at it.unibz.inf.ontop.answering.reformulation.impl.QuestQueryProcessor.reformulateIntoNativeQuery(QuestQueryProcessor.java:154)
	at it.unibz.inf.ontop.answering.connection.impl.QuestStatement.executeBooleanQuery(QuestStatement.java:148)
	at it.unibz.inf.ontop.answering.connection.impl.QuestStatement.lambda$execute$3(QuestStatement.java:227)
	at it.unibz.inf.ontop.answering.connection.impl.QuestStatement$QueryExecutionThread.run(QuestStatement.java:108)
Caused by: it.unibz.inf.ontop.exception.MinorOntopInternalBugException: Was expecting a unique and known DB term type to be extracted for the SQL variable id1m1
	at it.unibz.inf.ontop.generation.DefaultSQLIQTree2NativeNodeGenerator.lambda$extractUniqueKnownType$6(DefaultSQLIQTree2NativeNodeGenerator.java:84)
	at java.base/java.util.Optional.orElseThrow(Optional.java:403)
	at it.unibz.inf.ontop.generation.DefaultSQLIQTree2NativeNodeGenerator.extractUniqueKnownType(DefaultSQLIQTree2NativeNodeGenerator.java:84)
	at it.unibz.inf.ontop.generation.DefaultSQLIQTree2NativeNodeGenerator.lambda$extractVariableTypeMap$2(DefaultSQLIQTree2NativeNodeGenerator.java:76)
	at it.unibz.inf.ontop.utils.ImmutableCollectors.lambda$toMap$0(ImmutableCollectors.java:110)
	at java.base/java.util.stream.ReduceOps$3ReducingSink.accept(ReduceOps.java:169)
	at java.base/java.util.Spliterators$ArraySpliterator.forEachRemaining(Spliterators.java:992)
	at java.base/java.util.stream.AbstractPipeline.copyInto(AbstractPipeline.java:509)
	at java.base/java.util.stream.AbstractPipeline.wrapAndCopyInto(AbstractPipeline.java:499)
	at java.base/java.util.stream.ReduceOps$ReduceOp.evaluateSequential(ReduceOps.java:921)
	at java.base/java.util.stream.AbstractPipeline.evaluate(AbstractPipeline.java:234)
	at java.base/java.util.stream.ReferencePipeline.collect(ReferencePipeline.java:682)
	at it.unibz.inf.ontop.generation.DefaultSQLIQTree2NativeNodeGenerator.extractVariableTypeMap(DefaultSQLIQTree2NativeNodeGenerator.java:74)
	at it.unibz.inf.ontop.generation.DefaultSQLIQTree2NativeNodeGenerator.generate(DefaultSQLIQTree2NativeNodeGenerator.java:61)
	at it.unibz.inf.ontop.answering.reformulation.generation.impl.SQLGeneratorImpl.generateSourceQuery(SQLGeneratorImpl.java:156)
	at it.unibz.inf.ontop.answering.reformulation.generation.impl.SQLGeneratorImpl.generateSourceQuery(SQLGeneratorImpl.java:131)
	at it.unibz.inf.ontop.answering.reformulation.generation.impl.SQLGeneratorImpl.generateSourceQuery(SQLGeneratorImpl.java:111)
	at it.unibz.inf.ontop.answering.reformulation.impl.QuestQueryProcessor.generateExecutableQuery(QuestQueryProcessor.java:163)
	at it.unibz.inf.ontop.answering.reformulation.impl.QuestQueryProcessor.reformulateIntoNativeQuery(QuestQueryProcessor.java:123)
	... 3 more
12:11:25.379 |-WARN  in i.u.i.o.a.r.impl.QuestQueryProcessor - Unexpected exception: Was expecting a unique and known DB term type to be extracted for the SQL variable id1m1
it.unibz.inf.ontop.exception.MinorOntopInternalBugException: Was expecting a unique and known DB term type to be extracted for the SQL variable id1m1
	at it.unibz.inf.ontop.generation.DefaultSQLIQTree2NativeNodeGenerator.lambda$extractUniqueKnownType$6(DefaultSQLIQTree2NativeNodeGenerator.java:84)
	at java.base/java.util.Optional.orElseThrow(Optional.java:403)
	at it.unibz.inf.ontop.generation.DefaultSQLIQTree2NativeNodeGenerator.extractUniqueKnownType(DefaultSQLIQTree2NativeNodeGenerator.java:84)
	at it.unibz.inf.ontop.generation.DefaultSQLIQTree2NativeNodeGenerator.lambda$extractVariableTypeMap$2(DefaultSQLIQTree2NativeNodeGenerator.java:76)
	at it.unibz.inf.ontop.utils.ImmutableCollectors.lambda$toMap$0(ImmutableCollectors.java:110)
	at java.base/java.util.stream.ReduceOps$3ReducingSink.accept(ReduceOps.java:169)
	at java.base/java.util.Spliterators$ArraySpliterator.forEachRemaining(Spliterators.java:992)
	at java.base/java.util.stream.AbstractPipeline.copyInto(AbstractPipeline.java:509)
	at java.base/java.util.stream.AbstractPipeline.wrapAndCopyInto(AbstractPipeline.java:499)
	at java.base/java.util.stream.ReduceOps$ReduceOp.evaluateSequential(ReduceOps.java:921)
	at java.base/java.util.stream.AbstractPipeline.evaluate(AbstractPipeline.java:234)
	at java.base/java.util.stream.ReferencePipeline.collect(ReferencePipeline.java:682)
	at it.unibz.inf.ontop.generation.DefaultSQLIQTree2NativeNodeGenerator.extractVariableTypeMap(DefaultSQLIQTree2NativeNodeGenerator.java:74)
	at it.unibz.inf.ontop.generation.DefaultSQLIQTree2NativeNodeGenerator.generate(DefaultSQLIQTree2NativeNodeGenerator.java:61)
	at it.unibz.inf.ontop.answering.reformulation.generation.impl.SQLGeneratorImpl.generateSourceQuery(SQLGeneratorImpl.java:156)
	at it.unibz.inf.ontop.answering.reformulation.generation.impl.SQLGeneratorImpl.generateSourceQuery(SQLGeneratorImpl.java:131)
	at it.unibz.inf.ontop.answering.reformulation.generation.impl.SQLGeneratorImpl.generateSourceQuery(SQLGeneratorImpl.java:111)
	at it.unibz.inf.ontop.answering.reformulation.impl.QuestQueryProcessor.generateExecutableQuery(QuestQueryProcessor.java:163)
	at it.unibz.inf.ontop.answering.reformulation.impl.QuestQueryProcessor.reformulateIntoNativeQuery(QuestQueryProcessor.java:123)
	at it.unibz.inf.ontop.answering.connection.impl.QuestStatement.executeBooleanQuery(QuestStatement.java:148)
	at it.unibz.inf.ontop.answering.connection.impl.QuestStatement.lambda$execute$3(QuestStatement.java:227)
	at it.unibz.inf.ontop.answering.connection.impl.QuestStatement$QueryExecutionThread.run(QuestStatement.java:108)
12:11:25.379 |-ERROR in i.u.i.o.a.c.impl.QuestStatement - it.unibz.inf.ontop.exception.MinorOntopInternalBugException: Was expecting a unique and known DB term type to be extracted for the SQL variable id1m1
it.unibz.inf.ontop.exception.OntopReformulationException: it.unibz.inf.ontop.exception.MinorOntopInternalBugException: Was expecting a unique and known DB term type to be extracted for the SQL variable id1m1
	at it.unibz.inf.ontop.answering.reformulation.impl.QuestQueryProcessor.reformulateIntoNativeQuery(QuestQueryProcessor.java:154)
	at it.unibz.inf.ontop.answering.connection.impl.QuestStatement.executeBooleanQuery(QuestStatement.java:148)
	at it.unibz.inf.ontop.answering.connection.impl.QuestStatement.lambda$execute$3(QuestStatement.java:227)
	at it.unibz.inf.ontop.answering.connection.impl.QuestStatement$QueryExecutionThread.run(QuestStatement.java:108)
Caused by: it.unibz.inf.ontop.exception.MinorOntopInternalBugException: Was expecting a unique and known DB term type to be extracted for the SQL variable id1m1
	at it.unibz.inf.ontop.generation.DefaultSQLIQTree2NativeNodeGenerator.lambda$extractUniqueKnownType$6(DefaultSQLIQTree2NativeNodeGenerator.java:84)
	at java.base/java.util.Optional.orElseThrow(Optional.java:403)
	at it.unibz.inf.ontop.generation.DefaultSQLIQTree2NativeNodeGenerator.extractUniqueKnownType(DefaultSQLIQTree2NativeNodeGenerator.java:84)
	at it.unibz.inf.ontop.generation.DefaultSQLIQTree2NativeNodeGenerator.lambda$extractVariableTypeMap$2(DefaultSQLIQTree2NativeNodeGenerator.java:76)
	at it.unibz.inf.ontop.utils.ImmutableCollectors.lambda$toMap$0(ImmutableCollectors.java:110)
	at java.base/java.util.stream.ReduceOps$3ReducingSink.accept(ReduceOps.java:169)
	at java.base/java.util.Spliterators$ArraySpliterator.forEachRemaining(Spliterators.java:992)
	at java.base/java.util.stream.AbstractPipeline.copyInto(AbstractPipeline.java:509)
	at java.base/java.util.stream.AbstractPipeline.wrapAndCopyInto(AbstractPipeline.java:499)
	at java.base/java.util.stream.ReduceOps$ReduceOp.evaluateSequential(ReduceOps.java:921)
	at java.base/java.util.stream.AbstractPipeline.evaluate(AbstractPipeline.java:234)
	at java.base/java.util.stream.ReferencePipeline.collect(ReferencePipeline.java:682)
	at it.unibz.inf.ontop.generation.DefaultSQLIQTree2NativeNodeGenerator.extractVariableTypeMap(DefaultSQLIQTree2NativeNodeGenerator.java:74)
	at it.unibz.inf.ontop.generation.DefaultSQLIQTree2NativeNodeGenerator.generate(DefaultSQLIQTree2NativeNodeGenerator.java:61)
	at it.unibz.inf.ontop.answering.reformulation.generation.impl.SQLGeneratorImpl.generateSourceQuery(SQLGeneratorImpl.java:156)
	at it.unibz.inf.ontop.answering.reformulation.generation.impl.SQLGeneratorImpl.generateSourceQuery(SQLGeneratorImpl.java:131)
	at it.unibz.inf.ontop.answering.reformulation.generation.impl.SQLGeneratorImpl.generateSourceQuery(SQLGeneratorImpl.java:111)
	at it.unibz.inf.ontop.answering.reformulation.impl.QuestQueryProcessor.generateExecutableQuery(QuestQueryProcessor.java:163)
	at it.unibz.inf.ontop.answering.reformulation.impl.QuestQueryProcessor.reformulateIntoNativeQuery(QuestQueryProcessor.java:123)
	... 3 common frames omitted
org.eclipse.rdf4j.query.QueryEvaluationException: it.unibz.inf.ontop.exception.OntopReformulationException: it.unibz.inf.ontop.exception.MinorOntopInternalBugException: Was expecting a unique and known DB term type to be extracted for the SQL variable id1m1
	at it.unibz.inf.ontop.rdf4j.query.impl.OntopBooleanQuery.evaluate(OntopBooleanQuery.java:40)
	at it.unibz.inf.ontop.endpoint.processor.SparqlQueryExecutor.executeQuery(SparqlQueryExecutor.java:77)
	at it.unibz.inf.ontop.endpoint.controllers.SparqlQueryController.query_get(SparqlQueryController.java:42)
	at jdk.internal.reflect.GeneratedMethodAccessor7.invoke(Unknown Source)
	at java.base/jdk.internal.reflect.DelegatingMethodAccessorImpl.invoke(DelegatingMethodAccessorImpl.java:43)
	at java.base/java.lang.reflect.Method.invoke(Method.java:569)
	at org.springframework.web.method.support.InvocableHandlerMethod.doInvoke(InvocableHandlerMethod.java:205)
	at org.springframework.web.method.support.InvocableHandlerMethod.invokeForRequest(InvocableHandlerMethod.java:150)
	at org.springframework.web.servlet.mvc.method.annotation.ServletInvocableHandlerMethod.invokeAndHandle(ServletInvocableHandlerMethod.java:117)
	at org.springframework.web.servlet.mvc.method.annotation.RequestMappingHandlerAdapter.invokeHandlerMethod(RequestMappingHandlerAdapter.java:895)
	at org.springframework.web.servlet.mvc.method.annotation.RequestMappingHandlerAdapter.handleInternal(RequestMappingHandlerAdapter.java:808)
	at org.springframework.web.servlet.mvc.method.AbstractHandlerMethodAdapter.handle(AbstractHandlerMethodAdapter.java:87)
	at org.springframework.web.servlet.DispatcherServlet.doDispatch(DispatcherServlet.java:1072)
	at org.springframework.web.servlet.DispatcherServlet.doService(DispatcherServlet.java:965)
	at org.springframework.web.servlet.FrameworkServlet.processRequest(FrameworkServlet.java:1006)
	at org.springframework.web.servlet.FrameworkServlet.doGet(FrameworkServlet.java:898)
	at javax.servlet.http.HttpServlet.service(HttpServlet.java:529)
	at org.springframework.web.servlet.FrameworkServlet.service(FrameworkServlet.java:883)
	at javax.servlet.http.HttpServlet.service(HttpServlet.java:623)
	at org.apache.catalina.core.ApplicationFilterChain.internalDoFilter(ApplicationFilterChain.java:197)
	at org.apache.catalina.core.ApplicationFilterChain.doFilter(ApplicationFilterChain.java:142)
	at org.apache.tomcat.websocket.server.WsFilter.doFilter(WsFilter.java:51)
	at org.apache.catalina.core.ApplicationFilterChain.internalDoFilter(ApplicationFilterChain.java:166)
	at org.apache.catalina.core.ApplicationFilterChain.doFilter(ApplicationFilterChain.java:142)
	at org.springframework.web.filter.RequestContextFilter.doFilterInternal(RequestContextFilter.java:100)
	at org.springframework.web.filter.OncePerRequestFilter.doFilter(OncePerRequestFilter.java:117)
	at org.apache.catalina.core.ApplicationFilterChain.internalDoFilter(ApplicationFilterChain.java:166)
	at org.apache.catalina.core.ApplicationFilterChain.doFilter(ApplicationFilterChain.java:142)
	at org.springframework.web.filter.FormContentFilter.doFilterInternal(FormContentFilter.java:93)
	at org.springframework.web.filter.OncePerRequestFilter.doFilter(OncePerRequestFilter.java:117)
	at org.apache.catalina.core.ApplicationFilterChain.internalDoFilter(ApplicationFilterChain.java:166)
	at org.apache.catalina.core.ApplicationFilterChain.doFilter(ApplicationFilterChain.java:142)
	at org.springframework.boot.actuate.metrics.web.servlet.WebMvcMetricsFilter.doFilterInternal(WebMvcMetricsFilter.java:96)
	at org.springframework.web.filter.OncePerRequestFilter.doFilter(OncePerRequestFilter.java:117)
	at org.apache.catalina.core.ApplicationFilterChain.internalDoFilter(ApplicationFilterChain.java:166)
	at org.apache.catalina.core.ApplicationFilterChain.doFilter(ApplicationFilterChain.java:142)
	at org.springframework.web.filter.CharacterEncodingFilter.doFilterInternal(CharacterEncodingFilter.java:201)
	at org.springframework.web.filter.OncePerRequestFilter.doFilter(OncePerRequestFilter.java:117)
	at org.apache.catalina.core.ApplicationFilterChain.internalDoFilter(ApplicationFilterChain.java:166)
	at org.apache.catalina.core.ApplicationFilterChain.doFilter(ApplicationFilterChain.java:142)
	at org.apache.catalina.core.StandardWrapperValve.invoke(StandardWrapperValve.java:166)
	at org.apache.catalina.core.StandardContextValve.invoke(StandardContextValve.java:88)
	at org.apache.catalina.authenticator.AuthenticatorBase.invoke(AuthenticatorBase.java:491)
	at org.apache.catalina.core.StandardHostValve.invoke(StandardHostValve.java:127)
	at org.apache.catalina.valves.ErrorReportValve.invoke(ErrorReportValve.java:83)
	at org.apache.catalina.core.StandardEngineValve.invoke(StandardEngineValve.java:72)
	at org.apache.catalina.connector.CoyoteAdapter.service(CoyoteAdapter.java:344)
	at org.apache.coyote.http11.Http11Processor.service(Http11Processor.java:398)
	at org.apache.coyote.AbstractProcessorLight.process(AbstractProcessorLight.java:63)
	at org.apache.coyote.AbstractProtocol$ConnectionHandler.process(AbstractProtocol.java:939)
	at org.apache.tomcat.util.net.NioEndpoint$SocketProcessor.doRun(NioEndpoint.java:1854)
	at org.apache.tomcat.util.net.SocketProcessorBase.run(SocketProcessorBase.java:52)
	at org.apache.tomcat.util.threads.ThreadPoolExecutor.runWorker(ThreadPoolExecutor.java:973)
	at org.apache.tomcat.util.threads.ThreadPoolExecutor$Worker.run(ThreadPoolExecutor.java:491)
	at org.apache.tomcat.util.threads.TaskThread$WrappingRunnable.run(TaskThread.java:63)
	at java.base/java.lang.Thread.run(Thread.java:840)
Caused by: it.unibz.inf.ontop.exception.OntopReformulationException: it.unibz.inf.ontop.exception.MinorOntopInternalBugException: Was expecting a unique and known DB term type to be extracted for the SQL variable id1m1
	at it.unibz.inf.ontop.answering.reformulation.impl.QuestQueryProcessor.reformulateIntoNativeQuery(QuestQueryProcessor.java:154)
	at it.unibz.inf.ontop.answering.connection.impl.QuestStatement.executeBooleanQuery(QuestStatement.java:148)
	at it.unibz.inf.ontop.answering.connection.impl.QuestStatement.lambda$execute$3(QuestStatement.java:227)
	at it.unibz.inf.ontop.answering.connection.impl.QuestStatement$QueryExecutionThread.run(QuestStatement.java:108)
Caused by: it.unibz.inf.ontop.exception.MinorOntopInternalBugException: Was expecting a unique and known DB term type to be extracted for the SQL variable id1m1
	at it.unibz.inf.ontop.generation.DefaultSQLIQTree2NativeNodeGenerator.lambda$extractUniqueKnownType$6(DefaultSQLIQTree2NativeNodeGenerator.java:84)
	at java.base/java.util.Optional.orElseThrow(Optional.java:403)
	at it.unibz.inf.ontop.generation.DefaultSQLIQTree2NativeNodeGenerator.extractUniqueKnownType(DefaultSQLIQTree2NativeNodeGenerator.java:84)
	at it.unibz.inf.ontop.generation.DefaultSQLIQTree2NativeNodeGenerator.lambda$extractVariableTypeMap$2(DefaultSQLIQTree2NativeNodeGenerator.java:76)
	at it.unibz.inf.ontop.utils.ImmutableCollectors.lambda$toMap$0(ImmutableCollectors.java:110)
	at java.base/java.util.stream.ReduceOps$3ReducingSink.accept(ReduceOps.java:169)
	at java.base/java.util.Spliterators$ArraySpliterator.forEachRemaining(Spliterators.java:992)
	at java.base/java.util.stream.AbstractPipeline.copyInto(AbstractPipeline.java:509)
	at java.base/java.util.stream.AbstractPipeline.wrapAndCopyInto(AbstractPipeline.java:499)
	at java.base/java.util.stream.ReduceOps$ReduceOp.evaluateSequential(ReduceOps.java:921)
	at java.base/java.util.stream.AbstractPipeline.evaluate(AbstractPipeline.java:234)
	at java.base/java.util.stream.ReferencePipeline.collect(ReferencePipeline.java:682)
	at it.unibz.inf.ontop.generation.DefaultSQLIQTree2NativeNodeGenerator.extractVariableTypeMap(DefaultSQLIQTree2NativeNodeGenerator.java:74)
	at it.unibz.inf.ontop.generation.DefaultSQLIQTree2NativeNodeGenerator.generate(DefaultSQLIQTree2NativeNodeGenerator.java:61)
	at it.unibz.inf.ontop.answering.reformulation.generation.impl.SQLGeneratorImpl.generateSourceQuery(SQLGeneratorImpl.java:156)
	at it.unibz.inf.ontop.answering.reformulation.generation.impl.SQLGeneratorImpl.generateSourceQuery(SQLGeneratorImpl.java:131)
	at it.unibz.inf.ontop.answering.reformulation.generation.impl.SQLGeneratorImpl.generateSourceQuery(SQLGeneratorImpl.java:111)
	at it.unibz.inf.ontop.answering.reformulation.impl.QuestQueryProcessor.generateExecutableQuery(QuestQueryProcessor.java:163)
	at it.unibz.inf.ontop.answering.reformulation.impl.QuestQueryProcessor.reformulateIntoNativeQuery(QuestQueryProcessor.java:123)
	... 3 more
12:11:26.426 |-WARN  in i.u.i.o.a.r.impl.QuestQueryProcessor - Unexpected exception: Was expecting a unique and known DB term type to be extracted for the SQL variable id1m1
it.unibz.inf.ontop.exception.MinorOntopInternalBugException: Was expecting a unique and known DB term type to be extracted for the SQL variable id1m1
	at it.unibz.inf.ontop.generation.DefaultSQLIQTree2NativeNodeGenerator.lambda$extractUniqueKnownType$6(DefaultSQLIQTree2NativeNodeGenerator.java:84)
	at java.base/java.util.Optional.orElseThrow(Optional.java:403)
	at it.unibz.inf.ontop.generation.DefaultSQLIQTree2NativeNodeGenerator.extractUniqueKnownType(DefaultSQLIQTree2NativeNodeGenerator.java:84)
	at it.unibz.inf.ontop.generation.DefaultSQLIQTree2NativeNodeGenerator.lambda$extractVariableTypeMap$2(DefaultSQLIQTree2NativeNodeGenerator.java:76)
	at it.unibz.inf.ontop.utils.ImmutableCollectors.lambda$toMap$0(ImmutableCollectors.java:110)
	at java.base/java.util.stream.ReduceOps$3ReducingSink.accept(ReduceOps.java:169)
	at java.base/java.util.Spliterators$ArraySpliterator.forEachRemaining(Spliterators.java:992)
	at java.base/java.util.stream.AbstractPipeline.copyInto(AbstractPipeline.java:509)
	at java.base/java.util.stream.AbstractPipeline.wrapAndCopyInto(AbstractPipeline.java:499)
	at java.base/java.util.stream.ReduceOps$ReduceOp.evaluateSequential(ReduceOps.java:921)
	at java.base/java.util.stream.AbstractPipeline.evaluate(AbstractPipeline.java:234)
	at java.base/java.util.stream.ReferencePipeline.collect(ReferencePipeline.java:682)
	at it.unibz.inf.ontop.generation.DefaultSQLIQTree2NativeNodeGenerator.extractVariableTypeMap(DefaultSQLIQTree2NativeNodeGenerator.java:74)
	at it.unibz.inf.ontop.generation.DefaultSQLIQTree2NativeNodeGenerator.generate(DefaultSQLIQTree2NativeNodeGenerator.java:61)
	at it.unibz.inf.ontop.answering.reformulation.generation.impl.SQLGeneratorImpl.generateSourceQuery(SQLGeneratorImpl.java:156)
	at it.unibz.inf.ontop.answering.reformulation.generation.impl.SQLGeneratorImpl.generateSourceQuery(SQLGeneratorImpl.java:131)
	at it.unibz.inf.ontop.answering.reformulation.generation.impl.SQLGeneratorImpl.generateSourceQuery(SQLGeneratorImpl.java:111)
	at it.unibz.inf.ontop.answering.reformulation.impl.QuestQueryProcessor.generateExecutableQuery(QuestQueryProcessor.java:163)
	at it.unibz.inf.ontop.answering.reformulation.impl.QuestQueryProcessor.reformulateIntoNativeQuery(QuestQueryProcessor.java:123)
	at it.unibz.inf.ontop.answering.connection.impl.QuestStatement.executeBooleanQuery(QuestStatement.java:148)
	at it.unibz.inf.ontop.answering.connection.impl.QuestStatement.lambda$execute$3(QuestStatement.java:227)
	at it.unibz.inf.ontop.answering.connection.impl.QuestStatement$QueryExecutionThread.run(QuestStatement.java:108)
12:11:26.426 |-ERROR in i.u.i.o.a.c.impl.QuestStatement - it.unibz.inf.ontop.exception.MinorOntopInternalBugException: Was expecting a unique and known DB term type to be extracted for the SQL variable id1m1
it.unibz.inf.ontop.exception.OntopReformulationException: it.unibz.inf.ontop.exception.MinorOntopInternalBugException: Was expecting a unique and known DB term type to be extracted for the SQL variable id1m1
	at it.unibz.inf.ontop.answering.reformulation.impl.QuestQueryProcessor.reformulateIntoNativeQuery(QuestQueryProcessor.java:154)
	at it.unibz.inf.ontop.answering.connection.impl.QuestStatement.executeBooleanQuery(QuestStatement.java:148)
	at it.unibz.inf.ontop.answering.connection.impl.QuestStatement.lambda$execute$3(QuestStatement.java:227)
	at it.unibz.inf.ontop.answering.connection.impl.QuestStatement$QueryExecutionThread.run(QuestStatement.java:108)
Caused by: it.unibz.inf.ontop.exception.MinorOntopInternalBugException: Was expecting a unique and known DB term type to be extracted for the SQL variable id1m1
	at it.unibz.inf.ontop.generation.DefaultSQLIQTree2NativeNodeGenerator.lambda$extractUniqueKnownType$6(DefaultSQLIQTree2NativeNodeGenerator.java:84)
	at java.base/java.util.Optional.orElseThrow(Optional.java:403)
	at it.unibz.inf.ontop.generation.DefaultSQLIQTree2NativeNodeGenerator.extractUniqueKnownType(DefaultSQLIQTree2NativeNodeGenerator.java:84)
	at it.unibz.inf.ontop.generation.DefaultSQLIQTree2NativeNodeGenerator.lambda$extractVariableTypeMap$2(DefaultSQLIQTree2NativeNodeGenerator.java:76)
	at it.unibz.inf.ontop.utils.ImmutableCollectors.lambda$toMap$0(ImmutableCollectors.java:110)
	at java.base/java.util.stream.ReduceOps$3ReducingSink.accept(ReduceOps.java:169)
	at java.base/java.util.Spliterators$ArraySpliterator.forEachRemaining(Spliterators.java:992)
	at java.base/java.util.stream.AbstractPipeline.copyInto(AbstractPipeline.java:509)
	at java.base/java.util.stream.AbstractPipeline.wrapAndCopyInto(AbstractPipeline.java:499)
	at java.base/java.util.stream.ReduceOps$ReduceOp.evaluateSequential(ReduceOps.java:921)
	at java.base/java.util.stream.AbstractPipeline.evaluate(AbstractPipeline.java:234)
	at java.base/java.util.stream.ReferencePipeline.collect(ReferencePipeline.java:682)
	at it.unibz.inf.ontop.generation.DefaultSQLIQTree2NativeNodeGenerator.extractVariableTypeMap(DefaultSQLIQTree2NativeNodeGenerator.java:74)
	at it.unibz.inf.ontop.generation.DefaultSQLIQTree2NativeNodeGenerator.generate(DefaultSQLIQTree2NativeNodeGenerator.java:61)
	at it.unibz.inf.ontop.answering.reformulation.generation.impl.SQLGeneratorImpl.generateSourceQuery(SQLGeneratorImpl.java:156)
	at it.unibz.inf.ontop.answering.reformulation.generation.impl.SQLGeneratorImpl.generateSourceQuery(SQLGeneratorImpl.java:131)
	at it.unibz.inf.ontop.answering.reformulation.generation.impl.SQLGeneratorImpl.generateSourceQuery(SQLGeneratorImpl.java:111)
	at it.unibz.inf.ontop.answering.reformulation.impl.QuestQueryProcessor.generateExecutableQuery(QuestQueryProcessor.java:163)
	at it.unibz.inf.ontop.answering.reformulation.impl.QuestQueryProcessor.reformulateIntoNativeQuery(QuestQueryProcessor.java:123)
	... 3 common frames omitted
org.eclipse.rdf4j.query.QueryEvaluationException: it.unibz.inf.ontop.exception.OntopReformulationException: it.unibz.inf.ontop.exception.MinorOntopInternalBugException: Was expecting a unique and known DB term type to be extracted for the SQL variable id1m1
	at it.unibz.inf.ontop.rdf4j.query.impl.OntopBooleanQuery.evaluate(OntopBooleanQuery.java:40)
	at it.unibz.inf.ontop.endpoint.processor.SparqlQueryExecutor.executeQuery(SparqlQueryExecutor.java:77)
	at it.unibz.inf.ontop.endpoint.controllers.SparqlQueryController.query_get(SparqlQueryController.java:42)
	at jdk.internal.reflect.GeneratedMethodAccessor7.invoke(Unknown Source)
	at java.base/jdk.internal.reflect.DelegatingMethodAccessorImpl.invoke(DelegatingMethodAccessorImpl.java:43)
	at java.base/java.lang.reflect.Method.invoke(Method.java:569)
	at org.springframework.web.method.support.InvocableHandlerMethod.doInvoke(InvocableHandlerMethod.java:205)
	at org.springframework.web.method.support.InvocableHandlerMethod.invokeForRequest(InvocableHandlerMethod.java:150)
	at org.springframework.web.servlet.mvc.method.annotation.ServletInvocableHandlerMethod.invokeAndHandle(ServletInvocableHandlerMethod.java:117)
	at org.springframework.web.servlet.mvc.method.annotation.RequestMappingHandlerAdapter.invokeHandlerMethod(RequestMappingHandlerAdapter.java:895)
	at org.springframework.web.servlet.mvc.method.annotation.RequestMappingHandlerAdapter.handleInternal(RequestMappingHandlerAdapter.java:808)
	at org.springframework.web.servlet.mvc.method.AbstractHandlerMethodAdapter.handle(AbstractHandlerMethodAdapter.java:87)
	at org.springframework.web.servlet.DispatcherServlet.doDispatch(DispatcherServlet.java:1072)
	at org.springframework.web.servlet.DispatcherServlet.doService(DispatcherServlet.java:965)
	at org.springframework.web.servlet.FrameworkServlet.processRequest(FrameworkServlet.java:1006)
	at org.springframework.web.servlet.FrameworkServlet.doGet(FrameworkServlet.java:898)
	at javax.servlet.http.HttpServlet.service(HttpServlet.java:529)
	at org.springframework.web.servlet.FrameworkServlet.service(FrameworkServlet.java:883)
	at javax.servlet.http.HttpServlet.service(HttpServlet.java:623)
	at org.apache.catalina.core.ApplicationFilterChain.internalDoFilter(ApplicationFilterChain.java:197)
	at org.apache.catalina.core.ApplicationFilterChain.doFilter(ApplicationFilterChain.java:142)
	at org.apache.tomcat.websocket.server.WsFilter.doFilter(WsFilter.java:51)
	at org.apache.catalina.core.ApplicationFilterChain.internalDoFilter(ApplicationFilterChain.java:166)
	at org.apache.catalina.core.ApplicationFilterChain.doFilter(ApplicationFilterChain.java:142)
	at org.springframework.web.filter.RequestContextFilter.doFilterInternal(RequestContextFilter.java:100)
	at org.springframework.web.filter.OncePerRequestFilter.doFilter(OncePerRequestFilter.java:117)
	at org.apache.catalina.core.ApplicationFilterChain.internalDoFilter(ApplicationFilterChain.java:166)
	at org.apache.catalina.core.ApplicationFilterChain.doFilter(ApplicationFilterChain.java:142)
	at org.springframework.web.filter.FormContentFilter.doFilterInternal(FormContentFilter.java:93)
	at org.springframework.web.filter.OncePerRequestFilter.doFilter(OncePerRequestFilter.java:117)
	at org.apache.catalina.core.ApplicationFilterChain.internalDoFilter(ApplicationFilterChain.java:166)
	at org.apache.catalina.core.ApplicationFilterChain.doFilter(ApplicationFilterChain.java:142)
	at org.springframework.boot.actuate.metrics.web.servlet.WebMvcMetricsFilter.doFilterInternal(WebMvcMetricsFilter.java:96)
	at org.springframework.web.filter.OncePerRequestFilter.doFilter(OncePerRequestFilter.java:117)
	at org.apache.catalina.core.ApplicationFilterChain.internalDoFilter(ApplicationFilterChain.java:166)
	at org.apache.catalina.core.ApplicationFilterChain.doFilter(ApplicationFilterChain.java:142)
	at org.springframework.web.filter.CharacterEncodingFilter.doFilterInternal(CharacterEncodingFilter.java:201)
	at org.springframework.web.filter.OncePerRequestFilter.doFilter(OncePerRequestFilter.java:117)
	at org.apache.catalina.core.ApplicationFilterChain.internalDoFilter(ApplicationFilterChain.java:166)
	at org.apache.catalina.core.ApplicationFilterChain.doFilter(ApplicationFilterChain.java:142)
	at org.apache.catalina.core.StandardWrapperValve.invoke(StandardWrapperValve.java:166)
	at org.apache.catalina.core.StandardContextValve.invoke(StandardContextValve.java:88)
	at org.apache.catalina.authenticator.AuthenticatorBase.invoke(AuthenticatorBase.java:491)
	at org.apache.catalina.core.StandardHostValve.invoke(StandardHostValve.java:127)
	at org.apache.catalina.valves.ErrorReportValve.invoke(ErrorReportValve.java:83)
	at org.apache.catalina.core.StandardEngineValve.invoke(StandardEngineValve.java:72)
	at org.apache.catalina.connector.CoyoteAdapter.service(CoyoteAdapter.java:344)
	at org.apache.coyote.http11.Http11Processor.service(Http11Processor.java:398)
	at org.apache.coyote.AbstractProcessorLight.process(AbstractProcessorLight.java:63)
	at org.apache.coyote.AbstractProtocol$ConnectionHandler.process(AbstractProtocol.java:939)
	at org.apache.tomcat.util.net.NioEndpoint$SocketProcessor.doRun(NioEndpoint.java:1854)
	at org.apache.tomcat.util.net.SocketProcessorBase.run(SocketProcessorBase.java:52)
	at org.apache.tomcat.util.threads.ThreadPoolExecutor.runWorker(ThreadPoolExecutor.java:973)
	at org.apache.tomcat.util.threads.ThreadPoolExecutor$Worker.run(ThreadPoolExecutor.java:491)
	at org.apache.tomcat.util.threads.TaskThread$WrappingRunnable.run(TaskThread.java:63)
	at java.base/java.lang.Thread.run(Thread.java:840)
Caused by: it.unibz.inf.ontop.exception.OntopReformulationException: it.unibz.inf.ontop.exception.MinorOntopInternalBugException: Was expecting a unique and known DB term type to be extracted for the SQL variable id1m1
	at it.unibz.inf.ontop.answering.reformulation.impl.QuestQueryProcessor.reformulateIntoNativeQuery(QuestQueryProcessor.java:154)
	at it.unibz.inf.ontop.answering.connection.impl.QuestStatement.executeBooleanQuery(QuestStatement.java:148)
	at it.unibz.inf.ontop.answering.connection.impl.QuestStatement.lambda$execute$3(QuestStatement.java:227)
	at it.unibz.inf.ontop.answering.connection.impl.QuestStatement$QueryExecutionThread.run(QuestStatement.java:108)
Caused by: it.unibz.inf.ontop.exception.MinorOntopInternalBugException: Was expecting a unique and known DB term type to be extracted for the SQL variable id1m1
	at it.unibz.inf.ontop.generation.DefaultSQLIQTree2NativeNodeGenerator.lambda$extractUniqueKnownType$6(DefaultSQLIQTree2NativeNodeGenerator.java:84)
	at java.base/java.util.Optional.orElseThrow(Optional.java:403)
	at it.unibz.inf.ontop.generation.DefaultSQLIQTree2NativeNodeGenerator.extractUniqueKnownType(DefaultSQLIQTree2NativeNodeGenerator.java:84)
	at it.unibz.inf.ontop.generation.DefaultSQLIQTree2NativeNodeGenerator.lambda$extractVariableTypeMap$2(DefaultSQLIQTree2NativeNodeGenerator.java:76)
	at it.unibz.inf.ontop.utils.ImmutableCollectors.lambda$toMap$0(ImmutableCollectors.java:110)
	at java.base/java.util.stream.ReduceOps$3ReducingSink.accept(ReduceOps.java:169)
	at java.base/java.util.Spliterators$ArraySpliterator.forEachRemaining(Spliterators.java:992)
	at java.base/java.util.stream.AbstractPipeline.copyInto(AbstractPipeline.java:509)
	at java.base/java.util.stream.AbstractPipeline.wrapAndCopyInto(AbstractPipeline.java:499)
	at java.base/java.util.stream.ReduceOps$ReduceOp.evaluateSequential(ReduceOps.java:921)
	at java.base/java.util.stream.AbstractPipeline.evaluate(AbstractPipeline.java:234)
	at java.base/java.util.stream.ReferencePipeline.collect(ReferencePipeline.java:682)
	at it.unibz.inf.ontop.generation.DefaultSQLIQTree2NativeNodeGenerator.extractVariableTypeMap(DefaultSQLIQTree2NativeNodeGenerator.java:74)
	at it.unibz.inf.ontop.generation.DefaultSQLIQTree2NativeNodeGenerator.generate(DefaultSQLIQTree2NativeNodeGenerator.java:61)
	at it.unibz.inf.ontop.answering.reformulation.generation.impl.SQLGeneratorImpl.generateSourceQuery(SQLGeneratorImpl.java:156)
	at it.unibz.inf.ontop.answering.reformulation.generation.impl.SQLGeneratorImpl.generateSourceQuery(SQLGeneratorImpl.java:131)
	at it.unibz.inf.ontop.answering.reformulation.generation.impl.SQLGeneratorImpl.generateSourceQuery(SQLGeneratorImpl.java:111)
	at it.unibz.inf.ontop.answering.reformulation.impl.QuestQueryProcessor.generateExecutableQuery(QuestQueryProcessor.java:163)
	at it.unibz.inf.ontop.answering.reformulation.impl.QuestQueryProcessor.reformulateIntoNativeQuery(QuestQueryProcessor.java:123)
	... 3 more
12:11:27.458 |-WARN  in i.u.i.o.a.r.impl.QuestQueryProcessor - Unexpected exception: Was expecting a unique and known DB term type to be extracted for the SQL variable id1m1
it.unibz.inf.ontop.exception.MinorOntopInternalBugException: Was expecting a unique and known DB term type to be extracted for the SQL variable id1m1
	at it.unibz.inf.ontop.generation.DefaultSQLIQTree2NativeNodeGenerator.lambda$extractUniqueKnownType$6(DefaultSQLIQTree2NativeNodeGenerator.java:84)
	at java.base/java.util.Optional.orElseThrow(Optional.java:403)
	at it.unibz.inf.ontop.generation.DefaultSQLIQTree2NativeNodeGenerator.extractUniqueKnownType(DefaultSQLIQTree2NativeNodeGenerator.java:84)
	at it.unibz.inf.ontop.generation.DefaultSQLIQTree2NativeNodeGenerator.lambda$extractVariableTypeMap$2(DefaultSQLIQTree2NativeNodeGenerator.java:76)
	at it.unibz.inf.ontop.utils.ImmutableCollectors.lambda$toMap$0(ImmutableCollectors.java:110)
	at java.base/java.util.stream.ReduceOps$3ReducingSink.accept(ReduceOps.java:169)
	at java.base/java.util.Spliterators$ArraySpliterator.forEachRemaining(Spliterators.java:992)
	at java.base/java.util.stream.AbstractPipeline.copyInto(AbstractPipeline.java:509)
	at java.base/java.util.stream.AbstractPipeline.wrapAndCopyInto(AbstractPipeline.java:499)
	at java.base/java.util.stream.ReduceOps$ReduceOp.evaluateSequential(ReduceOps.java:921)
	at java.base/java.util.stream.AbstractPipeline.evaluate(AbstractPipeline.java:234)
	at java.base/java.util.stream.ReferencePipeline.collect(ReferencePipeline.java:682)
	at it.unibz.inf.ontop.generation.DefaultSQLIQTree2NativeNodeGenerator.extractVariableTypeMap(DefaultSQLIQTree2NativeNodeGenerator.java:74)
	at it.unibz.inf.ontop.generation.DefaultSQLIQTree2NativeNodeGenerator.generate(DefaultSQLIQTree2NativeNodeGenerator.java:61)
	at it.unibz.inf.ontop.answering.reformulation.generation.impl.SQLGeneratorImpl.generateSourceQuery(SQLGeneratorImpl.java:156)
	at it.unibz.inf.ontop.answering.reformulation.generation.impl.SQLGeneratorImpl.generateSourceQuery(SQLGeneratorImpl.java:131)
	at it.unibz.inf.ontop.answering.reformulation.generation.impl.SQLGeneratorImpl.generateSourceQuery(SQLGeneratorImpl.java:111)
	at it.unibz.inf.ontop.answering.reformulation.impl.QuestQueryProcessor.generateExecutableQuery(QuestQueryProcessor.java:163)
	at it.unibz.inf.ontop.answering.reformulation.impl.QuestQueryProcessor.reformulateIntoNativeQuery(QuestQueryProcessor.java:123)
	at it.unibz.inf.ontop.answering.connection.impl.QuestStatement.executeBooleanQuery(QuestStatement.java:148)
	at it.unibz.inf.ontop.answering.connection.impl.QuestStatement.lambda$execute$3(QuestStatement.java:227)
	at it.unibz.inf.ontop.answering.connection.impl.QuestStatement$QueryExecutionThread.run(QuestStatement.java:108)
12:11:27.458 |-ERROR in i.u.i.o.a.c.impl.QuestStatement - it.unibz.inf.ontop.exception.MinorOntopInternalBugException: Was expecting a unique and known DB term type to be extracted for the SQL variable id1m1
it.unibz.inf.ontop.exception.OntopReformulationException: it.unibz.inf.ontop.exception.MinorOntopInternalBugException: Was expecting a unique and known DB term type to be extracted for the SQL variable id1m1
	at it.unibz.inf.ontop.answering.reformulation.impl.QuestQueryProcessor.reformulateIntoNativeQuery(QuestQueryProcessor.java:154)
	at it.unibz.inf.ontop.answering.connection.impl.QuestStatement.executeBooleanQuery(QuestStatement.java:148)
	at it.unibz.inf.ontop.answering.connection.impl.QuestStatement.lambda$execute$3(QuestStatement.java:227)
	at it.unibz.inf.ontop.answering.connection.impl.QuestStatement$QueryExecutionThread.run(QuestStatement.java:108)
Caused by: it.unibz.inf.ontop.exception.MinorOntopInternalBugException: Was expecting a unique and known DB term type to be extracted for the SQL variable id1m1
	at it.unibz.inf.ontop.generation.DefaultSQLIQTree2NativeNodeGenerator.lambda$extractUniqueKnownType$6(DefaultSQLIQTree2NativeNodeGenerator.java:84)
	at java.base/java.util.Optional.orElseThrow(Optional.java:403)
	at it.unibz.inf.ontop.generation.DefaultSQLIQTree2NativeNodeGenerator.extractUniqueKnownType(DefaultSQLIQTree2NativeNodeGenerator.java:84)
	at it.unibz.inf.ontop.generation.DefaultSQLIQTree2NativeNodeGenerator.lambda$extractVariableTypeMap$2(DefaultSQLIQTree2NativeNodeGenerator.java:76)
	at it.unibz.inf.ontop.utils.ImmutableCollectors.lambda$toMap$0(ImmutableCollectors.java:110)
	at java.base/java.util.stream.ReduceOps$3ReducingSink.accept(ReduceOps.java:169)
	at java.base/java.util.Spliterators$ArraySpliterator.forEachRemaining(Spliterators.java:992)
	at java.base/java.util.stream.AbstractPipeline.copyInto(AbstractPipeline.java:509)
	at java.base/java.util.stream.AbstractPipeline.wrapAndCopyInto(AbstractPipeline.java:499)
	at java.base/java.util.stream.ReduceOps$ReduceOp.evaluateSequential(ReduceOps.java:921)
	at java.base/java.util.stream.AbstractPipeline.evaluate(AbstractPipeline.java:234)
	at java.base/java.util.stream.ReferencePipeline.collect(ReferencePipeline.java:682)
	at it.unibz.inf.ontop.generation.DefaultSQLIQTree2NativeNodeGenerator.extractVariableTypeMap(DefaultSQLIQTree2NativeNodeGenerator.java:74)
	at it.unibz.inf.ontop.generation.DefaultSQLIQTree2NativeNodeGenerator.generate(DefaultSQLIQTree2NativeNodeGenerator.java:61)
	at it.unibz.inf.ontop.answering.reformulation.generation.impl.SQLGeneratorImpl.generateSourceQuery(SQLGeneratorImpl.java:156)
	at it.unibz.inf.ontop.answering.reformulation.generation.impl.SQLGeneratorImpl.generateSourceQuery(SQLGeneratorImpl.java:131)
	at it.unibz.inf.ontop.answering.reformulation.generation.impl.SQLGeneratorImpl.generateSourceQuery(SQLGeneratorImpl.java:111)
	at it.unibz.inf.ontop.answering.reformulation.impl.QuestQueryProcessor.generateExecutableQuery(QuestQueryProcessor.java:163)
	at it.unibz.inf.ontop.answering.reformulation.impl.QuestQueryProcessor.reformulateIntoNativeQuery(QuestQueryProcessor.java:123)
	... 3 common frames omitted
org.eclipse.rdf4j.query.QueryEvaluationException: it.unibz.inf.ontop.exception.OntopReformulationException: it.unibz.inf.ontop.exception.MinorOntopInternalBugException: Was expecting a unique and known DB term type to be extracted for the SQL variable id1m1
	at it.unibz.inf.ontop.rdf4j.query.impl.OntopBooleanQuery.evaluate(OntopBooleanQuery.java:40)
	at it.unibz.inf.ontop.endpoint.processor.SparqlQueryExecutor.executeQuery(SparqlQueryExecutor.java:77)
	at it.unibz.inf.ontop.endpoint.controllers.SparqlQueryController.query_get(SparqlQueryController.java:42)
	at jdk.internal.reflect.GeneratedMethodAccessor7.invoke(Unknown Source)
	at java.base/jdk.internal.reflect.DelegatingMethodAccessorImpl.invoke(DelegatingMethodAccessorImpl.java:43)
	at java.base/java.lang.reflect.Method.invoke(Method.java:569)
	at org.springframework.web.method.support.InvocableHandlerMethod.doInvoke(InvocableHandlerMethod.java:205)
	at org.springframework.web.method.support.InvocableHandlerMethod.invokeForRequest(InvocableHandlerMethod.java:150)
	at org.springframework.web.servlet.mvc.method.annotation.ServletInvocableHandlerMethod.invokeAndHandle(ServletInvocableHandlerMethod.java:117)
	at org.springframework.web.servlet.mvc.method.annotation.RequestMappingHandlerAdapter.invokeHandlerMethod(RequestMappingHandlerAdapter.java:895)
	at org.springframework.web.servlet.mvc.method.annotation.RequestMappingHandlerAdapter.handleInternal(RequestMappingHandlerAdapter.java:808)
	at org.springframework.web.servlet.mvc.method.AbstractHandlerMethodAdapter.handle(AbstractHandlerMethodAdapter.java:87)
	at org.springframework.web.servlet.DispatcherServlet.doDispatch(DispatcherServlet.java:1072)
	at org.springframework.web.servlet.DispatcherServlet.doService(DispatcherServlet.java:965)
	at org.springframework.web.servlet.FrameworkServlet.processRequest(FrameworkServlet.java:1006)
	at org.springframework.web.servlet.FrameworkServlet.doGet(FrameworkServlet.java:898)
	at javax.servlet.http.HttpServlet.service(HttpServlet.java:529)
	at org.springframework.web.servlet.FrameworkServlet.service(FrameworkServlet.java:883)
	at javax.servlet.http.HttpServlet.service(HttpServlet.java:623)
	at org.apache.catalina.core.ApplicationFilterChain.internalDoFilter(ApplicationFilterChain.java:197)
	at org.apache.catalina.core.ApplicationFilterChain.doFilter(ApplicationFilterChain.java:142)
	at org.apache.tomcat.websocket.server.WsFilter.doFilter(WsFilter.java:51)
	at org.apache.catalina.core.ApplicationFilterChain.internalDoFilter(ApplicationFilterChain.java:166)
	at org.apache.catalina.core.ApplicationFilterChain.doFilter(ApplicationFilterChain.java:142)
	at org.springframework.web.filter.RequestContextFilter.doFilterInternal(RequestContextFilter.java:100)
	at org.springframework.web.filter.OncePerRequestFilter.doFilter(OncePerRequestFilter.java:117)
	at org.apache.catalina.core.ApplicationFilterChain.internalDoFilter(ApplicationFilterChain.java:166)
	at org.apache.catalina.core.ApplicationFilterChain.doFilter(ApplicationFilterChain.java:142)
	at org.springframework.web.filter.FormContentFilter.doFilterInternal(FormContentFilter.java:93)
	at org.springframework.web.filter.OncePerRequestFilter.doFilter(OncePerRequestFilter.java:117)
	at org.apache.catalina.core.ApplicationFilterChain.internalDoFilter(ApplicationFilterChain.java:166)
	at org.apache.catalina.core.ApplicationFilterChain.doFilter(ApplicationFilterChain.java:142)
	at org.springframework.boot.actuate.metrics.web.servlet.WebMvcMetricsFilter.doFilterInternal(WebMvcMetricsFilter.java:96)
	at org.springframework.web.filter.OncePerRequestFilter.doFilter(OncePerRequestFilter.java:117)
	at org.apache.catalina.core.ApplicationFilterChain.internalDoFilter(ApplicationFilterChain.java:166)
	at org.apache.catalina.core.ApplicationFilterChain.doFilter(ApplicationFilterChain.java:142)
	at org.springframework.web.filter.CharacterEncodingFilter.doFilterInternal(CharacterEncodingFilter.java:201)
	at org.springframework.web.filter.OncePerRequestFilter.doFilter(OncePerRequestFilter.java:117)
	at org.apache.catalina.core.ApplicationFilterChain.internalDoFilter(ApplicationFilterChain.java:166)
	at org.apache.catalina.core.ApplicationFilterChain.doFilter(ApplicationFilterChain.java:142)
	at org.apache.catalina.core.StandardWrapperValve.invoke(StandardWrapperValve.java:166)
	at org.apache.catalina.core.StandardContextValve.invoke(StandardContextValve.java:88)
	at org.apache.catalina.authenticator.AuthenticatorBase.invoke(AuthenticatorBase.java:491)
	at org.apache.catalina.core.StandardHostValve.invoke(StandardHostValve.java:127)
	at org.apache.catalina.valves.ErrorReportValve.invoke(ErrorReportValve.java:83)
	at org.apache.catalina.core.StandardEngineValve.invoke(StandardEngineValve.java:72)
	at org.apache.catalina.connector.CoyoteAdapter.service(CoyoteAdapter.java:344)
	at org.apache.coyote.http11.Http11Processor.service(Http11Processor.java:398)
	at org.apache.coyote.AbstractProcessorLight.process(AbstractProcessorLight.java:63)
	at org.apache.coyote.AbstractProtocol$ConnectionHandler.process(AbstractProtocol.java:939)
	at org.apache.tomcat.util.net.NioEndpoint$SocketProcessor.doRun(NioEndpoint.java:1854)
	at org.apache.tomcat.util.net.SocketProcessorBase.run(SocketProcessorBase.java:52)
	at org.apache.tomcat.util.threads.ThreadPoolExecutor.runWorker(ThreadPoolExecutor.java:973)
	at org.apache.tomcat.util.threads.ThreadPoolExecutor$Worker.run(ThreadPoolExecutor.java:491)
	at org.apache.tomcat.util.threads.TaskThread$WrappingRunnable.run(TaskThread.java:63)
	at java.base/java.lang.Thread.run(Thread.java:840)
Caused by: it.unibz.inf.ontop.exception.OntopReformulationException: it.unibz.inf.ontop.exception.MinorOntopInternalBugException: Was expecting a unique and known DB term type to be extracted for the SQL variable id1m1
	at it.unibz.inf.ontop.answering.reformulation.impl.QuestQueryProcessor.reformulateIntoNativeQuery(QuestQueryProcessor.java:154)
	at it.unibz.inf.ontop.answering.connection.impl.QuestStatement.executeBooleanQuery(QuestStatement.java:148)
	at it.unibz.inf.ontop.answering.connection.impl.QuestStatement.lambda$execute$3(QuestStatement.java:227)
	at it.unibz.inf.ontop.answering.connection.impl.QuestStatement$QueryExecutionThread.run(QuestStatement.java:108)
Caused by: it.unibz.inf.ontop.exception.MinorOntopInternalBugException: Was expecting a unique and known DB term type to be extracted for the SQL variable id1m1
	at it.unibz.inf.ontop.generation.DefaultSQLIQTree2NativeNodeGenerator.lambda$extractUniqueKnownType$6(DefaultSQLIQTree2NativeNodeGenerator.java:84)
	at java.base/java.util.Optional.orElseThrow(Optional.java:403)
	at it.unibz.inf.ontop.generation.DefaultSQLIQTree2NativeNodeGenerator.extractUniqueKnownType(DefaultSQLIQTree2NativeNodeGenerator.java:84)
	at it.unibz.inf.ontop.generation.DefaultSQLIQTree2NativeNodeGenerator.lambda$extractVariableTypeMap$2(DefaultSQLIQTree2NativeNodeGenerator.java:76)
	at it.unibz.inf.ontop.utils.ImmutableCollectors.lambda$toMap$0(ImmutableCollectors.java:110)
	at java.base/java.util.stream.ReduceOps$3ReducingSink.accept(ReduceOps.java:169)
	at java.base/java.util.Spliterators$ArraySpliterator.forEachRemaining(Spliterators.java:992)
	at java.base/java.util.stream.AbstractPipeline.copyInto(AbstractPipeline.java:509)
	at java.base/java.util.stream.AbstractPipeline.wrapAndCopyInto(AbstractPipeline.java:499)
	at java.base/java.util.stream.ReduceOps$ReduceOp.evaluateSequential(ReduceOps.java:921)
	at java.base/java.util.stream.AbstractPipeline.evaluate(AbstractPipeline.java:234)
	at java.base/java.util.stream.ReferencePipeline.collect(ReferencePipeline.java:682)
	at it.unibz.inf.ontop.generation.DefaultSQLIQTree2NativeNodeGenerator.extractVariableTypeMap(DefaultSQLIQTree2NativeNodeGenerator.java:74)
	at it.unibz.inf.ontop.generation.DefaultSQLIQTree2NativeNodeGenerator.generate(DefaultSQLIQTree2NativeNodeGenerator.java:61)
	at it.unibz.inf.ontop.answering.reformulation.generation.impl.SQLGeneratorImpl.generateSourceQuery(SQLGeneratorImpl.java:156)
	at it.unibz.inf.ontop.answering.reformulation.generation.impl.SQLGeneratorImpl.generateSourceQuery(SQLGeneratorImpl.java:131)
	at it.unibz.inf.ontop.answering.reformulation.generation.impl.SQLGeneratorImpl.generateSourceQuery(SQLGeneratorImpl.java:111)
	at it.unibz.inf.ontop.answering.reformulation.impl.QuestQueryProcessor.generateExecutableQuery(QuestQueryProcessor.java:163)
	at it.unibz.inf.ontop.answering.reformulation.impl.QuestQueryProcessor.reformulateIntoNativeQuery(QuestQueryProcessor.java:123)
	... 3 more
12:11:28.487 |-WARN  in i.u.i.o.a.r.impl.QuestQueryProcessor - Unexpected exception: Was expecting a unique and known DB term type to be extracted for the SQL variable id1m1
it.unibz.inf.ontop.exception.MinorOntopInternalBugException: Was expecting a unique and known DB term type to be extracted for the SQL variable id1m1
	at it.unibz.inf.ontop.generation.DefaultSQLIQTree2NativeNodeGenerator.lambda$extractUniqueKnownType$6(DefaultSQLIQTree2NativeNodeGenerator.java:84)
	at java.base/java.util.Optional.orElseThrow(Optional.java:403)
	at it.unibz.inf.ontop.generation.DefaultSQLIQTree2NativeNodeGenerator.extractUniqueKnownType(DefaultSQLIQTree2NativeNodeGenerator.java:84)
	at it.unibz.inf.ontop.generation.DefaultSQLIQTree2NativeNodeGenerator.lambda$extractVariableTypeMap$2(DefaultSQLIQTree2NativeNodeGenerator.java:76)
	at it.unibz.inf.ontop.utils.ImmutableCollectors.lambda$toMap$0(ImmutableCollectors.java:110)
	at java.base/java.util.stream.ReduceOps$3ReducingSink.accept(ReduceOps.java:169)
	at java.base/java.util.Spliterators$ArraySpliterator.forEachRemaining(Spliterators.java:992)
	at java.base/java.util.stream.AbstractPipeline.copyInto(AbstractPipeline.java:509)
	at java.base/java.util.stream.AbstractPipeline.wrapAndCopyInto(AbstractPipeline.java:499)
	at java.base/java.util.stream.ReduceOps$ReduceOp.evaluateSequential(ReduceOps.java:921)
	at java.base/java.util.stream.AbstractPipeline.evaluate(AbstractPipeline.java:234)
	at java.base/java.util.stream.ReferencePipeline.collect(ReferencePipeline.java:682)
	at it.unibz.inf.ontop.generation.DefaultSQLIQTree2NativeNodeGenerator.extractVariableTypeMap(DefaultSQLIQTree2NativeNodeGenerator.java:74)
	at it.unibz.inf.ontop.generation.DefaultSQLIQTree2NativeNodeGenerator.generate(DefaultSQLIQTree2NativeNodeGenerator.java:61)
	at it.unibz.inf.ontop.answering.reformulation.generation.impl.SQLGeneratorImpl.generateSourceQuery(SQLGeneratorImpl.java:156)
	at it.unibz.inf.ontop.answering.reformulation.generation.impl.SQLGeneratorImpl.generateSourceQuery(SQLGeneratorImpl.java:131)
	at it.unibz.inf.ontop.answering.reformulation.generation.impl.SQLGeneratorImpl.generateSourceQuery(SQLGeneratorImpl.java:111)
	at it.unibz.inf.ontop.answering.reformulation.impl.QuestQueryProcessor.generateExecutableQuery(QuestQueryProcessor.java:163)
	at it.unibz.inf.ontop.answering.reformulation.impl.QuestQueryProcessor.reformulateIntoNativeQuery(QuestQueryProcessor.java:123)
	at it.unibz.inf.ontop.answering.connection.impl.QuestStatement.executeBooleanQuery(QuestStatement.java:148)
	at it.unibz.inf.ontop.answering.connection.impl.QuestStatement.lambda$execute$3(QuestStatement.java:227)
	at it.unibz.inf.ontop.answering.connection.impl.QuestStatement$QueryExecutionThread.run(QuestStatement.java:108)
12:11:28.487 |-ERROR in i.u.i.o.a.c.impl.QuestStatement - it.unibz.inf.ontop.exception.MinorOntopInternalBugException: Was expecting a unique and known DB term type to be extracted for the SQL variable id1m1
it.unibz.inf.ontop.exception.OntopReformulationException: it.unibz.inf.ontop.exception.MinorOntopInternalBugException: Was expecting a unique and known DB term type to be extracted for the SQL variable id1m1
	at it.unibz.inf.ontop.answering.reformulation.impl.QuestQueryProcessor.reformulateIntoNativeQuery(QuestQueryProcessor.java:154)
	at it.unibz.inf.ontop.answering.connection.impl.QuestStatement.executeBooleanQuery(QuestStatement.java:148)
	at it.unibz.inf.ontop.answering.connection.impl.QuestStatement.lambda$execute$3(QuestStatement.java:227)
	at it.unibz.inf.ontop.answering.connection.impl.QuestStatement$QueryExecutionThread.run(QuestStatement.java:108)
Caused by: it.unibz.inf.ontop.exception.MinorOntopInternalBugException: Was expecting a unique and known DB term type to be extracted for the SQL variable id1m1
	at it.unibz.inf.ontop.generation.DefaultSQLIQTree2NativeNodeGenerator.lambda$extractUniqueKnownType$6(DefaultSQLIQTree2NativeNodeGenerator.java:84)
	at java.base/java.util.Optional.orElseThrow(Optional.java:403)
	at it.unibz.inf.ontop.generation.DefaultSQLIQTree2NativeNodeGenerator.extractUniqueKnownType(DefaultSQLIQTree2NativeNodeGenerator.java:84)
	at it.unibz.inf.ontop.generation.DefaultSQLIQTree2NativeNodeGenerator.lambda$extractVariableTypeMap$2(DefaultSQLIQTree2NativeNodeGenerator.java:76)
	at it.unibz.inf.ontop.utils.ImmutableCollectors.lambda$toMap$0(ImmutableCollectors.java:110)
	at java.base/java.util.stream.ReduceOps$3ReducingSink.accept(ReduceOps.java:169)
	at java.base/java.util.Spliterators$ArraySpliterator.forEachRemaining(Spliterators.java:992)
	at java.base/java.util.stream.AbstractPipeline.copyInto(AbstractPipeline.java:509)
	at java.base/java.util.stream.AbstractPipeline.wrapAndCopyInto(AbstractPipeline.java:499)
	at java.base/java.util.stream.ReduceOps$ReduceOp.evaluateSequential(ReduceOps.java:921)
	at java.base/java.util.stream.AbstractPipeline.evaluate(AbstractPipeline.java:234)
	at java.base/java.util.stream.ReferencePipeline.collect(ReferencePipeline.java:682)
	at it.unibz.inf.ontop.generation.DefaultSQLIQTree2NativeNodeGenerator.extractVariableTypeMap(DefaultSQLIQTree2NativeNodeGenerator.java:74)
	at it.unibz.inf.ontop.generation.DefaultSQLIQTree2NativeNodeGenerator.generate(DefaultSQLIQTree2NativeNodeGenerator.java:61)
	at it.unibz.inf.ontop.answering.reformulation.generation.impl.SQLGeneratorImpl.generateSourceQuery(SQLGeneratorImpl.java:156)
	at it.unibz.inf.ontop.answering.reformulation.generation.impl.SQLGeneratorImpl.generateSourceQuery(SQLGeneratorImpl.java:131)
	at it.unibz.inf.ontop.answering.reformulation.generation.impl.SQLGeneratorImpl.generateSourceQuery(SQLGeneratorImpl.java:111)
	at it.unibz.inf.ontop.answering.reformulation.impl.QuestQueryProcessor.generateExecutableQuery(QuestQueryProcessor.java:163)
	at it.unibz.inf.ontop.answering.reformulation.impl.QuestQueryProcessor.reformulateIntoNativeQuery(QuestQueryProcessor.java:123)
	... 3 common frames omitted
org.eclipse.rdf4j.query.QueryEvaluationException: it.unibz.inf.ontop.exception.OntopReformulationException: it.unibz.inf.ontop.exception.MinorOntopInternalBugException: Was expecting a unique and known DB term type to be extracted for the SQL variable id1m1
	at it.unibz.inf.ontop.rdf4j.query.impl.OntopBooleanQuery.evaluate(OntopBooleanQuery.java:40)
	at it.unibz.inf.ontop.endpoint.processor.SparqlQueryExecutor.executeQuery(SparqlQueryExecutor.java:77)
	at it.unibz.inf.ontop.endpoint.controllers.SparqlQueryController.query_get(SparqlQueryController.java:42)
	at jdk.internal.reflect.GeneratedMethodAccessor7.invoke(Unknown Source)
	at java.base/jdk.internal.reflect.DelegatingMethodAccessorImpl.invoke(DelegatingMethodAccessorImpl.java:43)
	at java.base/java.lang.reflect.Method.invoke(Method.java:569)
	at org.springframework.web.method.support.InvocableHandlerMethod.doInvoke(InvocableHandlerMethod.java:205)
	at org.springframework.web.method.support.InvocableHandlerMethod.invokeForRequest(InvocableHandlerMethod.java:150)
	at org.springframework.web.servlet.mvc.method.annotation.ServletInvocableHandlerMethod.invokeAndHandle(ServletInvocableHandlerMethod.java:117)
	at org.springframework.web.servlet.mvc.method.annotation.RequestMappingHandlerAdapter.invokeHandlerMethod(RequestMappingHandlerAdapter.java:895)
	at org.springframework.web.servlet.mvc.method.annotation.RequestMappingHandlerAdapter.handleInternal(RequestMappingHandlerAdapter.java:808)
	at org.springframework.web.servlet.mvc.method.AbstractHandlerMethodAdapter.handle(AbstractHandlerMethodAdapter.java:87)
	at org.springframework.web.servlet.DispatcherServlet.doDispatch(DispatcherServlet.java:1072)
	at org.springframework.web.servlet.DispatcherServlet.doService(DispatcherServlet.java:965)
	at org.springframework.web.servlet.FrameworkServlet.processRequest(FrameworkServlet.java:1006)
	at org.springframework.web.servlet.FrameworkServlet.doGet(FrameworkServlet.java:898)
	at javax.servlet.http.HttpServlet.service(HttpServlet.java:529)
	at org.springframework.web.servlet.FrameworkServlet.service(FrameworkServlet.java:883)
	at javax.servlet.http.HttpServlet.service(HttpServlet.java:623)
	at org.apache.catalina.core.ApplicationFilterChain.internalDoFilter(ApplicationFilterChain.java:197)
	at org.apache.catalina.core.ApplicationFilterChain.doFilter(ApplicationFilterChain.java:142)
	at org.apache.tomcat.websocket.server.WsFilter.doFilter(WsFilter.java:51)
	at org.apache.catalina.core.ApplicationFilterChain.internalDoFilter(ApplicationFilterChain.java:166)
	at org.apache.catalina.core.ApplicationFilterChain.doFilter(ApplicationFilterChain.java:142)
	at org.springframework.web.filter.RequestContextFilter.doFilterInternal(RequestContextFilter.java:100)
	at org.springframework.web.filter.OncePerRequestFilter.doFilter(OncePerRequestFilter.java:117)
	at org.apache.catalina.core.ApplicationFilterChain.internalDoFilter(ApplicationFilterChain.java:166)
	at org.apache.catalina.core.ApplicationFilterChain.doFilter(ApplicationFilterChain.java:142)
	at org.springframework.web.filter.FormContentFilter.doFilterInternal(FormContentFilter.java:93)
	at org.springframework.web.filter.OncePerRequestFilter.doFilter(OncePerRequestFilter.java:117)
	at org.apache.catalina.core.ApplicationFilterChain.internalDoFilter(ApplicationFilterChain.java:166)
	at org.apache.catalina.core.ApplicationFilterChain.doFilter(ApplicationFilterChain.java:142)
	at org.springframework.boot.actuate.metrics.web.servlet.WebMvcMetricsFilter.doFilterInternal(WebMvcMetricsFilter.java:96)
	at org.springframework.web.filter.OncePerRequestFilter.doFilter(OncePerRequestFilter.java:117)
	at org.apache.catalina.core.ApplicationFilterChain.internalDoFilter(ApplicationFilterChain.java:166)
	at org.apache.catalina.core.ApplicationFilterChain.doFilter(ApplicationFilterChain.java:142)
	at org.springframework.web.filter.CharacterEncodingFilter.doFilterInternal(CharacterEncodingFilter.java:201)
	at org.springframework.web.filter.OncePerRequestFilter.doFilter(OncePerRequestFilter.java:117)
	at org.apache.catalina.core.ApplicationFilterChain.internalDoFilter(ApplicationFilterChain.java:166)
	at org.apache.catalina.core.ApplicationFilterChain.doFilter(ApplicationFilterChain.java:142)
	at org.apache.catalina.core.StandardWrapperValve.invoke(StandardWrapperValve.java:166)
	at org.apache.catalina.core.StandardContextValve.invoke(StandardContextValve.java:88)
	at org.apache.catalina.authenticator.AuthenticatorBase.invoke(AuthenticatorBase.java:491)
	at org.apache.catalina.core.StandardHostValve.invoke(StandardHostValve.java:127)
	at org.apache.catalina.valves.ErrorReportValve.invoke(ErrorReportValve.java:83)
	at org.apache.catalina.core.StandardEngineValve.invoke(StandardEngineValve.java:72)
	at org.apache.catalina.connector.CoyoteAdapter.service(CoyoteAdapter.java:344)
	at org.apache.coyote.http11.Http11Processor.service(Http11Processor.java:398)
	at org.apache.coyote.AbstractProcessorLight.process(AbstractProcessorLight.java:63)
	at org.apache.coyote.AbstractProtocol$ConnectionHandler.process(AbstractProtocol.java:939)
	at org.apache.tomcat.util.net.NioEndpoint$SocketProcessor.doRun(NioEndpoint.java:1854)
	at org.apache.tomcat.util.net.SocketProcessorBase.run(SocketProcessorBase.java:52)
	at org.apache.tomcat.util.threads.ThreadPoolExecutor.runWorker(ThreadPoolExecutor.java:973)
	at org.apache.tomcat.util.threads.ThreadPoolExecutor$Worker.run(ThreadPoolExecutor.java:491)
	at org.apache.tomcat.util.threads.TaskThread$WrappingRunnable.run(TaskThread.java:63)
	at java.base/java.lang.Thread.run(Thread.java:840)
Caused by: it.unibz.inf.ontop.exception.OntopReformulationException: it.unibz.inf.ontop.exception.MinorOntopInternalBugException: Was expecting a unique and known DB term type to be extracted for the SQL variable id1m1
	at it.unibz.inf.ontop.answering.reformulation.impl.QuestQueryProcessor.reformulateIntoNativeQuery(QuestQueryProcessor.java:154)
	at it.unibz.inf.ontop.answering.connection.impl.QuestStatement.executeBooleanQuery(QuestStatement.java:148)
	at it.unibz.inf.ontop.answering.connection.impl.QuestStatement.lambda$execute$3(QuestStatement.java:227)
	at it.unibz.inf.ontop.answering.connection.impl.QuestStatement$QueryExecutionThread.run(QuestStatement.java:108)
Caused by: it.unibz.inf.ontop.exception.MinorOntopInternalBugException: Was expecting a unique and known DB term type to be extracted for the SQL variable id1m1
	at it.unibz.inf.ontop.generation.DefaultSQLIQTree2NativeNodeGenerator.lambda$extractUniqueKnownType$6(DefaultSQLIQTree2NativeNodeGenerator.java:84)
	at java.base/java.util.Optional.orElseThrow(Optional.java:403)
	at it.unibz.inf.ontop.generation.DefaultSQLIQTree2NativeNodeGenerator.extractUniqueKnownType(DefaultSQLIQTree2NativeNodeGenerator.java:84)
	at it.unibz.inf.ontop.generation.DefaultSQLIQTree2NativeNodeGenerator.lambda$extractVariableTypeMap$2(DefaultSQLIQTree2NativeNodeGenerator.java:76)
	at it.unibz.inf.ontop.utils.ImmutableCollectors.lambda$toMap$0(ImmutableCollectors.java:110)
	at java.base/java.util.stream.ReduceOps$3ReducingSink.accept(ReduceOps.java:169)
	at java.base/java.util.Spliterators$ArraySpliterator.forEachRemaining(Spliterators.java:992)
	at java.base/java.util.stream.AbstractPipeline.copyInto(AbstractPipeline.java:509)
	at java.base/java.util.stream.AbstractPipeline.wrapAndCopyInto(AbstractPipeline.java:499)
	at java.base/java.util.stream.ReduceOps$ReduceOp.evaluateSequential(ReduceOps.java:921)
	at java.base/java.util.stream.AbstractPipeline.evaluate(AbstractPipeline.java:234)
	at java.base/java.util.stream.ReferencePipeline.collect(ReferencePipeline.java:682)
	at it.unibz.inf.ontop.generation.DefaultSQLIQTree2NativeNodeGenerator.extractVariableTypeMap(DefaultSQLIQTree2NativeNodeGenerator.java:74)
	at it.unibz.inf.ontop.generation.DefaultSQLIQTree2NativeNodeGenerator.generate(DefaultSQLIQTree2NativeNodeGenerator.java:61)
	at it.unibz.inf.ontop.answering.reformulation.generation.impl.SQLGeneratorImpl.generateSourceQuery(SQLGeneratorImpl.java:156)
	at it.unibz.inf.ontop.answering.reformulation.generation.impl.SQLGeneratorImpl.generateSourceQuery(SQLGeneratorImpl.java:131)
	at it.unibz.inf.ontop.answering.reformulation.generation.impl.SQLGeneratorImpl.generateSourceQuery(SQLGeneratorImpl.java:111)
	at it.unibz.inf.ontop.answering.reformulation.impl.QuestQueryProcessor.generateExecutableQuery(QuestQueryProcessor.java:163)
	at it.unibz.inf.ontop.answering.reformulation.impl.QuestQueryProcessor.reformulateIntoNativeQuery(QuestQueryProcessor.java:123)
	... 3 more
12:11:29.531 |-WARN  in i.u.i.o.a.r.impl.QuestQueryProcessor - Unexpected exception: Was expecting a unique and known DB term type to be extracted for the SQL variable id1m1
it.unibz.inf.ontop.exception.MinorOntopInternalBugException: Was expecting a unique and known DB term type to be extracted for the SQL variable id1m1
	at it.unibz.inf.ontop.generation.DefaultSQLIQTree2NativeNodeGenerator.lambda$extractUniqueKnownType$6(DefaultSQLIQTree2NativeNodeGenerator.java:84)
	at java.base/java.util.Optional.orElseThrow(Optional.java:403)
	at it.unibz.inf.ontop.generation.DefaultSQLIQTree2NativeNodeGenerator.extractUniqueKnownType(DefaultSQLIQTree2NativeNodeGenerator.java:84)
	at it.unibz.inf.ontop.generation.DefaultSQLIQTree2NativeNodeGenerator.lambda$extractVariableTypeMap$2(DefaultSQLIQTree2NativeNodeGenerator.java:76)
	at it.unibz.inf.ontop.utils.ImmutableCollectors.lambda$toMap$0(ImmutableCollectors.java:110)
	at java.base/java.util.stream.ReduceOps$3ReducingSink.accept(ReduceOps.java:169)
	at java.base/java.util.Spliterators$ArraySpliterator.forEachRemaining(Spliterators.java:992)
	at java.base/java.util.stream.AbstractPipeline.copyInto(AbstractPipeline.java:509)
	at java.base/java.util.stream.AbstractPipeline.wrapAndCopyInto(AbstractPipeline.java:499)
	at java.base/java.util.stream.ReduceOps$ReduceOp.evaluateSequential(ReduceOps.java:921)
	at java.base/java.util.stream.AbstractPipeline.evaluate(AbstractPipeline.java:234)
	at java.base/java.util.stream.ReferencePipeline.collect(ReferencePipeline.java:682)
	at it.unibz.inf.ontop.generation.DefaultSQLIQTree2NativeNodeGenerator.extractVariableTypeMap(DefaultSQLIQTree2NativeNodeGenerator.java:74)
	at it.unibz.inf.ontop.generation.DefaultSQLIQTree2NativeNodeGenerator.generate(DefaultSQLIQTree2NativeNodeGenerator.java:61)
	at it.unibz.inf.ontop.answering.reformulation.generation.impl.SQLGeneratorImpl.generateSourceQuery(SQLGeneratorImpl.java:156)
	at it.unibz.inf.ontop.answering.reformulation.generation.impl.SQLGeneratorImpl.generateSourceQuery(SQLGeneratorImpl.java:131)
	at it.unibz.inf.ontop.answering.reformulation.generation.impl.SQLGeneratorImpl.generateSourceQuery(SQLGeneratorImpl.java:111)
	at it.unibz.inf.ontop.answering.reformulation.impl.QuestQueryProcessor.generateExecutableQuery(QuestQueryProcessor.java:163)
	at it.unibz.inf.ontop.answering.reformulation.impl.QuestQueryProcessor.reformulateIntoNativeQuery(QuestQueryProcessor.java:123)
	at it.unibz.inf.ontop.answering.connection.impl.QuestStatement.executeBooleanQuery(QuestStatement.java:148)
	at it.unibz.inf.ontop.answering.connection.impl.QuestStatement.lambda$execute$3(QuestStatement.java:227)
	at it.unibz.inf.ontop.answering.connection.impl.QuestStatement$QueryExecutionThread.run(QuestStatement.java:108)
12:11:29.531 |-ERROR in i.u.i.o.a.c.impl.QuestStatement - it.unibz.inf.ontop.exception.MinorOntopInternalBugException: Was expecting a unique and known DB term type to be extracted for the SQL variable id1m1
it.unibz.inf.ontop.exception.OntopReformulationException: it.unibz.inf.ontop.exception.MinorOntopInternalBugException: Was expecting a unique and known DB term type to be extracted for the SQL variable id1m1
	at it.unibz.inf.ontop.answering.reformulation.impl.QuestQueryProcessor.reformulateIntoNativeQuery(QuestQueryProcessor.java:154)
	at it.unibz.inf.ontop.answering.connection.impl.QuestStatement.executeBooleanQuery(QuestStatement.java:148)
	at it.unibz.inf.ontop.answering.connection.impl.QuestStatement.lambda$execute$3(QuestStatement.java:227)
	at it.unibz.inf.ontop.answering.connection.impl.QuestStatement$QueryExecutionThread.run(QuestStatement.java:108)
Caused by: it.unibz.inf.ontop.exception.MinorOntopInternalBugException: Was expecting a unique and known DB term type to be extracted for the SQL variable id1m1
	at it.unibz.inf.ontop.generation.DefaultSQLIQTree2NativeNodeGenerator.lambda$extractUniqueKnownType$6(DefaultSQLIQTree2NativeNodeGenerator.java:84)
	at java.base/java.util.Optional.orElseThrow(Optional.java:403)
	at it.unibz.inf.ontop.generation.DefaultSQLIQTree2NativeNodeGenerator.extractUniqueKnownType(DefaultSQLIQTree2NativeNodeGenerator.java:84)
	at it.unibz.inf.ontop.generation.DefaultSQLIQTree2NativeNodeGenerator.lambda$extractVariableTypeMap$2(DefaultSQLIQTree2NativeNodeGenerator.java:76)
	at it.unibz.inf.ontop.utils.ImmutableCollectors.lambda$toMap$0(ImmutableCollectors.java:110)
	at java.base/java.util.stream.ReduceOps$3ReducingSink.accept(ReduceOps.java:169)
	at java.base/java.util.Spliterators$ArraySpliterator.forEachRemaining(Spliterators.java:992)
	at java.base/java.util.stream.AbstractPipeline.copyInto(AbstractPipeline.java:509)
	at java.base/java.util.stream.AbstractPipeline.wrapAndCopyInto(AbstractPipeline.java:499)
	at java.base/java.util.stream.ReduceOps$ReduceOp.evaluateSequential(ReduceOps.java:921)
	at java.base/java.util.stream.AbstractPipeline.evaluate(AbstractPipeline.java:234)
	at java.base/java.util.stream.ReferencePipeline.collect(ReferencePipeline.java:682)
	at it.unibz.inf.ontop.generation.DefaultSQLIQTree2NativeNodeGenerator.extractVariableTypeMap(DefaultSQLIQTree2NativeNodeGenerator.java:74)
	at it.unibz.inf.ontop.generation.DefaultSQLIQTree2NativeNodeGenerator.generate(DefaultSQLIQTree2NativeNodeGenerator.java:61)
	at it.unibz.inf.ontop.answering.reformulation.generation.impl.SQLGeneratorImpl.generateSourceQuery(SQLGeneratorImpl.java:156)
	at it.unibz.inf.ontop.answering.reformulation.generation.impl.SQLGeneratorImpl.generateSourceQuery(SQLGeneratorImpl.java:131)
	at it.unibz.inf.ontop.answering.reformulation.generation.impl.SQLGeneratorImpl.generateSourceQuery(SQLGeneratorImpl.java:111)
	at it.unibz.inf.ontop.answering.reformulation.impl.QuestQueryProcessor.generateExecutableQuery(QuestQueryProcessor.java:163)
	at it.unibz.inf.ontop.answering.reformulation.impl.QuestQueryProcessor.reformulateIntoNativeQuery(QuestQueryProcessor.java:123)
	... 3 common frames omitted
org.eclipse.rdf4j.query.QueryEvaluationException: it.unibz.inf.ontop.exception.OntopReformulationException: it.unibz.inf.ontop.exception.MinorOntopInternalBugException: Was expecting a unique and known DB term type to be extracted for the SQL variable id1m1
	at it.unibz.inf.ontop.rdf4j.query.impl.OntopBooleanQuery.evaluate(OntopBooleanQuery.java:40)
	at it.unibz.inf.ontop.endpoint.processor.SparqlQueryExecutor.executeQuery(SparqlQueryExecutor.java:77)
	at it.unibz.inf.ontop.endpoint.controllers.SparqlQueryController.query_get(SparqlQueryController.java:42)
	at jdk.internal.reflect.GeneratedMethodAccessor7.invoke(Unknown Source)
	at java.base/jdk.internal.reflect.DelegatingMethodAccessorImpl.invoke(DelegatingMethodAccessorImpl.java:43)
	at java.base/java.lang.reflect.Method.invoke(Method.java:569)
	at org.springframework.web.method.support.InvocableHandlerMethod.doInvoke(InvocableHandlerMethod.java:205)
	at org.springframework.web.method.support.InvocableHandlerMethod.invokeForRequest(InvocableHandlerMethod.java:150)
	at org.springframework.web.servlet.mvc.method.annotation.ServletInvocableHandlerMethod.invokeAndHandle(ServletInvocableHandlerMethod.java:117)
	at org.springframework.web.servlet.mvc.method.annotation.RequestMappingHandlerAdapter.invokeHandlerMethod(RequestMappingHandlerAdapter.java:895)
	at org.springframework.web.servlet.mvc.method.annotation.RequestMappingHandlerAdapter.handleInternal(RequestMappingHandlerAdapter.java:808)
	at org.springframework.web.servlet.mvc.method.AbstractHandlerMethodAdapter.handle(AbstractHandlerMethodAdapter.java:87)
	at org.springframework.web.servlet.DispatcherServlet.doDispatch(DispatcherServlet.java:1072)
	at org.springframework.web.servlet.DispatcherServlet.doService(DispatcherServlet.java:965)
	at org.springframework.web.servlet.FrameworkServlet.processRequest(FrameworkServlet.java:1006)
	at org.springframework.web.servlet.FrameworkServlet.doGet(FrameworkServlet.java:898)
	at javax.servlet.http.HttpServlet.service(HttpServlet.java:529)
	at org.springframework.web.servlet.FrameworkServlet.service(FrameworkServlet.java:883)
	at javax.servlet.http.HttpServlet.service(HttpServlet.java:623)
	at org.apache.catalina.core.ApplicationFilterChain.internalDoFilter(ApplicationFilterChain.java:197)
	at org.apache.catalina.core.ApplicationFilterChain.doFilter(ApplicationFilterChain.java:142)
	at org.apache.tomcat.websocket.server.WsFilter.doFilter(WsFilter.java:51)
	at org.apache.catalina.core.ApplicationFilterChain.internalDoFilter(ApplicationFilterChain.java:166)
	at org.apache.catalina.core.ApplicationFilterChain.doFilter(ApplicationFilterChain.java:142)
	at org.springframework.web.filter.RequestContextFilter.doFilterInternal(RequestContextFilter.java:100)
	at org.springframework.web.filter.OncePerRequestFilter.doFilter(OncePerRequestFilter.java:117)
	at org.apache.catalina.core.ApplicationFilterChain.internalDoFilter(ApplicationFilterChain.java:166)
	at org.apache.catalina.core.ApplicationFilterChain.doFilter(ApplicationFilterChain.java:142)
	at org.springframework.web.filter.FormContentFilter.doFilterInternal(FormContentFilter.java:93)
	at org.springframework.web.filter.OncePerRequestFilter.doFilter(OncePerRequestFilter.java:117)
	at org.apache.catalina.core.ApplicationFilterChain.internalDoFilter(ApplicationFilterChain.java:166)
	at org.apache.catalina.core.ApplicationFilterChain.doFilter(ApplicationFilterChain.java:142)
	at org.springframework.boot.actuate.metrics.web.servlet.WebMvcMetricsFilter.doFilterInternal(WebMvcMetricsFilter.java:96)
	at org.springframework.web.filter.OncePerRequestFilter.doFilter(OncePerRequestFilter.java:117)
	at org.apache.catalina.core.ApplicationFilterChain.internalDoFilter(ApplicationFilterChain.java:166)
	at org.apache.catalina.core.ApplicationFilterChain.doFilter(ApplicationFilterChain.java:142)
	at org.springframework.web.filter.CharacterEncodingFilter.doFilterInternal(CharacterEncodingFilter.java:201)
	at org.springframework.web.filter.OncePerRequestFilter.doFilter(OncePerRequestFilter.java:117)
	at org.apache.catalina.core.ApplicationFilterChain.internalDoFilter(ApplicationFilterChain.java:166)
	at org.apache.catalina.core.ApplicationFilterChain.doFilter(ApplicationFilterChain.java:142)
	at org.apache.catalina.core.StandardWrapperValve.invoke(StandardWrapperValve.java:166)
	at org.apache.catalina.core.StandardContextValve.invoke(StandardContextValve.java:88)
	at org.apache.catalina.authenticator.AuthenticatorBase.invoke(AuthenticatorBase.java:491)
	at org.apache.catalina.core.StandardHostValve.invoke(StandardHostValve.java:127)
	at org.apache.catalina.valves.ErrorReportValve.invoke(ErrorReportValve.java:83)
	at org.apache.catalina.core.StandardEngineValve.invoke(StandardEngineValve.java:72)
	at org.apache.catalina.connector.CoyoteAdapter.service(CoyoteAdapter.java:344)
	at org.apache.coyote.http11.Http11Processor.service(Http11Processor.java:398)
	at org.apache.coyote.AbstractProcessorLight.process(AbstractProcessorLight.java:63)
	at org.apache.coyote.AbstractProtocol$ConnectionHandler.process(AbstractProtocol.java:939)
	at org.apache.tomcat.util.net.NioEndpoint$SocketProcessor.doRun(NioEndpoint.java:1854)
	at org.apache.tomcat.util.net.SocketProcessorBase.run(SocketProcessorBase.java:52)
	at org.apache.tomcat.util.threads.ThreadPoolExecutor.runWorker(ThreadPoolExecutor.java:973)
	at org.apache.tomcat.util.threads.ThreadPoolExecutor$Worker.run(ThreadPoolExecutor.java:491)
	at org.apache.tomcat.util.threads.TaskThread$WrappingRunnable.run(TaskThread.java:63)
	at java.base/java.lang.Thread.run(Thread.java:840)
Caused by: it.unibz.inf.ontop.exception.OntopReformulationException: it.unibz.inf.ontop.exception.MinorOntopInternalBugException: Was expecting a unique and known DB term type to be extracted for the SQL variable id1m1
	at it.unibz.inf.ontop.answering.reformulation.impl.QuestQueryProcessor.reformulateIntoNativeQuery(QuestQueryProcessor.java:154)
	at it.unibz.inf.ontop.answering.connection.impl.QuestStatement.executeBooleanQuery(QuestStatement.java:148)
	at it.unibz.inf.ontop.answering.connection.impl.QuestStatement.lambda$execute$3(QuestStatement.java:227)
	at it.unibz.inf.ontop.answering.connection.impl.QuestStatement$QueryExecutionThread.run(QuestStatement.java:108)
Caused by: it.unibz.inf.ontop.exception.MinorOntopInternalBugException: Was expecting a unique and known DB term type to be extracted for the SQL variable id1m1
	at it.unibz.inf.ontop.generation.DefaultSQLIQTree2NativeNodeGenerator.lambda$extractUniqueKnownType$6(DefaultSQLIQTree2NativeNodeGenerator.java:84)
	at java.base/java.util.Optional.orElseThrow(Optional.java:403)
	at it.unibz.inf.ontop.generation.DefaultSQLIQTree2NativeNodeGenerator.extractUniqueKnownType(DefaultSQLIQTree2NativeNodeGenerator.java:84)
	at it.unibz.inf.ontop.generation.DefaultSQLIQTree2NativeNodeGenerator.lambda$extractVariableTypeMap$2(DefaultSQLIQTree2NativeNodeGenerator.java:76)
	at it.unibz.inf.ontop.utils.ImmutableCollectors.lambda$toMap$0(ImmutableCollectors.java:110)
	at java.base/java.util.stream.ReduceOps$3ReducingSink.accept(ReduceOps.java:169)
	at java.base/java.util.Spliterators$ArraySpliterator.forEachRemaining(Spliterators.java:992)
	at java.base/java.util.stream.AbstractPipeline.copyInto(AbstractPipeline.java:509)
	at java.base/java.util.stream.AbstractPipeline.wrapAndCopyInto(AbstractPipeline.java:499)
	at java.base/java.util.stream.ReduceOps$ReduceOp.evaluateSequential(ReduceOps.java:921)
	at java.base/java.util.stream.AbstractPipeline.evaluate(AbstractPipeline.java:234)
	at java.base/java.util.stream.ReferencePipeline.collect(ReferencePipeline.java:682)
	at it.unibz.inf.ontop.generation.DefaultSQLIQTree2NativeNodeGenerator.extractVariableTypeMap(DefaultSQLIQTree2NativeNodeGenerator.java:74)
	at it.unibz.inf.ontop.generation.DefaultSQLIQTree2NativeNodeGenerator.generate(DefaultSQLIQTree2NativeNodeGenerator.java:61)
	at it.unibz.inf.ontop.answering.reformulation.generation.impl.SQLGeneratorImpl.generateSourceQuery(SQLGeneratorImpl.java:156)
	at it.unibz.inf.ontop.answering.reformulation.generation.impl.SQLGeneratorImpl.generateSourceQuery(SQLGeneratorImpl.java:131)
	at it.unibz.inf.ontop.answering.reformulation.generation.impl.SQLGeneratorImpl.generateSourceQuery(SQLGeneratorImpl.java:111)
	at it.unibz.inf.ontop.answering.reformulation.impl.QuestQueryProcessor.generateExecutableQuery(QuestQueryProcessor.java:163)
	at it.unibz.inf.ontop.answering.reformulation.impl.QuestQueryProcessor.reformulateIntoNativeQuery(QuestQueryProcessor.java:123)
	... 3 more
12:11:30.569 |-WARN  in i.u.i.o.a.r.impl.QuestQueryProcessor - Unexpected exception: Was expecting a unique and known DB term type to be extracted for the SQL variable id1m1
it.unibz.inf.ontop.exception.MinorOntopInternalBugException: Was expecting a unique and known DB term type to be extracted for the SQL variable id1m1
	at it.unibz.inf.ontop.generation.DefaultSQLIQTree2NativeNodeGenerator.lambda$extractUniqueKnownType$6(DefaultSQLIQTree2NativeNodeGenerator.java:84)
	at java.base/java.util.Optional.orElseThrow(Optional.java:403)
	at it.unibz.inf.ontop.generation.DefaultSQLIQTree2NativeNodeGenerator.extractUniqueKnownType(DefaultSQLIQTree2NativeNodeGenerator.java:84)
	at it.unibz.inf.ontop.generation.DefaultSQLIQTree2NativeNodeGenerator.lambda$extractVariableTypeMap$2(DefaultSQLIQTree2NativeNodeGenerator.java:76)
	at it.unibz.inf.ontop.utils.ImmutableCollectors.lambda$toMap$0(ImmutableCollectors.java:110)
	at java.base/java.util.stream.ReduceOps$3ReducingSink.accept(ReduceOps.java:169)
	at java.base/java.util.Spliterators$ArraySpliterator.forEachRemaining(Spliterators.java:992)
	at java.base/java.util.stream.AbstractPipeline.copyInto(AbstractPipeline.java:509)
	at java.base/java.util.stream.AbstractPipeline.wrapAndCopyInto(AbstractPipeline.java:499)
	at java.base/java.util.stream.ReduceOps$ReduceOp.evaluateSequential(ReduceOps.java:921)
	at java.base/java.util.stream.AbstractPipeline.evaluate(AbstractPipeline.java:234)
	at java.base/java.util.stream.ReferencePipeline.collect(ReferencePipeline.java:682)
	at it.unibz.inf.ontop.generation.DefaultSQLIQTree2NativeNodeGenerator.extractVariableTypeMap(DefaultSQLIQTree2NativeNodeGenerator.java:74)
	at it.unibz.inf.ontop.generation.DefaultSQLIQTree2NativeNodeGenerator.generate(DefaultSQLIQTree2NativeNodeGenerator.java:61)
	at it.unibz.inf.ontop.answering.reformulation.generation.impl.SQLGeneratorImpl.generateSourceQuery(SQLGeneratorImpl.java:156)
	at it.unibz.inf.ontop.answering.reformulation.generation.impl.SQLGeneratorImpl.generateSourceQuery(SQLGeneratorImpl.java:131)
	at it.unibz.inf.ontop.answering.reformulation.generation.impl.SQLGeneratorImpl.generateSourceQuery(SQLGeneratorImpl.java:111)
	at it.unibz.inf.ontop.answering.reformulation.impl.QuestQueryProcessor.generateExecutableQuery(QuestQueryProcessor.java:163)
	at it.unibz.inf.ontop.answering.reformulation.impl.QuestQueryProcessor.reformulateIntoNativeQuery(QuestQueryProcessor.java:123)
	at it.unibz.inf.ontop.answering.connection.impl.QuestStatement.executeBooleanQuery(QuestStatement.java:148)
	at it.unibz.inf.ontop.answering.connection.impl.QuestStatement.lambda$execute$3(QuestStatement.java:227)
	at it.unibz.inf.ontop.answering.connection.impl.QuestStatement$QueryExecutionThread.run(QuestStatement.java:108)
12:11:30.569 |-ERROR in i.u.i.o.a.c.impl.QuestStatement - it.unibz.inf.ontop.exception.MinorOntopInternalBugException: Was expecting a unique and known DB term type to be extracted for the SQL variable id1m1
it.unibz.inf.ontop.exception.OntopReformulationException: it.unibz.inf.ontop.exception.MinorOntopInternalBugException: Was expecting a unique and known DB term type to be extracted for the SQL variable id1m1
	at it.unibz.inf.ontop.answering.reformulation.impl.QuestQueryProcessor.reformulateIntoNativeQuery(QuestQueryProcessor.java:154)
	at it.unibz.inf.ontop.answering.connection.impl.QuestStatement.executeBooleanQuery(QuestStatement.java:148)
	at it.unibz.inf.ontop.answering.connection.impl.QuestStatement.lambda$execute$3(QuestStatement.java:227)
	at it.unibz.inf.ontop.answering.connection.impl.QuestStatement$QueryExecutionThread.run(QuestStatement.java:108)
Caused by: it.unibz.inf.ontop.exception.MinorOntopInternalBugException: Was expecting a unique and known DB term type to be extracted for the SQL variable id1m1
	at it.unibz.inf.ontop.generation.DefaultSQLIQTree2NativeNodeGenerator.lambda$extractUniqueKnownType$6(DefaultSQLIQTree2NativeNodeGenerator.java:84)
	at java.base/java.util.Optional.orElseThrow(Optional.java:403)
	at it.unibz.inf.ontop.generation.DefaultSQLIQTree2NativeNodeGenerator.extractUniqueKnownType(DefaultSQLIQTree2NativeNodeGenerator.java:84)
	at it.unibz.inf.ontop.generation.DefaultSQLIQTree2NativeNodeGenerator.lambda$extractVariableTypeMap$2(DefaultSQLIQTree2NativeNodeGenerator.java:76)
	at it.unibz.inf.ontop.utils.ImmutableCollectors.lambda$toMap$0(ImmutableCollectors.java:110)
	at java.base/java.util.stream.ReduceOps$3ReducingSink.accept(ReduceOps.java:169)
	at java.base/java.util.Spliterators$ArraySpliterator.forEachRemaining(Spliterators.java:992)
	at java.base/java.util.stream.AbstractPipeline.copyInto(AbstractPipeline.java:509)
	at java.base/java.util.stream.AbstractPipeline.wrapAndCopyInto(AbstractPipeline.java:499)
	at java.base/java.util.stream.ReduceOps$ReduceOp.evaluateSequential(ReduceOps.java:921)
	at java.base/java.util.stream.AbstractPipeline.evaluate(AbstractPipeline.java:234)
	at java.base/java.util.stream.ReferencePipeline.collect(ReferencePipeline.java:682)
	at it.unibz.inf.ontop.generation.DefaultSQLIQTree2NativeNodeGenerator.extractVariableTypeMap(DefaultSQLIQTree2NativeNodeGenerator.java:74)
	at it.unibz.inf.ontop.generation.DefaultSQLIQTree2NativeNodeGenerator.generate(DefaultSQLIQTree2NativeNodeGenerator.java:61)
	at it.unibz.inf.ontop.answering.reformulation.generation.impl.SQLGeneratorImpl.generateSourceQuery(SQLGeneratorImpl.java:156)
	at it.unibz.inf.ontop.answering.reformulation.generation.impl.SQLGeneratorImpl.generateSourceQuery(SQLGeneratorImpl.java:131)
	at it.unibz.inf.ontop.answering.reformulation.generation.impl.SQLGeneratorImpl.generateSourceQuery(SQLGeneratorImpl.java:111)
	at it.unibz.inf.ontop.answering.reformulation.impl.QuestQueryProcessor.generateExecutableQuery(QuestQueryProcessor.java:163)
	at it.unibz.inf.ontop.answering.reformulation.impl.QuestQueryProcessor.reformulateIntoNativeQuery(QuestQueryProcessor.java:123)
	... 3 common frames omitted
org.eclipse.rdf4j.query.QueryEvaluationException: it.unibz.inf.ontop.exception.OntopReformulationException: it.unibz.inf.ontop.exception.MinorOntopInternalBugException: Was expecting a unique and known DB term type to be extracted for the SQL variable id1m1
	at it.unibz.inf.ontop.rdf4j.query.impl.OntopBooleanQuery.evaluate(OntopBooleanQuery.java:40)
	at it.unibz.inf.ontop.endpoint.processor.SparqlQueryExecutor.executeQuery(SparqlQueryExecutor.java:77)
	at it.unibz.inf.ontop.endpoint.controllers.SparqlQueryController.query_get(SparqlQueryController.java:42)
	at jdk.internal.reflect.GeneratedMethodAccessor7.invoke(Unknown Source)
	at java.base/jdk.internal.reflect.DelegatingMethodAccessorImpl.invoke(DelegatingMethodAccessorImpl.java:43)
	at java.base/java.lang.reflect.Method.invoke(Method.java:569)
	at org.springframework.web.method.support.InvocableHandlerMethod.doInvoke(InvocableHandlerMethod.java:205)
	at org.springframework.web.method.support.InvocableHandlerMethod.invokeForRequest(InvocableHandlerMethod.java:150)
	at org.springframework.web.servlet.mvc.method.annotation.ServletInvocableHandlerMethod.invokeAndHandle(ServletInvocableHandlerMethod.java:117)
	at org.springframework.web.servlet.mvc.method.annotation.RequestMappingHandlerAdapter.invokeHandlerMethod(RequestMappingHandlerAdapter.java:895)
	at org.springframework.web.servlet.mvc.method.annotation.RequestMappingHandlerAdapter.handleInternal(RequestMappingHandlerAdapter.java:808)
	at org.springframework.web.servlet.mvc.method.AbstractHandlerMethodAdapter.handle(AbstractHandlerMethodAdapter.java:87)
	at org.springframework.web.servlet.DispatcherServlet.doDispatch(DispatcherServlet.java:1072)
	at org.springframework.web.servlet.DispatcherServlet.doService(DispatcherServlet.java:965)
	at org.springframework.web.servlet.FrameworkServlet.processRequest(FrameworkServlet.java:1006)
	at org.springframework.web.servlet.FrameworkServlet.doGet(FrameworkServlet.java:898)
	at javax.servlet.http.HttpServlet.service(HttpServlet.java:529)
	at org.springframework.web.servlet.FrameworkServlet.service(FrameworkServlet.java:883)
	at javax.servlet.http.HttpServlet.service(HttpServlet.java:623)
	at org.apache.catalina.core.ApplicationFilterChain.internalDoFilter(ApplicationFilterChain.java:197)
	at org.apache.catalina.core.ApplicationFilterChain.doFilter(ApplicationFilterChain.java:142)
	at org.apache.tomcat.websocket.server.WsFilter.doFilter(WsFilter.java:51)
	at org.apache.catalina.core.ApplicationFilterChain.internalDoFilter(ApplicationFilterChain.java:166)
	at org.apache.catalina.core.ApplicationFilterChain.doFilter(ApplicationFilterChain.java:142)
	at org.springframework.web.filter.RequestContextFilter.doFilterInternal(RequestContextFilter.java:100)
	at org.springframework.web.filter.OncePerRequestFilter.doFilter(OncePerRequestFilter.java:117)
	at org.apache.catalina.core.ApplicationFilterChain.internalDoFilter(ApplicationFilterChain.java:166)
	at org.apache.catalina.core.ApplicationFilterChain.doFilter(ApplicationFilterChain.java:142)
	at org.springframework.web.filter.FormContentFilter.doFilterInternal(FormContentFilter.java:93)
	at org.springframework.web.filter.OncePerRequestFilter.doFilter(OncePerRequestFilter.java:117)
	at org.apache.catalina.core.ApplicationFilterChain.internalDoFilter(ApplicationFilterChain.java:166)
	at org.apache.catalina.core.ApplicationFilterChain.doFilter(ApplicationFilterChain.java:142)
	at org.springframework.boot.actuate.metrics.web.servlet.WebMvcMetricsFilter.doFilterInternal(WebMvcMetricsFilter.java:96)
	at org.springframework.web.filter.OncePerRequestFilter.doFilter(OncePerRequestFilter.java:117)
	at org.apache.catalina.core.ApplicationFilterChain.internalDoFilter(ApplicationFilterChain.java:166)
	at org.apache.catalina.core.ApplicationFilterChain.doFilter(ApplicationFilterChain.java:142)
	at org.springframework.web.filter.CharacterEncodingFilter.doFilterInternal(CharacterEncodingFilter.java:201)
	at org.springframework.web.filter.OncePerRequestFilter.doFilter(OncePerRequestFilter.java:117)
	at org.apache.catalina.core.ApplicationFilterChain.internalDoFilter(ApplicationFilterChain.java:166)
	at org.apache.catalina.core.ApplicationFilterChain.doFilter(ApplicationFilterChain.java:142)
	at org.apache.catalina.core.StandardWrapperValve.invoke(StandardWrapperValve.java:166)
	at org.apache.catalina.core.StandardContextValve.invoke(StandardContextValve.java:88)
	at org.apache.catalina.authenticator.AuthenticatorBase.invoke(AuthenticatorBase.java:491)
	at org.apache.catalina.core.StandardHostValve.invoke(StandardHostValve.java:127)
	at org.apache.catalina.valves.ErrorReportValve.invoke(ErrorReportValve.java:83)
	at org.apache.catalina.core.StandardEngineValve.invoke(StandardEngineValve.java:72)
	at org.apache.catalina.connector.CoyoteAdapter.service(CoyoteAdapter.java:344)
	at org.apache.coyote.http11.Http11Processor.service(Http11Processor.java:398)
	at org.apache.coyote.AbstractProcessorLight.process(AbstractProcessorLight.java:63)
	at org.apache.coyote.AbstractProtocol$ConnectionHandler.process(AbstractProtocol.java:939)
	at org.apache.tomcat.util.net.NioEndpoint$SocketProcessor.doRun(NioEndpoint.java:1854)
	at org.apache.tomcat.util.net.SocketProcessorBase.run(SocketProcessorBase.java:52)
	at org.apache.tomcat.util.threads.ThreadPoolExecutor.runWorker(ThreadPoolExecutor.java:973)
	at org.apache.tomcat.util.threads.ThreadPoolExecutor$Worker.run(ThreadPoolExecutor.java:491)
	at org.apache.tomcat.util.threads.TaskThread$WrappingRunnable.run(TaskThread.java:63)
	at java.base/java.lang.Thread.run(Thread.java:840)
Caused by: it.unibz.inf.ontop.exception.OntopReformulationException: it.unibz.inf.ontop.exception.MinorOntopInternalBugException: Was expecting a unique and known DB term type to be extracted for the SQL variable id1m1
	at it.unibz.inf.ontop.answering.reformulation.impl.QuestQueryProcessor.reformulateIntoNativeQuery(QuestQueryProcessor.java:154)
	at it.unibz.inf.ontop.answering.connection.impl.QuestStatement.executeBooleanQuery(QuestStatement.java:148)
	at it.unibz.inf.ontop.answering.connection.impl.QuestStatement.lambda$execute$3(QuestStatement.java:227)
	at it.unibz.inf.ontop.answering.connection.impl.QuestStatement$QueryExecutionThread.run(QuestStatement.java:108)
Caused by: it.unibz.inf.ontop.exception.MinorOntopInternalBugException: Was expecting a unique and known DB term type to be extracted for the SQL variable id1m1
	at it.unibz.inf.ontop.generation.DefaultSQLIQTree2NativeNodeGenerator.lambda$extractUniqueKnownType$6(DefaultSQLIQTree2NativeNodeGenerator.java:84)
	at java.base/java.util.Optional.orElseThrow(Optional.java:403)
	at it.unibz.inf.ontop.generation.DefaultSQLIQTree2NativeNodeGenerator.extractUniqueKnownType(DefaultSQLIQTree2NativeNodeGenerator.java:84)
	at it.unibz.inf.ontop.generation.DefaultSQLIQTree2NativeNodeGenerator.lambda$extractVariableTypeMap$2(DefaultSQLIQTree2NativeNodeGenerator.java:76)
	at it.unibz.inf.ontop.utils.ImmutableCollectors.lambda$toMap$0(ImmutableCollectors.java:110)
	at java.base/java.util.stream.ReduceOps$3ReducingSink.accept(ReduceOps.java:169)
	at java.base/java.util.Spliterators$ArraySpliterator.forEachRemaining(Spliterators.java:992)
	at java.base/java.util.stream.AbstractPipeline.copyInto(AbstractPipeline.java:509)
	at java.base/java.util.stream.AbstractPipeline.wrapAndCopyInto(AbstractPipeline.java:499)
	at java.base/java.util.stream.ReduceOps$ReduceOp.evaluateSequential(ReduceOps.java:921)
	at java.base/java.util.stream.AbstractPipeline.evaluate(AbstractPipeline.java:234)
	at java.base/java.util.stream.ReferencePipeline.collect(ReferencePipeline.java:682)
	at it.unibz.inf.ontop.generation.DefaultSQLIQTree2NativeNodeGenerator.extractVariableTypeMap(DefaultSQLIQTree2NativeNodeGenerator.java:74)
	at it.unibz.inf.ontop.generation.DefaultSQLIQTree2NativeNodeGenerator.generate(DefaultSQLIQTree2NativeNodeGenerator.java:61)
	at it.unibz.inf.ontop.answering.reformulation.generation.impl.SQLGeneratorImpl.generateSourceQuery(SQLGeneratorImpl.java:156)
	at it.unibz.inf.ontop.answering.reformulation.generation.impl.SQLGeneratorImpl.generateSourceQuery(SQLGeneratorImpl.java:131)
	at it.unibz.inf.ontop.answering.reformulation.generation.impl.SQLGeneratorImpl.generateSourceQuery(SQLGeneratorImpl.java:111)
	at it.unibz.inf.ontop.answering.reformulation.impl.QuestQueryProcessor.generateExecutableQuery(QuestQueryProcessor.java:163)
	at it.unibz.inf.ontop.answering.reformulation.impl.QuestQueryProcessor.reformulateIntoNativeQuery(QuestQueryProcessor.java:123)
	... 3 more
12:11:31.607 |-WARN  in i.u.i.o.a.r.impl.QuestQueryProcessor - Unexpected exception: Was expecting a unique and known DB term type to be extracted for the SQL variable id1m1
it.unibz.inf.ontop.exception.MinorOntopInternalBugException: Was expecting a unique and known DB term type to be extracted for the SQL variable id1m1
	at it.unibz.inf.ontop.generation.DefaultSQLIQTree2NativeNodeGenerator.lambda$extractUniqueKnownType$6(DefaultSQLIQTree2NativeNodeGenerator.java:84)
	at java.base/java.util.Optional.orElseThrow(Optional.java:403)
	at it.unibz.inf.ontop.generation.DefaultSQLIQTree2NativeNodeGenerator.extractUniqueKnownType(DefaultSQLIQTree2NativeNodeGenerator.java:84)
	at it.unibz.inf.ontop.generation.DefaultSQLIQTree2NativeNodeGenerator.lambda$extractVariableTypeMap$2(DefaultSQLIQTree2NativeNodeGenerator.java:76)
	at it.unibz.inf.ontop.utils.ImmutableCollectors.lambda$toMap$0(ImmutableCollectors.java:110)
	at java.base/java.util.stream.ReduceOps$3ReducingSink.accept(ReduceOps.java:169)
	at java.base/java.util.Spliterators$ArraySpliterator.forEachRemaining(Spliterators.java:992)
	at java.base/java.util.stream.AbstractPipeline.copyInto(AbstractPipeline.java:509)
	at java.base/java.util.stream.AbstractPipeline.wrapAndCopyInto(AbstractPipeline.java:499)
	at java.base/java.util.stream.ReduceOps$ReduceOp.evaluateSequential(ReduceOps.java:921)
	at java.base/java.util.stream.AbstractPipeline.evaluate(AbstractPipeline.java:234)
	at java.base/java.util.stream.ReferencePipeline.collect(ReferencePipeline.java:682)
	at it.unibz.inf.ontop.generation.DefaultSQLIQTree2NativeNodeGenerator.extractVariableTypeMap(DefaultSQLIQTree2NativeNodeGenerator.java:74)
	at it.unibz.inf.ontop.generation.DefaultSQLIQTree2NativeNodeGenerator.generate(DefaultSQLIQTree2NativeNodeGenerator.java:61)
	at it.unibz.inf.ontop.answering.reformulation.generation.impl.SQLGeneratorImpl.generateSourceQuery(SQLGeneratorImpl.java:156)
	at it.unibz.inf.ontop.answering.reformulation.generation.impl.SQLGeneratorImpl.generateSourceQuery(SQLGeneratorImpl.java:131)
	at it.unibz.inf.ontop.answering.reformulation.generation.impl.SQLGeneratorImpl.generateSourceQuery(SQLGeneratorImpl.java:111)
	at it.unibz.inf.ontop.answering.reformulation.impl.QuestQueryProcessor.generateExecutableQuery(QuestQueryProcessor.java:163)
	at it.unibz.inf.ontop.answering.reformulation.impl.QuestQueryProcessor.reformulateIntoNativeQuery(QuestQueryProcessor.java:123)
	at it.unibz.inf.ontop.answering.connection.impl.QuestStatement.executeBooleanQuery(QuestStatement.java:148)
	at it.unibz.inf.ontop.answering.connection.impl.QuestStatement.lambda$execute$3(QuestStatement.java:227)
	at it.unibz.inf.ontop.answering.connection.impl.QuestStatement$QueryExecutionThread.run(QuestStatement.java:108)
12:11:31.607 |-ERROR in i.u.i.o.a.c.impl.QuestStatement - it.unibz.inf.ontop.exception.MinorOntopInternalBugException: Was expecting a unique and known DB term type to be extracted for the SQL variable id1m1
it.unibz.inf.ontop.exception.OntopReformulationException: it.unibz.inf.ontop.exception.MinorOntopInternalBugException: Was expecting a unique and known DB term type to be extracted for the SQL variable id1m1
	at it.unibz.inf.ontop.answering.reformulation.impl.QuestQueryProcessor.reformulateIntoNativeQuery(QuestQueryProcessor.java:154)
	at it.unibz.inf.ontop.answering.connection.impl.QuestStatement.executeBooleanQuery(QuestStatement.java:148)
	at it.unibz.inf.ontop.answering.connection.impl.QuestStatement.lambda$execute$3(QuestStatement.java:227)
	at it.unibz.inf.ontop.answering.connection.impl.QuestStatement$QueryExecutionThread.run(QuestStatement.java:108)
Caused by: it.unibz.inf.ontop.exception.MinorOntopInternalBugException: Was expecting a unique and known DB term type to be extracted for the SQL variable id1m1
	at it.unibz.inf.ontop.generation.DefaultSQLIQTree2NativeNodeGenerator.lambda$extractUniqueKnownType$6(DefaultSQLIQTree2NativeNodeGenerator.java:84)
	at java.base/java.util.Optional.orElseThrow(Optional.java:403)
	at it.unibz.inf.ontop.generation.DefaultSQLIQTree2NativeNodeGenerator.extractUniqueKnownType(DefaultSQLIQTree2NativeNodeGenerator.java:84)
	at it.unibz.inf.ontop.generation.DefaultSQLIQTree2NativeNodeGenerator.lambda$extractVariableTypeMap$2(DefaultSQLIQTree2NativeNodeGenerator.java:76)
	at it.unibz.inf.ontop.utils.ImmutableCollectors.lambda$toMap$0(ImmutableCollectors.java:110)
	at java.base/java.util.stream.ReduceOps$3ReducingSink.accept(ReduceOps.java:169)
	at java.base/java.util.Spliterators$ArraySpliterator.forEachRemaining(Spliterators.java:992)
	at java.base/java.util.stream.AbstractPipeline.copyInto(AbstractPipeline.java:509)
	at java.base/java.util.stream.AbstractPipeline.wrapAndCopyInto(AbstractPipeline.java:499)
	at java.base/java.util.stream.ReduceOps$ReduceOp.evaluateSequential(ReduceOps.java:921)
	at java.base/java.util.stream.AbstractPipeline.evaluate(AbstractPipeline.java:234)
	at java.base/java.util.stream.ReferencePipeline.collect(ReferencePipeline.java:682)
	at it.unibz.inf.ontop.generation.DefaultSQLIQTree2NativeNodeGenerator.extractVariableTypeMap(DefaultSQLIQTree2NativeNodeGenerator.java:74)
	at it.unibz.inf.ontop.generation.DefaultSQLIQTree2NativeNodeGenerator.generate(DefaultSQLIQTree2NativeNodeGenerator.java:61)
	at it.unibz.inf.ontop.answering.reformulation.generation.impl.SQLGeneratorImpl.generateSourceQuery(SQLGeneratorImpl.java:156)
	at it.unibz.inf.ontop.answering.reformulation.generation.impl.SQLGeneratorImpl.generateSourceQuery(SQLGeneratorImpl.java:131)
	at it.unibz.inf.ontop.answering.reformulation.generation.impl.SQLGeneratorImpl.generateSourceQuery(SQLGeneratorImpl.java:111)
	at it.unibz.inf.ontop.answering.reformulation.impl.QuestQueryProcessor.generateExecutableQuery(QuestQueryProcessor.java:163)
	at it.unibz.inf.ontop.answering.reformulation.impl.QuestQueryProcessor.reformulateIntoNativeQuery(QuestQueryProcessor.java:123)
	... 3 common frames omitted
org.eclipse.rdf4j.query.QueryEvaluationException: it.unibz.inf.ontop.exception.OntopReformulationException: it.unibz.inf.ontop.exception.MinorOntopInternalBugException: Was expecting a unique and known DB term type to be extracted for the SQL variable id1m1
	at it.unibz.inf.ontop.rdf4j.query.impl.OntopBooleanQuery.evaluate(OntopBooleanQuery.java:40)
	at it.unibz.inf.ontop.endpoint.processor.SparqlQueryExecutor.executeQuery(SparqlQueryExecutor.java:77)
	at it.unibz.inf.ontop.endpoint.controllers.SparqlQueryController.query_get(SparqlQueryController.java:42)
	at jdk.internal.reflect.GeneratedMethodAccessor7.invoke(Unknown Source)
	at java.base/jdk.internal.reflect.DelegatingMethodAccessorImpl.invoke(DelegatingMethodAccessorImpl.java:43)
	at java.base/java.lang.reflect.Method.invoke(Method.java:569)
	at org.springframework.web.method.support.InvocableHandlerMethod.doInvoke(InvocableHandlerMethod.java:205)
	at org.springframework.web.method.support.InvocableHandlerMethod.invokeForRequest(InvocableHandlerMethod.java:150)
	at org.springframework.web.servlet.mvc.method.annotation.ServletInvocableHandlerMethod.invokeAndHandle(ServletInvocableHandlerMethod.java:117)
	at org.springframework.web.servlet.mvc.method.annotation.RequestMappingHandlerAdapter.invokeHandlerMethod(RequestMappingHandlerAdapter.java:895)
	at org.springframework.web.servlet.mvc.method.annotation.RequestMappingHandlerAdapter.handleInternal(RequestMappingHandlerAdapter.java:808)
	at org.springframework.web.servlet.mvc.method.AbstractHandlerMethodAdapter.handle(AbstractHandlerMethodAdapter.java:87)
	at org.springframework.web.servlet.DispatcherServlet.doDispatch(DispatcherServlet.java:1072)
	at org.springframework.web.servlet.DispatcherServlet.doService(DispatcherServlet.java:965)
	at org.springframework.web.servlet.FrameworkServlet.processRequest(FrameworkServlet.java:1006)
	at org.springframework.web.servlet.FrameworkServlet.doGet(FrameworkServlet.java:898)
	at javax.servlet.http.HttpServlet.service(HttpServlet.java:529)
	at org.springframework.web.servlet.FrameworkServlet.service(FrameworkServlet.java:883)
	at javax.servlet.http.HttpServlet.service(HttpServlet.java:623)
	at org.apache.catalina.core.ApplicationFilterChain.internalDoFilter(ApplicationFilterChain.java:197)
	at org.apache.catalina.core.ApplicationFilterChain.doFilter(ApplicationFilterChain.java:142)
	at org.apache.tomcat.websocket.server.WsFilter.doFilter(WsFilter.java:51)
	at org.apache.catalina.core.ApplicationFilterChain.internalDoFilter(ApplicationFilterChain.java:166)
	at org.apache.catalina.core.ApplicationFilterChain.doFilter(ApplicationFilterChain.java:142)
	at org.springframework.web.filter.RequestContextFilter.doFilterInternal(RequestContextFilter.java:100)
	at org.springframework.web.filter.OncePerRequestFilter.doFilter(OncePerRequestFilter.java:117)
	at org.apache.catalina.core.ApplicationFilterChain.internalDoFilter(ApplicationFilterChain.java:166)
	at org.apache.catalina.core.ApplicationFilterChain.doFilter(ApplicationFilterChain.java:142)
	at org.springframework.web.filter.FormContentFilter.doFilterInternal(FormContentFilter.java:93)
	at org.springframework.web.filter.OncePerRequestFilter.doFilter(OncePerRequestFilter.java:117)
	at org.apache.catalina.core.ApplicationFilterChain.internalDoFilter(ApplicationFilterChain.java:166)
	at org.apache.catalina.core.ApplicationFilterChain.doFilter(ApplicationFilterChain.java:142)
	at org.springframework.boot.actuate.metrics.web.servlet.WebMvcMetricsFilter.doFilterInternal(WebMvcMetricsFilter.java:96)
	at org.springframework.web.filter.OncePerRequestFilter.doFilter(OncePerRequestFilter.java:117)
	at org.apache.catalina.core.ApplicationFilterChain.internalDoFilter(ApplicationFilterChain.java:166)
	at org.apache.catalina.core.ApplicationFilterChain.doFilter(ApplicationFilterChain.java:142)
	at org.springframework.web.filter.CharacterEncodingFilter.doFilterInternal(CharacterEncodingFilter.java:201)
	at org.springframework.web.filter.OncePerRequestFilter.doFilter(OncePerRequestFilter.java:117)
	at org.apache.catalina.core.ApplicationFilterChain.internalDoFilter(ApplicationFilterChain.java:166)
	at org.apache.catalina.core.ApplicationFilterChain.doFilter(ApplicationFilterChain.java:142)
	at org.apache.catalina.core.StandardWrapperValve.invoke(StandardWrapperValve.java:166)
	at org.apache.catalina.core.StandardContextValve.invoke(StandardContextValve.java:88)
	at org.apache.catalina.authenticator.AuthenticatorBase.invoke(AuthenticatorBase.java:491)
	at org.apache.catalina.core.StandardHostValve.invoke(StandardHostValve.java:127)
	at org.apache.catalina.valves.ErrorReportValve.invoke(ErrorReportValve.java:83)
	at org.apache.catalina.core.StandardEngineValve.invoke(StandardEngineValve.java:72)
	at org.apache.catalina.connector.CoyoteAdapter.service(CoyoteAdapter.java:344)
	at org.apache.coyote.http11.Http11Processor.service(Http11Processor.java:398)
	at org.apache.coyote.AbstractProcessorLight.process(AbstractProcessorLight.java:63)
	at org.apache.coyote.AbstractProtocol$ConnectionHandler.process(AbstractProtocol.java:939)
	at org.apache.tomcat.util.net.NioEndpoint$SocketProcessor.doRun(NioEndpoint.java:1854)
	at org.apache.tomcat.util.net.SocketProcessorBase.run(SocketProcessorBase.java:52)
	at org.apache.tomcat.util.threads.ThreadPoolExecutor.runWorker(ThreadPoolExecutor.java:973)
	at org.apache.tomcat.util.threads.ThreadPoolExecutor$Worker.run(ThreadPoolExecutor.java:491)
	at org.apache.tomcat.util.threads.TaskThread$WrappingRunnable.run(TaskThread.java:63)
	at java.base/java.lang.Thread.run(Thread.java:840)
Caused by: it.unibz.inf.ontop.exception.OntopReformulationException: it.unibz.inf.ontop.exception.MinorOntopInternalBugException: Was expecting a unique and known DB term type to be extracted for the SQL variable id1m1
	at it.unibz.inf.ontop.answering.reformulation.impl.QuestQueryProcessor.reformulateIntoNativeQuery(QuestQueryProcessor.java:154)
	at it.unibz.inf.ontop.answering.connection.impl.QuestStatement.executeBooleanQuery(QuestStatement.java:148)
	at it.unibz.inf.ontop.answering.connection.impl.QuestStatement.lambda$execute$3(QuestStatement.java:227)
	at it.unibz.inf.ontop.answering.connection.impl.QuestStatement$QueryExecutionThread.run(QuestStatement.java:108)
Caused by: it.unibz.inf.ontop.exception.MinorOntopInternalBugException: Was expecting a unique and known DB term type to be extracted for the SQL variable id1m1
	at it.unibz.inf.ontop.generation.DefaultSQLIQTree2NativeNodeGenerator.lambda$extractUniqueKnownType$6(DefaultSQLIQTree2NativeNodeGenerator.java:84)
	at java.base/java.util.Optional.orElseThrow(Optional.java:403)
	at it.unibz.inf.ontop.generation.DefaultSQLIQTree2NativeNodeGenerator.extractUniqueKnownType(DefaultSQLIQTree2NativeNodeGenerator.java:84)
	at it.unibz.inf.ontop.generation.DefaultSQLIQTree2NativeNodeGenerator.lambda$extractVariableTypeMap$2(DefaultSQLIQTree2NativeNodeGenerator.java:76)
	at it.unibz.inf.ontop.utils.ImmutableCollectors.lambda$toMap$0(ImmutableCollectors.java:110)
	at java.base/java.util.stream.ReduceOps$3ReducingSink.accept(ReduceOps.java:169)
	at java.base/java.util.Spliterators$ArraySpliterator.forEachRemaining(Spliterators.java:992)
	at java.base/java.util.stream.AbstractPipeline.copyInto(AbstractPipeline.java:509)
	at java.base/java.util.stream.AbstractPipeline.wrapAndCopyInto(AbstractPipeline.java:499)
	at java.base/java.util.stream.ReduceOps$ReduceOp.evaluateSequential(ReduceOps.java:921)
	at java.base/java.util.stream.AbstractPipeline.evaluate(AbstractPipeline.java:234)
	at java.base/java.util.stream.ReferencePipeline.collect(ReferencePipeline.java:682)
	at it.unibz.inf.ontop.generation.DefaultSQLIQTree2NativeNodeGenerator.extractVariableTypeMap(DefaultSQLIQTree2NativeNodeGenerator.java:74)
	at it.unibz.inf.ontop.generation.DefaultSQLIQTree2NativeNodeGenerator.generate(DefaultSQLIQTree2NativeNodeGenerator.java:61)
	at it.unibz.inf.ontop.answering.reformulation.generation.impl.SQLGeneratorImpl.generateSourceQuery(SQLGeneratorImpl.java:156)
	at it.unibz.inf.ontop.answering.reformulation.generation.impl.SQLGeneratorImpl.generateSourceQuery(SQLGeneratorImpl.java:131)
	at it.unibz.inf.ontop.answering.reformulation.generation.impl.SQLGeneratorImpl.generateSourceQuery(SQLGeneratorImpl.java:111)
	at it.unibz.inf.ontop.answering.reformulation.impl.QuestQueryProcessor.generateExecutableQuery(QuestQueryProcessor.java:163)
	at it.unibz.inf.ontop.answering.reformulation.impl.QuestQueryProcessor.reformulateIntoNativeQuery(QuestQueryProcessor.java:123)
	... 3 more
12:11:32.630 |-WARN  in i.u.i.o.a.r.impl.QuestQueryProcessor - Unexpected exception: Was expecting a unique and known DB term type to be extracted for the SQL variable id1m1
it.unibz.inf.ontop.exception.MinorOntopInternalBugException: Was expecting a unique and known DB term type to be extracted for the SQL variable id1m1
	at it.unibz.inf.ontop.generation.DefaultSQLIQTree2NativeNodeGenerator.lambda$extractUniqueKnownType$6(DefaultSQLIQTree2NativeNodeGenerator.java:84)
	at java.base/java.util.Optional.orElseThrow(Optional.java:403)
	at it.unibz.inf.ontop.generation.DefaultSQLIQTree2NativeNodeGenerator.extractUniqueKnownType(DefaultSQLIQTree2NativeNodeGenerator.java:84)
	at it.unibz.inf.ontop.generation.DefaultSQLIQTree2NativeNodeGenerator.lambda$extractVariableTypeMap$2(DefaultSQLIQTree2NativeNodeGenerator.java:76)
	at it.unibz.inf.ontop.utils.ImmutableCollectors.lambda$toMap$0(ImmutableCollectors.java:110)
	at java.base/java.util.stream.ReduceOps$3ReducingSink.accept(ReduceOps.java:169)
	at java.base/java.util.Spliterators$ArraySpliterator.forEachRemaining(Spliterators.java:992)
	at java.base/java.util.stream.AbstractPipeline.copyInto(AbstractPipeline.java:509)
	at java.base/java.util.stream.AbstractPipeline.wrapAndCopyInto(AbstractPipeline.java:499)
	at java.base/java.util.stream.ReduceOps$ReduceOp.evaluateSequential(ReduceOps.java:921)
	at java.base/java.util.stream.AbstractPipeline.evaluate(AbstractPipeline.java:234)
	at java.base/java.util.stream.ReferencePipeline.collect(ReferencePipeline.java:682)
	at it.unibz.inf.ontop.generation.DefaultSQLIQTree2NativeNodeGenerator.extractVariableTypeMap(DefaultSQLIQTree2NativeNodeGenerator.java:74)
	at it.unibz.inf.ontop.generation.DefaultSQLIQTree2NativeNodeGenerator.generate(DefaultSQLIQTree2NativeNodeGenerator.java:61)
	at it.unibz.inf.ontop.answering.reformulation.generation.impl.SQLGeneratorImpl.generateSourceQuery(SQLGeneratorImpl.java:156)
	at it.unibz.inf.ontop.answering.reformulation.generation.impl.SQLGeneratorImpl.generateSourceQuery(SQLGeneratorImpl.java:131)
	at it.unibz.inf.ontop.answering.reformulation.generation.impl.SQLGeneratorImpl.generateSourceQuery(SQLGeneratorImpl.java:111)
	at it.unibz.inf.ontop.answering.reformulation.impl.QuestQueryProcessor.generateExecutableQuery(QuestQueryProcessor.java:163)
	at it.unibz.inf.ontop.answering.reformulation.impl.QuestQueryProcessor.reformulateIntoNativeQuery(QuestQueryProcessor.java:123)
	at it.unibz.inf.ontop.answering.connection.impl.QuestStatement.executeBooleanQuery(QuestStatement.java:148)
	at it.unibz.inf.ontop.answering.connection.impl.QuestStatement.lambda$execute$3(QuestStatement.java:227)
	at it.unibz.inf.ontop.answering.connection.impl.QuestStatement$QueryExecutionThread.run(QuestStatement.java:108)
12:11:32.630 |-ERROR in i.u.i.o.a.c.impl.QuestStatement - it.unibz.inf.ontop.exception.MinorOntopInternalBugException: Was expecting a unique and known DB term type to be extracted for the SQL variable id1m1
it.unibz.inf.ontop.exception.OntopReformulationException: it.unibz.inf.ontop.exception.MinorOntopInternalBugException: Was expecting a unique and known DB term type to be extracted for the SQL variable id1m1
	at it.unibz.inf.ontop.answering.reformulation.impl.QuestQueryProcessor.reformulateIntoNativeQuery(QuestQueryProcessor.java:154)
	at it.unibz.inf.ontop.answering.connection.impl.QuestStatement.executeBooleanQuery(QuestStatement.java:148)
	at it.unibz.inf.ontop.answering.connection.impl.QuestStatement.lambda$execute$3(QuestStatement.java:227)
	at it.unibz.inf.ontop.answering.connection.impl.QuestStatement$QueryExecutionThread.run(QuestStatement.java:108)
Caused by: it.unibz.inf.ontop.exception.MinorOntopInternalBugException: Was expecting a unique and known DB term type to be extracted for the SQL variable id1m1
	at it.unibz.inf.ontop.generation.DefaultSQLIQTree2NativeNodeGenerator.lambda$extractUniqueKnownType$6(DefaultSQLIQTree2NativeNodeGenerator.java:84)
	at java.base/java.util.Optional.orElseThrow(Optional.java:403)
	at it.unibz.inf.ontop.generation.DefaultSQLIQTree2NativeNodeGenerator.extractUniqueKnownType(DefaultSQLIQTree2NativeNodeGenerator.java:84)
	at it.unibz.inf.ontop.generation.DefaultSQLIQTree2NativeNodeGenerator.lambda$extractVariableTypeMap$2(DefaultSQLIQTree2NativeNodeGenerator.java:76)
	at it.unibz.inf.ontop.utils.ImmutableCollectors.lambda$toMap$0(ImmutableCollectors.java:110)
	at java.base/java.util.stream.ReduceOps$3ReducingSink.accept(ReduceOps.java:169)
	at java.base/java.util.Spliterators$ArraySpliterator.forEachRemaining(Spliterators.java:992)
	at java.base/java.util.stream.AbstractPipeline.copyInto(AbstractPipeline.java:509)
	at java.base/java.util.stream.AbstractPipeline.wrapAndCopyInto(AbstractPipeline.java:499)
	at java.base/java.util.stream.ReduceOps$ReduceOp.evaluateSequential(ReduceOps.java:921)
	at java.base/java.util.stream.AbstractPipeline.evaluate(AbstractPipeline.java:234)
	at java.base/java.util.stream.ReferencePipeline.collect(ReferencePipeline.java:682)
	at it.unibz.inf.ontop.generation.DefaultSQLIQTree2NativeNodeGenerator.extractVariableTypeMap(DefaultSQLIQTree2NativeNodeGenerator.java:74)
	at it.unibz.inf.ontop.generation.DefaultSQLIQTree2NativeNodeGenerator.generate(DefaultSQLIQTree2NativeNodeGenerator.java:61)
	at it.unibz.inf.ontop.answering.reformulation.generation.impl.SQLGeneratorImpl.generateSourceQuery(SQLGeneratorImpl.java:156)
	at it.unibz.inf.ontop.answering.reformulation.generation.impl.SQLGeneratorImpl.generateSourceQuery(SQLGeneratorImpl.java:131)
	at it.unibz.inf.ontop.answering.reformulation.generation.impl.SQLGeneratorImpl.generateSourceQuery(SQLGeneratorImpl.java:111)
	at it.unibz.inf.ontop.answering.reformulation.impl.QuestQueryProcessor.generateExecutableQuery(QuestQueryProcessor.java:163)
	at it.unibz.inf.ontop.answering.reformulation.impl.QuestQueryProcessor.reformulateIntoNativeQuery(QuestQueryProcessor.java:123)
	... 3 common frames omitted
org.eclipse.rdf4j.query.QueryEvaluationException: it.unibz.inf.ontop.exception.OntopReformulationException: it.unibz.inf.ontop.exception.MinorOntopInternalBugException: Was expecting a unique and known DB term type to be extracted for the SQL variable id1m1
	at it.unibz.inf.ontop.rdf4j.query.impl.OntopBooleanQuery.evaluate(OntopBooleanQuery.java:40)
	at it.unibz.inf.ontop.endpoint.processor.SparqlQueryExecutor.executeQuery(SparqlQueryExecutor.java:77)
	at it.unibz.inf.ontop.endpoint.controllers.SparqlQueryController.query_get(SparqlQueryController.java:42)
	at jdk.internal.reflect.GeneratedMethodAccessor7.invoke(Unknown Source)
	at java.base/jdk.internal.reflect.DelegatingMethodAccessorImpl.invoke(DelegatingMethodAccessorImpl.java:43)
	at java.base/java.lang.reflect.Method.invoke(Method.java:569)
	at org.springframework.web.method.support.InvocableHandlerMethod.doInvoke(InvocableHandlerMethod.java:205)
	at org.springframework.web.method.support.InvocableHandlerMethod.invokeForRequest(InvocableHandlerMethod.java:150)
	at org.springframework.web.servlet.mvc.method.annotation.ServletInvocableHandlerMethod.invokeAndHandle(ServletInvocableHandlerMethod.java:117)
	at org.springframework.web.servlet.mvc.method.annotation.RequestMappingHandlerAdapter.invokeHandlerMethod(RequestMappingHandlerAdapter.java:895)
	at org.springframework.web.servlet.mvc.method.annotation.RequestMappingHandlerAdapter.handleInternal(RequestMappingHandlerAdapter.java:808)
	at org.springframework.web.servlet.mvc.method.AbstractHandlerMethodAdapter.handle(AbstractHandlerMethodAdapter.java:87)
	at org.springframework.web.servlet.DispatcherServlet.doDispatch(DispatcherServlet.java:1072)
	at org.springframework.web.servlet.DispatcherServlet.doService(DispatcherServlet.java:965)
	at org.springframework.web.servlet.FrameworkServlet.processRequest(FrameworkServlet.java:1006)
	at org.springframework.web.servlet.FrameworkServlet.doGet(FrameworkServlet.java:898)
	at javax.servlet.http.HttpServlet.service(HttpServlet.java:529)
	at org.springframework.web.servlet.FrameworkServlet.service(FrameworkServlet.java:883)
	at javax.servlet.http.HttpServlet.service(HttpServlet.java:623)
	at org.apache.catalina.core.ApplicationFilterChain.internalDoFilter(ApplicationFilterChain.java:197)
	at org.apache.catalina.core.ApplicationFilterChain.doFilter(ApplicationFilterChain.java:142)
	at org.apache.tomcat.websocket.server.WsFilter.doFilter(WsFilter.java:51)
	at org.apache.catalina.core.ApplicationFilterChain.internalDoFilter(ApplicationFilterChain.java:166)
	at org.apache.catalina.core.ApplicationFilterChain.doFilter(ApplicationFilterChain.java:142)
	at org.springframework.web.filter.RequestContextFilter.doFilterInternal(RequestContextFilter.java:100)
	at org.springframework.web.filter.OncePerRequestFilter.doFilter(OncePerRequestFilter.java:117)
	at org.apache.catalina.core.ApplicationFilterChain.internalDoFilter(ApplicationFilterChain.java:166)
	at org.apache.catalina.core.ApplicationFilterChain.doFilter(ApplicationFilterChain.java:142)
	at org.springframework.web.filter.FormContentFilter.doFilterInternal(FormContentFilter.java:93)
	at org.springframework.web.filter.OncePerRequestFilter.doFilter(OncePerRequestFilter.java:117)
	at org.apache.catalina.core.ApplicationFilterChain.internalDoFilter(ApplicationFilterChain.java:166)
	at org.apache.catalina.core.ApplicationFilterChain.doFilter(ApplicationFilterChain.java:142)
	at org.springframework.boot.actuate.metrics.web.servlet.WebMvcMetricsFilter.doFilterInternal(WebMvcMetricsFilter.java:96)
	at org.springframework.web.filter.OncePerRequestFilter.doFilter(OncePerRequestFilter.java:117)
	at org.apache.catalina.core.ApplicationFilterChain.internalDoFilter(ApplicationFilterChain.java:166)
	at org.apache.catalina.core.ApplicationFilterChain.doFilter(ApplicationFilterChain.java:142)
	at org.springframework.web.filter.CharacterEncodingFilter.doFilterInternal(CharacterEncodingFilter.java:201)
	at org.springframework.web.filter.OncePerRequestFilter.doFilter(OncePerRequestFilter.java:117)
	at org.apache.catalina.core.ApplicationFilterChain.internalDoFilter(ApplicationFilterChain.java:166)
	at org.apache.catalina.core.ApplicationFilterChain.doFilter(ApplicationFilterChain.java:142)
	at org.apache.catalina.core.StandardWrapperValve.invoke(StandardWrapperValve.java:166)
	at org.apache.catalina.core.StandardContextValve.invoke(StandardContextValve.java:88)
	at org.apache.catalina.authenticator.AuthenticatorBase.invoke(AuthenticatorBase.java:491)
	at org.apache.catalina.core.StandardHostValve.invoke(StandardHostValve.java:127)
	at org.apache.catalina.valves.ErrorReportValve.invoke(ErrorReportValve.java:83)
	at org.apache.catalina.core.StandardEngineValve.invoke(StandardEngineValve.java:72)
	at org.apache.catalina.connector.CoyoteAdapter.service(CoyoteAdapter.java:344)
	at org.apache.coyote.http11.Http11Processor.service(Http11Processor.java:398)
	at org.apache.coyote.AbstractProcessorLight.process(AbstractProcessorLight.java:63)
	at org.apache.coyote.AbstractProtocol$ConnectionHandler.process(AbstractProtocol.java:939)
	at org.apache.tomcat.util.net.NioEndpoint$SocketProcessor.doRun(NioEndpoint.java:1854)
	at org.apache.tomcat.util.net.SocketProcessorBase.run(SocketProcessorBase.java:52)
	at org.apache.tomcat.util.threads.ThreadPoolExecutor.runWorker(ThreadPoolExecutor.java:973)
	at org.apache.tomcat.util.threads.ThreadPoolExecutor$Worker.run(ThreadPoolExecutor.java:491)
	at org.apache.tomcat.util.threads.TaskThread$WrappingRunnable.run(TaskThread.java:63)
	at java.base/java.lang.Thread.run(Thread.java:840)
Caused by: it.unibz.inf.ontop.exception.OntopReformulationException: it.unibz.inf.ontop.exception.MinorOntopInternalBugException: Was expecting a unique and known DB term type to be extracted for the SQL variable id1m1
	at it.unibz.inf.ontop.answering.reformulation.impl.QuestQueryProcessor.reformulateIntoNativeQuery(QuestQueryProcessor.java:154)
	at it.unibz.inf.ontop.answering.connection.impl.QuestStatement.executeBooleanQuery(QuestStatement.java:148)
	at it.unibz.inf.ontop.answering.connection.impl.QuestStatement.lambda$execute$3(QuestStatement.java:227)
	at it.unibz.inf.ontop.answering.connection.impl.QuestStatement$QueryExecutionThread.run(QuestStatement.java:108)
Caused by: it.unibz.inf.ontop.exception.MinorOntopInternalBugException: Was expecting a unique and known DB term type to be extracted for the SQL variable id1m1
	at it.unibz.inf.ontop.generation.DefaultSQLIQTree2NativeNodeGenerator.lambda$extractUniqueKnownType$6(DefaultSQLIQTree2NativeNodeGenerator.java:84)
	at java.base/java.util.Optional.orElseThrow(Optional.java:403)
	at it.unibz.inf.ontop.generation.DefaultSQLIQTree2NativeNodeGenerator.extractUniqueKnownType(DefaultSQLIQTree2NativeNodeGenerator.java:84)
	at it.unibz.inf.ontop.generation.DefaultSQLIQTree2NativeNodeGenerator.lambda$extractVariableTypeMap$2(DefaultSQLIQTree2NativeNodeGenerator.java:76)
	at it.unibz.inf.ontop.utils.ImmutableCollectors.lambda$toMap$0(ImmutableCollectors.java:110)
	at java.base/java.util.stream.ReduceOps$3ReducingSink.accept(ReduceOps.java:169)
	at java.base/java.util.Spliterators$ArraySpliterator.forEachRemaining(Spliterators.java:992)
	at java.base/java.util.stream.AbstractPipeline.copyInto(AbstractPipeline.java:509)
	at java.base/java.util.stream.AbstractPipeline.wrapAndCopyInto(AbstractPipeline.java:499)
	at java.base/java.util.stream.ReduceOps$ReduceOp.evaluateSequential(ReduceOps.java:921)
	at java.base/java.util.stream.AbstractPipeline.evaluate(AbstractPipeline.java:234)
	at java.base/java.util.stream.ReferencePipeline.collect(ReferencePipeline.java:682)
	at it.unibz.inf.ontop.generation.DefaultSQLIQTree2NativeNodeGenerator.extractVariableTypeMap(DefaultSQLIQTree2NativeNodeGenerator.java:74)
	at it.unibz.inf.ontop.generation.DefaultSQLIQTree2NativeNodeGenerator.generate(DefaultSQLIQTree2NativeNodeGenerator.java:61)
	at it.unibz.inf.ontop.answering.reformulation.generation.impl.SQLGeneratorImpl.generateSourceQuery(SQLGeneratorImpl.java:156)
	at it.unibz.inf.ontop.answering.reformulation.generation.impl.SQLGeneratorImpl.generateSourceQuery(SQLGeneratorImpl.java:131)
	at it.unibz.inf.ontop.answering.reformulation.generation.impl.SQLGeneratorImpl.generateSourceQuery(SQLGeneratorImpl.java:111)
	at it.unibz.inf.ontop.answering.reformulation.impl.QuestQueryProcessor.generateExecutableQuery(QuestQueryProcessor.java:163)
	at it.unibz.inf.ontop.answering.reformulation.impl.QuestQueryProcessor.reformulateIntoNativeQuery(QuestQueryProcessor.java:123)
	... 3 more
12:11:33.668 |-WARN  in i.u.i.o.a.r.impl.QuestQueryProcessor - Unexpected exception: Was expecting a unique and known DB term type to be extracted for the SQL variable id1m1
it.unibz.inf.ontop.exception.MinorOntopInternalBugException: Was expecting a unique and known DB term type to be extracted for the SQL variable id1m1
	at it.unibz.inf.ontop.generation.DefaultSQLIQTree2NativeNodeGenerator.lambda$extractUniqueKnownType$6(DefaultSQLIQTree2NativeNodeGenerator.java:84)
	at java.base/java.util.Optional.orElseThrow(Optional.java:403)
	at it.unibz.inf.ontop.generation.DefaultSQLIQTree2NativeNodeGenerator.extractUniqueKnownType(DefaultSQLIQTree2NativeNodeGenerator.java:84)
	at it.unibz.inf.ontop.generation.DefaultSQLIQTree2NativeNodeGenerator.lambda$extractVariableTypeMap$2(DefaultSQLIQTree2NativeNodeGenerator.java:76)
	at it.unibz.inf.ontop.utils.ImmutableCollectors.lambda$toMap$0(ImmutableCollectors.java:110)
	at java.base/java.util.stream.ReduceOps$3ReducingSink.accept(ReduceOps.java:169)
	at java.base/java.util.Spliterators$ArraySpliterator.forEachRemaining(Spliterators.java:992)
	at java.base/java.util.stream.AbstractPipeline.copyInto(AbstractPipeline.java:509)
	at java.base/java.util.stream.AbstractPipeline.wrapAndCopyInto(AbstractPipeline.java:499)
	at java.base/java.util.stream.ReduceOps$ReduceOp.evaluateSequential(ReduceOps.java:921)
	at java.base/java.util.stream.AbstractPipeline.evaluate(AbstractPipeline.java:234)
	at java.base/java.util.stream.ReferencePipeline.collect(ReferencePipeline.java:682)
	at it.unibz.inf.ontop.generation.DefaultSQLIQTree2NativeNodeGenerator.extractVariableTypeMap(DefaultSQLIQTree2NativeNodeGenerator.java:74)
	at it.unibz.inf.ontop.generation.DefaultSQLIQTree2NativeNodeGenerator.generate(DefaultSQLIQTree2NativeNodeGenerator.java:61)
	at it.unibz.inf.ontop.answering.reformulation.generation.impl.SQLGeneratorImpl.generateSourceQuery(SQLGeneratorImpl.java:156)
	at it.unibz.inf.ontop.answering.reformulation.generation.impl.SQLGeneratorImpl.generateSourceQuery(SQLGeneratorImpl.java:131)
	at it.unibz.inf.ontop.answering.reformulation.generation.impl.SQLGeneratorImpl.generateSourceQuery(SQLGeneratorImpl.java:111)
	at it.unibz.inf.ontop.answering.reformulation.impl.QuestQueryProcessor.generateExecutableQuery(QuestQueryProcessor.java:163)
	at it.unibz.inf.ontop.answering.reformulation.impl.QuestQueryProcessor.reformulateIntoNativeQuery(QuestQueryProcessor.java:123)
	at it.unibz.inf.ontop.answering.connection.impl.QuestStatement.executeBooleanQuery(QuestStatement.java:148)
	at it.unibz.inf.ontop.answering.connection.impl.QuestStatement.lambda$execute$3(QuestStatement.java:227)
	at it.unibz.inf.ontop.answering.connection.impl.QuestStatement$QueryExecutionThread.run(QuestStatement.java:108)
12:11:33.668 |-ERROR in i.u.i.o.a.c.impl.QuestStatement - it.unibz.inf.ontop.exception.MinorOntopInternalBugException: Was expecting a unique and known DB term type to be extracted for the SQL variable id1m1
it.unibz.inf.ontop.exception.OntopReformulationException: it.unibz.inf.ontop.exception.MinorOntopInternalBugException: Was expecting a unique and known DB term type to be extracted for the SQL variable id1m1
	at it.unibz.inf.ontop.answering.reformulation.impl.QuestQueryProcessor.reformulateIntoNativeQuery(QuestQueryProcessor.java:154)
	at it.unibz.inf.ontop.answering.connection.impl.QuestStatement.executeBooleanQuery(QuestStatement.java:148)
	at it.unibz.inf.ontop.answering.connection.impl.QuestStatement.lambda$execute$3(QuestStatement.java:227)
	at it.unibz.inf.ontop.answering.connection.impl.QuestStatement$QueryExecutionThread.run(QuestStatement.java:108)
Caused by: it.unibz.inf.ontop.exception.MinorOntopInternalBugException: Was expecting a unique and known DB term type to be extracted for the SQL variable id1m1
	at it.unibz.inf.ontop.generation.DefaultSQLIQTree2NativeNodeGenerator.lambda$extractUniqueKnownType$6(DefaultSQLIQTree2NativeNodeGenerator.java:84)
	at java.base/java.util.Optional.orElseThrow(Optional.java:403)
	at it.unibz.inf.ontop.generation.DefaultSQLIQTree2NativeNodeGenerator.extractUniqueKnownType(DefaultSQLIQTree2NativeNodeGenerator.java:84)
	at it.unibz.inf.ontop.generation.DefaultSQLIQTree2NativeNodeGenerator.lambda$extractVariableTypeMap$2(DefaultSQLIQTree2NativeNodeGenerator.java:76)
	at it.unibz.inf.ontop.utils.ImmutableCollectors.lambda$toMap$0(ImmutableCollectors.java:110)
	at java.base/java.util.stream.ReduceOps$3ReducingSink.accept(ReduceOps.java:169)
	at java.base/java.util.Spliterators$ArraySpliterator.forEachRemaining(Spliterators.java:992)
	at java.base/java.util.stream.AbstractPipeline.copyInto(AbstractPipeline.java:509)
	at java.base/java.util.stream.AbstractPipeline.wrapAndCopyInto(AbstractPipeline.java:499)
	at java.base/java.util.stream.ReduceOps$ReduceOp.evaluateSequential(ReduceOps.java:921)
	at java.base/java.util.stream.AbstractPipeline.evaluate(AbstractPipeline.java:234)
	at java.base/java.util.stream.ReferencePipeline.collect(ReferencePipeline.java:682)
	at it.unibz.inf.ontop.generation.DefaultSQLIQTree2NativeNodeGenerator.extractVariableTypeMap(DefaultSQLIQTree2NativeNodeGenerator.java:74)
	at it.unibz.inf.ontop.generation.DefaultSQLIQTree2NativeNodeGenerator.generate(DefaultSQLIQTree2NativeNodeGenerator.java:61)
	at it.unibz.inf.ontop.answering.reformulation.generation.impl.SQLGeneratorImpl.generateSourceQuery(SQLGeneratorImpl.java:156)
	at it.unibz.inf.ontop.answering.reformulation.generation.impl.SQLGeneratorImpl.generateSourceQuery(SQLGeneratorImpl.java:131)
	at it.unibz.inf.ontop.answering.reformulation.generation.impl.SQLGeneratorImpl.generateSourceQuery(SQLGeneratorImpl.java:111)
	at it.unibz.inf.ontop.answering.reformulation.impl.QuestQueryProcessor.generateExecutableQuery(QuestQueryProcessor.java:163)
	at it.unibz.inf.ontop.answering.reformulation.impl.QuestQueryProcessor.reformulateIntoNativeQuery(QuestQueryProcessor.java:123)
	... 3 common frames omitted
org.eclipse.rdf4j.query.QueryEvaluationException: it.unibz.inf.ontop.exception.OntopReformulationException: it.unibz.inf.ontop.exception.MinorOntopInternalBugException: Was expecting a unique and known DB term type to be extracted for the SQL variable id1m1
	at it.unibz.inf.ontop.rdf4j.query.impl.OntopBooleanQuery.evaluate(OntopBooleanQuery.java:40)
	at it.unibz.inf.ontop.endpoint.processor.SparqlQueryExecutor.executeQuery(SparqlQueryExecutor.java:77)
	at it.unibz.inf.ontop.endpoint.controllers.SparqlQueryController.query_get(SparqlQueryController.java:42)
	at jdk.internal.reflect.GeneratedMethodAccessor7.invoke(Unknown Source)
	at java.base/jdk.internal.reflect.DelegatingMethodAccessorImpl.invoke(DelegatingMethodAccessorImpl.java:43)
	at java.base/java.lang.reflect.Method.invoke(Method.java:569)
	at org.springframework.web.method.support.InvocableHandlerMethod.doInvoke(InvocableHandlerMethod.java:205)
	at org.springframework.web.method.support.InvocableHandlerMethod.invokeForRequest(InvocableHandlerMethod.java:150)
	at org.springframework.web.servlet.mvc.method.annotation.ServletInvocableHandlerMethod.invokeAndHandle(ServletInvocableHandlerMethod.java:117)
	at org.springframework.web.servlet.mvc.method.annotation.RequestMappingHandlerAdapter.invokeHandlerMethod(RequestMappingHandlerAdapter.java:895)
	at org.springframework.web.servlet.mvc.method.annotation.RequestMappingHandlerAdapter.handleInternal(RequestMappingHandlerAdapter.java:808)
	at org.springframework.web.servlet.mvc.method.AbstractHandlerMethodAdapter.handle(AbstractHandlerMethodAdapter.java:87)
	at org.springframework.web.servlet.DispatcherServlet.doDispatch(DispatcherServlet.java:1072)
	at org.springframework.web.servlet.DispatcherServlet.doService(DispatcherServlet.java:965)
	at org.springframework.web.servlet.FrameworkServlet.processRequest(FrameworkServlet.java:1006)
	at org.springframework.web.servlet.FrameworkServlet.doGet(FrameworkServlet.java:898)
	at javax.servlet.http.HttpServlet.service(HttpServlet.java:529)
	at org.springframework.web.servlet.FrameworkServlet.service(FrameworkServlet.java:883)
	at javax.servlet.http.HttpServlet.service(HttpServlet.java:623)
	at org.apache.catalina.core.ApplicationFilterChain.internalDoFilter(ApplicationFilterChain.java:197)
	at org.apache.catalina.core.ApplicationFilterChain.doFilter(ApplicationFilterChain.java:142)
	at org.apache.tomcat.websocket.server.WsFilter.doFilter(WsFilter.java:51)
	at org.apache.catalina.core.ApplicationFilterChain.internalDoFilter(ApplicationFilterChain.java:166)
	at org.apache.catalina.core.ApplicationFilterChain.doFilter(ApplicationFilterChain.java:142)
	at org.springframework.web.filter.RequestContextFilter.doFilterInternal(RequestContextFilter.java:100)
	at org.springframework.web.filter.OncePerRequestFilter.doFilter(OncePerRequestFilter.java:117)
	at org.apache.catalina.core.ApplicationFilterChain.internalDoFilter(ApplicationFilterChain.java:166)
	at org.apache.catalina.core.ApplicationFilterChain.doFilter(ApplicationFilterChain.java:142)
	at org.springframework.web.filter.FormContentFilter.doFilterInternal(FormContentFilter.java:93)
	at org.springframework.web.filter.OncePerRequestFilter.doFilter(OncePerRequestFilter.java:117)
	at org.apache.catalina.core.ApplicationFilterChain.internalDoFilter(ApplicationFilterChain.java:166)
	at org.apache.catalina.core.ApplicationFilterChain.doFilter(ApplicationFilterChain.java:142)
	at org.springframework.boot.actuate.metrics.web.servlet.WebMvcMetricsFilter.doFilterInternal(WebMvcMetricsFilter.java:96)
	at org.springframework.web.filter.OncePerRequestFilter.doFilter(OncePerRequestFilter.java:117)
	at org.apache.catalina.core.ApplicationFilterChain.internalDoFilter(ApplicationFilterChain.java:166)
	at org.apache.catalina.core.ApplicationFilterChain.doFilter(ApplicationFilterChain.java:142)
	at org.springframework.web.filter.CharacterEncodingFilter.doFilterInternal(CharacterEncodingFilter.java:201)
	at org.springframework.web.filter.OncePerRequestFilter.doFilter(OncePerRequestFilter.java:117)
	at org.apache.catalina.core.ApplicationFilterChain.internalDoFilter(ApplicationFilterChain.java:166)
	at org.apache.catalina.core.ApplicationFilterChain.doFilter(ApplicationFilterChain.java:142)
	at org.apache.catalina.core.StandardWrapperValve.invoke(StandardWrapperValve.java:166)
	at org.apache.catalina.core.StandardContextValve.invoke(StandardContextValve.java:88)
	at org.apache.catalina.authenticator.AuthenticatorBase.invoke(AuthenticatorBase.java:491)
	at org.apache.catalina.core.StandardHostValve.invoke(StandardHostValve.java:127)
	at org.apache.catalina.valves.ErrorReportValve.invoke(ErrorReportValve.java:83)
	at org.apache.catalina.core.StandardEngineValve.invoke(StandardEngineValve.java:72)
	at org.apache.catalina.connector.CoyoteAdapter.service(CoyoteAdapter.java:344)
	at org.apache.coyote.http11.Http11Processor.service(Http11Processor.java:398)
	at org.apache.coyote.AbstractProcessorLight.process(AbstractProcessorLight.java:63)
	at org.apache.coyote.AbstractProtocol$ConnectionHandler.process(AbstractProtocol.java:939)
	at org.apache.tomcat.util.net.NioEndpoint$SocketProcessor.doRun(NioEndpoint.java:1854)
	at org.apache.tomcat.util.net.SocketProcessorBase.run(SocketProcessorBase.java:52)
	at org.apache.tomcat.util.threads.ThreadPoolExecutor.runWorker(ThreadPoolExecutor.java:973)
	at org.apache.tomcat.util.threads.ThreadPoolExecutor$Worker.run(ThreadPoolExecutor.java:491)
	at org.apache.tomcat.util.threads.TaskThread$WrappingRunnable.run(TaskThread.java:63)
	at java.base/java.lang.Thread.run(Thread.java:840)
Caused by: it.unibz.inf.ontop.exception.OntopReformulationException: it.unibz.inf.ontop.exception.MinorOntopInternalBugException: Was expecting a unique and known DB term type to be extracted for the SQL variable id1m1
	at it.unibz.inf.ontop.answering.reformulation.impl.QuestQueryProcessor.reformulateIntoNativeQuery(QuestQueryProcessor.java:154)
	at it.unibz.inf.ontop.answering.connection.impl.QuestStatement.executeBooleanQuery(QuestStatement.java:148)
	at it.unibz.inf.ontop.answering.connection.impl.QuestStatement.lambda$execute$3(QuestStatement.java:227)
	at it.unibz.inf.ontop.answering.connection.impl.QuestStatement$QueryExecutionThread.run(QuestStatement.java:108)
Caused by: it.unibz.inf.ontop.exception.MinorOntopInternalBugException: Was expecting a unique and known DB term type to be extracted for the SQL variable id1m1
	at it.unibz.inf.ontop.generation.DefaultSQLIQTree2NativeNodeGenerator.lambda$extractUniqueKnownType$6(DefaultSQLIQTree2NativeNodeGenerator.java:84)
	at java.base/java.util.Optional.orElseThrow(Optional.java:403)
	at it.unibz.inf.ontop.generation.DefaultSQLIQTree2NativeNodeGenerator.extractUniqueKnownType(DefaultSQLIQTree2NativeNodeGenerator.java:84)
	at it.unibz.inf.ontop.generation.DefaultSQLIQTree2NativeNodeGenerator.lambda$extractVariableTypeMap$2(DefaultSQLIQTree2NativeNodeGenerator.java:76)
	at it.unibz.inf.ontop.utils.ImmutableCollectors.lambda$toMap$0(ImmutableCollectors.java:110)
	at java.base/java.util.stream.ReduceOps$3ReducingSink.accept(ReduceOps.java:169)
	at java.base/java.util.Spliterators$ArraySpliterator.forEachRemaining(Spliterators.java:992)
	at java.base/java.util.stream.AbstractPipeline.copyInto(AbstractPipeline.java:509)
	at java.base/java.util.stream.AbstractPipeline.wrapAndCopyInto(AbstractPipeline.java:499)
	at java.base/java.util.stream.ReduceOps$ReduceOp.evaluateSequential(ReduceOps.java:921)
	at java.base/java.util.stream.AbstractPipeline.evaluate(AbstractPipeline.java:234)
	at java.base/java.util.stream.ReferencePipeline.collect(ReferencePipeline.java:682)
	at it.unibz.inf.ontop.generation.DefaultSQLIQTree2NativeNodeGenerator.extractVariableTypeMap(DefaultSQLIQTree2NativeNodeGenerator.java:74)
	at it.unibz.inf.ontop.generation.DefaultSQLIQTree2NativeNodeGenerator.generate(DefaultSQLIQTree2NativeNodeGenerator.java:61)
	at it.unibz.inf.ontop.answering.reformulation.generation.impl.SQLGeneratorImpl.generateSourceQuery(SQLGeneratorImpl.java:156)
	at it.unibz.inf.ontop.answering.reformulation.generation.impl.SQLGeneratorImpl.generateSourceQuery(SQLGeneratorImpl.java:131)
	at it.unibz.inf.ontop.answering.reformulation.generation.impl.SQLGeneratorImpl.generateSourceQuery(SQLGeneratorImpl.java:111)
	at it.unibz.inf.ontop.answering.reformulation.impl.QuestQueryProcessor.generateExecutableQuery(QuestQueryProcessor.java:163)
	at it.unibz.inf.ontop.answering.reformulation.impl.QuestQueryProcessor.reformulateIntoNativeQuery(QuestQueryProcessor.java:123)
	... 3 more
